[2026-02-26 17:01:32] ⚡ Performing Magic Startup...
[2026-02-26 17:21:57] ⚡ Performing Magic Startup...
[2026-02-26 17:30:14] ⚡ Performing Magic Startup...
[2026-02-26 17:31:49] 🚀 Launching: project:3002 @ 3002
[2026-02-26 17:31:56] 🚀 Launching: project:3002 @ 3002
[2026-02-26 17:32:03] 🚀 Launching: project:3002 @ 3002
[2026-02-26 17:32:15] 🚀 Launching: project:3002 @ 3002
[2026-02-26 17:32:36] 🚀 Launching: project:3002 @ 3002
[2026-02-26 17:33:33] 🚀 Launching: project:3002 @ 3002
[2026-02-26 17:34:08] 🚀 Launching: project:3002 @ 3002
[2026-02-26 17:37:37] [START] Performing Magic Startup...
[2026-02-26 17:37:37] Current Base Path: D:\tailscale magic\dist
[2026-02-26 17:37:37] Project Config: D:\tailscale magic\dist\projects.json
[2026-02-26 17:37:37] System PATH: C:\Users\b-qu\AppData\Local\Temp\_MEI292762\pywin32_system32;C:\Program Files\NVIDIA GPU Computing Toolkit\CUDA\v13.1\bin\x64;C:\Program Files\NVIDIA GPU Computing Toolkit\CUDA\v13.1\bin;C:\WINDOWS\system32\image2video\.venv\Scripts;C:\Program Files\Eclipse Adoptium\jdk-21.0.10.7-hotspot\bin;C:\Program Files\Eclipse Adoptium\jdk-8.0.472.8-hotspot\bin;C:\Program Files (x86)\Common Files\Oracle\Java\java8path;C:\Program Files (x86)\Common Files\Oracle\Java\javapath;C:\Program Files\NVIDIA GPU Computing Toolkit\CUDA\v13.0\bin\x64;C:\Program Files\NVIDIA GPU Computing Toolkit\CUDA\v13.0\bin;C:\WINDOWS\system32;C:\WINDOWS;C:\WINDOWS\System32\Wbem;C:\WINDOWS\System32\WindowsPowerShell\v1.0\;C:\WINDOWS\System32\OpenSSH\;C:\Program Files\NVIDIA Corporation\NVIDIA App\NvDLISR;C:\Program Files (x86)\NVIDIA Corporation\PhysX\Common;C:\Program Files\dotnet\;C:\Program Files\Git\cmd;C:\Program Files\PowerShell\7\;C:\Program Files\Tailscale\;C:\Users\b-qu\AppData\Local\Programs\Python\Python312\Scripts\;C:\Users\b-qu\AppData\Local\Programs\Python\Python312\;C:\Users\b-qu\scoop\apps\git\current\cmd;C:\Users\b-qu\scoop\shim;C:\WINDOWS\system32;C:\WINDOWS;C:\WINDOWS\System32\Wbem;C:\WINDOWS\System32\WindowsPowerShell\v1.0\;C:\WINDOWS\System32\OpenSSH\;C:\Program Files\nodejs\;C:\Program Files\NVIDIA Corporation\Nsight Compute 2025.4.1\;C:\Program Files\Go\bin;C:\Users\b-qu\AppData\Local\Programs\Python\Python312\Scripts\;C:\Users\b-qu\AppData\Local\Programs\Python\Python312\;C:\Users\b-qu\AppData\Local\Programs\Python\Launcher\;C:\Users\b-qu\scoop\apps\git\current\cmd;C:\Users\b-qu\scoop\shims;C:\Users\b-qu\.local\bin;C:\Users\b-qu\AppData\Local\Microsoft\WindowsApps;C:\Users\b-qu\.dotnet\tools;C:\Users\b-qu\AppData\Local\Programs\Antigravity\bin;C:\Users\b-qu\AppData\Local\Microsoft\WinGet\Links;C:\cloudflared;;C:\Users\b-qu\AppData\Local\Programs\Ollama;C:\Users\b-qu\AppData\Local\Programs\Microsoft VS Code\bin;C:\Users\b-qu\AppData\Roaming\npm;C:\Users\b-qu\go\bin
[2026-02-26 17:37:54] [START] Launching: project:3002 @ 3002
[2026-02-26 17:37:54] [OK] PID 18684 started for project:3002
[2026-02-26 17:39:09] [START] Launching: project:3003 @ 3003
[2026-02-26 17:39:09] [OK] PID 22492 started for project:3003
[2026-02-26 17:39:27] [START] Launching: project:3004 @ 3004
[2026-02-26 17:39:27] [OK] PID 23556 started for project:3004
[2026-02-26 17:40:07] [START] Launching: project:3005 @ 3005
[2026-02-26 17:40:07] [OK] PID 33484 started for project:3005
[2026-02-26 17:43:53] [START] Performing Magic Startup...
[2026-02-26 17:43:53] Current Base Path: D:\tailscale magic\dist
[2026-02-26 17:43:53] Project Config: D:\tailscale magic\dist\projects.json
[2026-02-26 17:43:53] System PATH: C:\Users\b-qu\AppData\Local\Temp\_MEI12122\pywin32_system32;C:\Program Files\NVIDIA GPU Computing Toolkit\CUDA\v13.1\bin\x64;C:\Program Files\NVIDIA GPU Computing Toolkit\CUDA\v13.1\bin;C:\WINDOWS\system32\image2video\.venv\Scripts;C:\Program Files\Eclipse Adoptium\jdk-21.0.10.7-hotspot\bin;C:\Program Files\Eclipse Adoptium\jdk-8.0.472.8-hotspot\bin;C:\Program Files (x86)\Common Files\Oracle\Java\java8path;C:\Program Files (x86)\Common Files\Oracle\Java\javapath;C:\Program Files\NVIDIA GPU Computing Toolkit\CUDA\v13.0\bin\x64;C:\Program Files\NVIDIA GPU Computing Toolkit\CUDA\v13.0\bin;C:\WINDOWS\system32;C:\WINDOWS;C:\WINDOWS\System32\Wbem;C:\WINDOWS\System32\WindowsPowerShell\v1.0\;C:\WINDOWS\System32\OpenSSH\;C:\Program Files\NVIDIA Corporation\NVIDIA App\NvDLISR;C:\Program Files (x86)\NVIDIA Corporation\PhysX\Common;C:\Program Files\dotnet\;C:\Program Files\Git\cmd;C:\Program Files\PowerShell\7\;C:\Program Files\Tailscale\;C:\Users\b-qu\AppData\Local\Programs\Python\Python312\Scripts\;C:\Users\b-qu\AppData\Local\Programs\Python\Python312\;C:\Users\b-qu\scoop\apps\git\current\cmd;C:\Users\b-qu\scoop\shim;C:\WINDOWS\system32;C:\WINDOWS;C:\WINDOWS\System32\Wbem;C:\WINDOWS\System32\WindowsPowerShell\v1.0\;C:\WINDOWS\System32\OpenSSH\;C:\Program Files\nodejs\;C:\Program Files\NVIDIA Corporation\Nsight Compute 2025.4.1\;C:\Program Files\Go\bin;C:\Users\b-qu\AppData\Local\Programs\Python\Python312\Scripts\;C:\Users\b-qu\AppData\Local\Programs\Python\Python312\;C:\Users\b-qu\AppData\Local\Programs\Python\Launcher\;C:\Users\b-qu\scoop\apps\git\current\cmd;C:\Users\b-qu\scoop\shims;C:\Users\b-qu\.local\bin;C:\Users\b-qu\AppData\Local\Microsoft\WindowsApps;C:\Users\b-qu\.dotnet\tools;C:\Users\b-qu\AppData\Local\Programs\Antigravity\bin;C:\Users\b-qu\AppData\Local\Microsoft\WinGet\Links;C:\cloudflared;;C:\Users\b-qu\AppData\Local\Programs\Ollama;C:\Users\b-qu\AppData\Local\Programs\Microsoft VS Code\bin;C:\Users\b-qu\AppData\Roaming\npm;C:\Users\b-qu\go\bin
[2026-02-26 17:43:55] [START] Launching: project:3002 @ 3002
[2026-02-26 17:43:55] [OK] PID 13584 started for project:3002
[2026-02-26 17:43:56] [START] Launching: project:3003 @ 3003
[2026-02-26 17:43:56] [OK] PID 6188 started for project:3003
[2026-02-26 17:43:57] [START] Launching: project:3004 @ 3004
[2026-02-26 17:43:57] [OK] PID 14408 started for project:3004
[2026-02-26 17:43:59] [START] Launching: project:3005 @ 3005
[2026-02-26 17:43:59] [OK] PID 34632 started for project:3005
[2026-02-26 17:52:12] [START] Performing Magic Startup...
[2026-02-26 17:52:12] Current Base Path: D:\tailscale magic\dist
[2026-02-26 17:52:12] Project Config: D:\tailscale magic\dist\projects.json
[2026-02-26 17:52:12] System PATH: C:\Users\b-qu\AppData\Local\Temp\_MEI313882\pywin32_system32;C:\Program Files\NVIDIA GPU Computing Toolkit\CUDA\v13.1\bin\x64;C:\Program Files\NVIDIA GPU Computing Toolkit\CUDA\v13.1\bin;C:\WINDOWS\system32\image2video\.venv\Scripts;C:\Program Files\Eclipse Adoptium\jdk-21.0.10.7-hotspot\bin;C:\Program Files\Eclipse Adoptium\jdk-8.0.472.8-hotspot\bin;C:\Program Files (x86)\Common Files\Oracle\Java\java8path;C:\Program Files (x86)\Common Files\Oracle\Java\javapath;C:\Program Files\NVIDIA GPU Computing Toolkit\CUDA\v13.0\bin\x64;C:\Program Files\NVIDIA GPU Computing Toolkit\CUDA\v13.0\bin;C:\WINDOWS\system32;C:\WINDOWS;C:\WINDOWS\System32\Wbem;C:\WINDOWS\System32\WindowsPowerShell\v1.0\;C:\WINDOWS\System32\OpenSSH\;C:\Program Files\NVIDIA Corporation\NVIDIA App\NvDLISR;C:\Program Files (x86)\NVIDIA Corporation\PhysX\Common;C:\Program Files\dotnet\;C:\Program Files\Git\cmd;C:\Program Files\PowerShell\7\;C:\Program Files\Tailscale\;C:\Users\b-qu\AppData\Local\Programs\Python\Python312\Scripts\;C:\Users\b-qu\AppData\Local\Programs\Python\Python312\;C:\Users\b-qu\scoop\apps\git\current\cmd;C:\Users\b-qu\scoop\shim;C:\WINDOWS\system32;C:\WINDOWS;C:\WINDOWS\System32\Wbem;C:\WINDOWS\System32\WindowsPowerShell\v1.0\;C:\WINDOWS\System32\OpenSSH\;C:\Program Files\nodejs\;C:\Program Files\NVIDIA Corporation\Nsight Compute 2025.4.1\;C:\Program Files\Go\bin;C:\Users\b-qu\AppData\Local\Programs\Python\Python312\Scripts\;C:\Users\b-qu\AppData\Local\Programs\Python\Python312\;C:\Users\b-qu\AppData\Local\Programs\Python\Launcher\;C:\Users\b-qu\scoop\apps\git\current\cmd;C:\Users\b-qu\scoop\shims;C:\Users\b-qu\.local\bin;C:\Users\b-qu\AppData\Local\Microsoft\WindowsApps;C:\Users\b-qu\.dotnet\tools;C:\Users\b-qu\AppData\Local\Programs\Antigravity\bin;C:\Users\b-qu\AppData\Local\Microsoft\WinGet\Links;C:\cloudflared;;C:\Users\b-qu\AppData\Local\Programs\Ollama;C:\Users\b-qu\AppData\Local\Programs\Microsoft VS Code\bin;C:\Users\b-qu\AppData\Roaming\npm;C:\Users\b-qu\go\bin
[2026-02-26 17:52:14] [START] Launching: project:3002 @ 3002
[2026-02-26 17:52:14] [OK] PID 13168 started for project:3002
[2026-02-26 17:52:15] [START] Launching: project:3003 @ 3003
[2026-02-26 17:52:15] [OK] PID 30756 started for project:3003
[2026-02-26 17:52:15] [START] Launching: project:3004 @ 3004
[2026-02-26 17:52:15] [OK] PID 22064 started for project:3004
[2026-02-26 17:52:16] [START] Launching: project:3005 @ 3005
[2026-02-26 17:52:16] [OK] PID 4052 started for project:3005
[2026-02-26 17:57:02] [START] Performing Magic Startup...
[2026-02-26 17:57:02] Current Base Path: D:\tailscale magic\dist
[2026-02-26 17:57:02] Project Config: D:\tailscale magic\dist\projects.json
[2026-02-26 17:57:02] System PATH: C:\Users\b-qu\AppData\Local\Temp\_MEI233282\pywin32_system32;C:\Program Files\NVIDIA GPU Computing Toolkit\CUDA\v13.1\bin\x64;C:\Program Files\NVIDIA GPU Computing Toolkit\CUDA\v13.1\bin;C:\WINDOWS\system32\image2video\.venv\Scripts;C:\Program Files\Eclipse Adoptium\jdk-21.0.10.7-hotspot\bin;C:\Program Files\Eclipse Adoptium\jdk-8.0.472.8-hotspot\bin;C:\Program Files (x86)\Common Files\Oracle\Java\java8path;C:\Program Files (x86)\Common Files\Oracle\Java\javapath;C:\Program Files\NVIDIA GPU Computing Toolkit\CUDA\v13.0\bin\x64;C:\Program Files\NVIDIA GPU Computing Toolkit\CUDA\v13.0\bin;C:\WINDOWS\system32;C:\WINDOWS;C:\WINDOWS\System32\Wbem;C:\WINDOWS\System32\WindowsPowerShell\v1.0\;C:\WINDOWS\System32\OpenSSH\;C:\Program Files\NVIDIA Corporation\NVIDIA App\NvDLISR;C:\Program Files (x86)\NVIDIA Corporation\PhysX\Common;C:\Program Files\dotnet\;C:\Program Files\Git\cmd;C:\Program Files\PowerShell\7\;C:\Program Files\Tailscale\;C:\Users\b-qu\AppData\Local\Programs\Python\Python312\Scripts\;C:\Users\b-qu\AppData\Local\Programs\Python\Python312\;C:\Users\b-qu\scoop\apps\git\current\cmd;C:\Users\b-qu\scoop\shim;C:\WINDOWS\system32;C:\WINDOWS;C:\WINDOWS\System32\Wbem;C:\WINDOWS\System32\WindowsPowerShell\v1.0\;C:\WINDOWS\System32\OpenSSH\;C:\Program Files\nodejs\;C:\Program Files\NVIDIA Corporation\Nsight Compute 2025.4.1\;C:\Program Files\Go\bin;C:\Users\b-qu\AppData\Local\Programs\Python\Python312\Scripts\;C:\Users\b-qu\AppData\Local\Programs\Python\Python312\;C:\Users\b-qu\AppData\Local\Programs\Python\Launcher\;C:\Users\b-qu\scoop\apps\git\current\cmd;C:\Users\b-qu\scoop\shims;C:\Users\b-qu\.local\bin;C:\Users\b-qu\AppData\Local\Microsoft\WindowsApps;C:\Users\b-qu\.dotnet\tools;C:\Users\b-qu\AppData\Local\Programs\Antigravity\bin;C:\Users\b-qu\AppData\Local\Microsoft\WinGet\Links;C:\cloudflared;;C:\Users\b-qu\AppData\Local\Programs\Ollama;C:\Users\b-qu\AppData\Local\Programs\Microsoft VS Code\bin;C:\Users\b-qu\AppData\Roaming\npm;C:\Users\b-qu\go\bin
[2026-02-26 17:57:03] [START] Launching: project:3002 @ 3002
[2026-02-26 17:57:03] [OK] PID 10568 started for project:3002
[2026-02-26 17:57:03] [START] Launching: project:3003 @ 3003
[2026-02-26 17:57:03] [OK] PID 32748 started for project:3003
[2026-02-26 17:57:04] [START] Launching: project:3004 @ 3004
[2026-02-26 17:57:04] [OK] PID 35676 started for project:3004
[2026-02-26 17:57:04] [START] Launching: project:3005 @ 3005
[2026-02-26 17:57:04] [OK] PID 30952 started for project:3005
[2026-02-26 18:36:59] [START] Performing Magic Startup...
[2026-02-26 18:36:59] Current Base Path: D:\tailscale magic\dist
[2026-02-26 18:36:59] Project Config: D:\tailscale magic\dist\projects.json
[2026-02-26 18:36:59] System PATH: C:\Users\b-qu\AppData\Local\Temp\_MEI136882\pywin32_system32;C:\Program Files\NVIDIA GPU Computing Toolkit\CUDA\v13.1\bin\x64;C:\Program Files\NVIDIA GPU Computing Toolkit\CUDA\v13.1\bin;C:\WINDOWS\system32\image2video\.venv\Scripts;C:\Program Files\Eclipse Adoptium\jdk-21.0.10.7-hotspot\bin;C:\Program Files\Eclipse Adoptium\jdk-8.0.472.8-hotspot\bin;C:\Program Files (x86)\Common Files\Oracle\Java\java8path;C:\Program Files (x86)\Common Files\Oracle\Java\javapath;C:\Program Files\NVIDIA GPU Computing Toolkit\CUDA\v13.0\bin\x64;C:\Program Files\NVIDIA GPU Computing Toolkit\CUDA\v13.0\bin;C:\WINDOWS\system32;C:\WINDOWS;C:\WINDOWS\System32\Wbem;C:\WINDOWS\System32\WindowsPowerShell\v1.0\;C:\WINDOWS\System32\OpenSSH\;C:\Program Files\NVIDIA Corporation\NVIDIA App\NvDLISR;C:\Program Files (x86)\NVIDIA Corporation\PhysX\Common;C:\Program Files\dotnet\;C:\Program Files\Git\cmd;C:\Program Files\PowerShell\7\;C:\Program Files\Tailscale\;C:\Users\b-qu\AppData\Local\Programs\Python\Python312\Scripts\;C:\Users\b-qu\AppData\Local\Programs\Python\Python312\;C:\Users\b-qu\scoop\apps\git\current\cmd;C:\Users\b-qu\scoop\shim;C:\WINDOWS\system32;C:\WINDOWS;C:\WINDOWS\System32\Wbem;C:\WINDOWS\System32\WindowsPowerShell\v1.0\;C:\WINDOWS\System32\OpenSSH\;C:\Program Files\nodejs\;C:\Program Files\NVIDIA Corporation\Nsight Compute 2025.4.1\;C:\Program Files\Go\bin;C:\Users\b-qu\AppData\Local\Programs\Python\Python312\Scripts\;C:\Users\b-qu\AppData\Local\Programs\Python\Python312\;C:\Users\b-qu\AppData\Local\Programs\Python\Launcher\;C:\Users\b-qu\scoop\apps\git\current\cmd;C:\Users\b-qu\scoop\shims;C:\Users\b-qu\.local\bin;C:\Users\b-qu\AppData\Local\Microsoft\WindowsApps;C:\Users\b-qu\.dotnet\tools;C:\Users\b-qu\AppData\Local\Programs\Antigravity\bin;C:\Users\b-qu\AppData\Local\Microsoft\WinGet\Links;C:\cloudflared;;C:\Users\b-qu\AppData\Local\Programs\Ollama;C:\Users\b-qu\AppData\Local\Programs\Microsoft VS Code\bin;C:\Users\b-qu\AppData\Roaming\npm;C:\Users\b-qu\go\bin
[2026-02-26 18:37:00] [START] Launching: project:3002 @ 3002
[2026-02-26 18:37:00] [OK] PID 1976 started for project:3002
[2026-02-26 18:37:01] [START] Launching: project:3003 @ 3003
[2026-02-26 18:37:01] [OK] PID 19496 started for project:3003
[2026-02-26 18:37:01] [START] Launching: project:3004 @ 3004
[2026-02-26 18:37:01] [OK] PID 34676 started for project:3004
[2026-02-26 18:37:02] [START] Launching: project:3005 @ 3005
[2026-02-26 18:37:02] [OK] PID 15188 started for project:3005
[2026-02-26 18:44:25] [START] Performing Magic Startup...
[2026-02-26 18:44:25] Current Base Path: D:\tailscale magic\dist
[2026-02-26 18:44:25] Project Config: D:\tailscale magic\dist\projects.json
[2026-02-26 18:44:25] System PATH: C:\Users\b-qu\AppData\Local\Temp\_MEI325202\pywin32_system32;C:\Program Files\NVIDIA GPU Computing Toolkit\CUDA\v13.1\bin\x64;C:\Program Files\NVIDIA GPU Computing Toolkit\CUDA\v13.1\bin;C:\WINDOWS\system32\image2video\.venv\Scripts;C:\Program Files\Eclipse Adoptium\jdk-21.0.10.7-hotspot\bin;C:\Program Files\Eclipse Adoptium\jdk-8.0.472.8-hotspot\bin;C:\Program Files (x86)\Common Files\Oracle\Java\java8path;C:\Program Files (x86)\Common Files\Oracle\Java\javapath;C:\Program Files\NVIDIA GPU Computing Toolkit\CUDA\v13.0\bin\x64;C:\Program Files\NVIDIA GPU Computing Toolkit\CUDA\v13.0\bin;C:\WINDOWS\system32;C:\WINDOWS;C:\WINDOWS\System32\Wbem;C:\WINDOWS\System32\WindowsPowerShell\v1.0\;C:\WINDOWS\System32\OpenSSH\;C:\Program Files\NVIDIA Corporation\NVIDIA App\NvDLISR;C:\Program Files (x86)\NVIDIA Corporation\PhysX\Common;C:\Program Files\dotnet\;C:\Program Files\Git\cmd;C:\Program Files\PowerShell\7\;C:\Program Files\Tailscale\;C:\Users\b-qu\AppData\Local\Programs\Python\Python312\Scripts\;C:\Users\b-qu\AppData\Local\Programs\Python\Python312\;C:\Users\b-qu\scoop\apps\git\current\cmd;C:\Users\b-qu\scoop\shim;C:\WINDOWS\system32;C:\WINDOWS;C:\WINDOWS\System32\Wbem;C:\WINDOWS\System32\WindowsPowerShell\v1.0\;C:\WINDOWS\System32\OpenSSH\;C:\Program Files\nodejs\;C:\Program Files\NVIDIA Corporation\Nsight Compute 2025.4.1\;C:\Program Files\Go\bin;C:\Users\b-qu\AppData\Local\Programs\Python\Python312\Scripts\;C:\Users\b-qu\AppData\Local\Programs\Python\Python312\;C:\Users\b-qu\AppData\Local\Programs\Python\Launcher\;C:\Users\b-qu\scoop\apps\git\current\cmd;C:\Users\b-qu\scoop\shims;C:\Users\b-qu\.local\bin;C:\Users\b-qu\AppData\Local\Microsoft\WindowsApps;C:\Users\b-qu\.dotnet\tools;C:\Users\b-qu\AppData\Local\Programs\Antigravity\bin;C:\Users\b-qu\AppData\Local\Microsoft\WinGet\Links;C:\cloudflared;;C:\Users\b-qu\AppData\Local\Programs\Ollama;C:\Users\b-qu\AppData\Local\Programs\Microsoft VS Code\bin;C:\Users\b-qu\AppData\Roaming\npm;C:\Users\b-qu\go\bin
[2026-02-26 18:44:26] [START] Launching: project:3002 @ 3002
[2026-02-26 18:44:26] [OK] PID 10748 started for project:3002
[2026-02-26 18:44:27] [START] Launching: project:3003 @ 3003
[2026-02-26 18:44:27] [OK] PID 4060 started for project:3003
[2026-02-26 18:44:27] [START] Launching: project:3004 @ 3004
[2026-02-26 18:44:27] [OK] PID 33912 started for project:3004
[2026-02-26 18:44:28] [START] Launching: project:3005 @ 3005
[2026-02-26 18:44:28] [OK] PID 2364 started for project:3005
[2026-02-26 18:49:49] [START] Performing Magic Startup...
[2026-02-26 18:49:49] Current Base Path: D:\tailscale magic\dist
[2026-02-26 18:49:49] Project Config: D:\tailscale magic\dist\projects.json
[2026-02-26 18:49:49] System PATH: C:\Users\b-qu\AppData\Local\Temp\_MEI311602\pywin32_system32;C:\Program Files\NVIDIA GPU Computing Toolkit\CUDA\v13.1\bin\x64;C:\Program Files\NVIDIA GPU Computing Toolkit\CUDA\v13.1\bin;C:\WINDOWS\system32\image2video\.venv\Scripts;C:\Program Files\Eclipse Adoptium\jdk-21.0.10.7-hotspot\bin;C:\Program Files\Eclipse Adoptium\jdk-8.0.472.8-hotspot\bin;C:\Program Files (x86)\Common Files\Oracle\Java\java8path;C:\Program Files (x86)\Common Files\Oracle\Java\javapath;C:\Program Files\NVIDIA GPU Computing Toolkit\CUDA\v13.0\bin\x64;C:\Program Files\NVIDIA GPU Computing Toolkit\CUDA\v13.0\bin;C:\WINDOWS\system32;C:\WINDOWS;C:\WINDOWS\System32\Wbem;C:\WINDOWS\System32\WindowsPowerShell\v1.0\;C:\WINDOWS\System32\OpenSSH\;C:\Program Files\NVIDIA Corporation\NVIDIA App\NvDLISR;C:\Program Files (x86)\NVIDIA Corporation\PhysX\Common;C:\Program Files\dotnet\;C:\Program Files\Git\cmd;C:\Program Files\PowerShell\7\;C:\Program Files\Tailscale\;C:\Users\b-qu\AppData\Local\Programs\Python\Python312\Scripts\;C:\Users\b-qu\AppData\Local\Programs\Python\Python312\;C:\Users\b-qu\scoop\apps\git\current\cmd;C:\Users\b-qu\scoop\shim;C:\WINDOWS\system32;C:\WINDOWS;C:\WINDOWS\System32\Wbem;C:\WINDOWS\System32\WindowsPowerShell\v1.0\;C:\WINDOWS\System32\OpenSSH\;C:\Program Files\nodejs\;C:\Program Files\NVIDIA Corporation\Nsight Compute 2025.4.1\;C:\Program Files\Go\bin;C:\Users\b-qu\AppData\Local\Programs\Python\Python312\Scripts\;C:\Users\b-qu\AppData\Local\Programs\Python\Python312\;C:\Users\b-qu\AppData\Local\Programs\Python\Launcher\;C:\Users\b-qu\scoop\apps\git\current\cmd;C:\Users\b-qu\scoop\shims;C:\Users\b-qu\.local\bin;C:\Users\b-qu\AppData\Local\Microsoft\WindowsApps;C:\Users\b-qu\.dotnet\tools;C:\Users\b-qu\AppData\Local\Programs\Antigravity\bin;C:\Users\b-qu\AppData\Local\Microsoft\WinGet\Links;C:\cloudflared;;C:\Users\b-qu\AppData\Local\Programs\Ollama;C:\Users\b-qu\AppData\Local\Programs\Microsoft VS Code\bin;C:\Users\b-qu\AppData\Roaming\npm;C:\Users\b-qu\go\bin
[2026-02-26 18:49:51] [START] Launching: project:3002 @ 3002
[2026-02-26 18:49:51] [OK] PID 10576 started for project:3002
[2026-02-26 18:49:52] [START] Launching: project:3003 @ 3003
[2026-02-26 18:49:52] [OK] PID 32336 started for project:3003
[2026-02-26 18:49:52] [START] Launching: project:3004 @ 3004
[2026-02-26 18:49:52] [OK] PID 22680 started for project:3004
[2026-02-26 18:49:53] [START] Launching: project:3005 @ 3005
[2026-02-26 18:49:53] [OK] PID 35432 started for project:3005
[2026-02-26 18:54:26] [START] Performing Magic Startup...
[2026-02-26 18:54:26] Current Base Path: D:\tailscale magic\dist
[2026-02-26 18:54:26] Project Config: D:\tailscale magic\dist\projects.json
[2026-02-26 18:54:26] System PATH: C:\Users\b-qu\AppData\Local\Temp\_MEI40642\pywin32_system32;C:\Program Files\NVIDIA GPU Computing Toolkit\CUDA\v13.1\bin\x64;C:\Program Files\NVIDIA GPU Computing Toolkit\CUDA\v13.1\bin;C:\WINDOWS\system32\image2video\.venv\Scripts;C:\Program Files\Eclipse Adoptium\jdk-21.0.10.7-hotspot\bin;C:\Program Files\Eclipse Adoptium\jdk-8.0.472.8-hotspot\bin;C:\Program Files (x86)\Common Files\Oracle\Java\java8path;C:\Program Files (x86)\Common Files\Oracle\Java\javapath;C:\Program Files\NVIDIA GPU Computing Toolkit\CUDA\v13.0\bin\x64;C:\Program Files\NVIDIA GPU Computing Toolkit\CUDA\v13.0\bin;C:\WINDOWS\system32;C:\WINDOWS;C:\WINDOWS\System32\Wbem;C:\WINDOWS\System32\WindowsPowerShell\v1.0\;C:\WINDOWS\System32\OpenSSH\;C:\Program Files\NVIDIA Corporation\NVIDIA App\NvDLISR;C:\Program Files (x86)\NVIDIA Corporation\PhysX\Common;C:\Program Files\dotnet\;C:\Program Files\Git\cmd;C:\Program Files\PowerShell\7\;C:\Program Files\Tailscale\;C:\Users\b-qu\AppData\Local\Programs\Python\Python312\Scripts\;C:\Users\b-qu\AppData\Local\Programs\Python\Python312\;C:\Users\b-qu\scoop\apps\git\current\cmd;C:\Users\b-qu\scoop\shim;C:\WINDOWS\system32;C:\WINDOWS;C:\WINDOWS\System32\Wbem;C:\WINDOWS\System32\WindowsPowerShell\v1.0\;C:\WINDOWS\System32\OpenSSH\;C:\Program Files\nodejs\;C:\Program Files\NVIDIA Corporation\Nsight Compute 2025.4.1\;C:\Program Files\Go\bin;C:\Users\b-qu\AppData\Local\Programs\Python\Python312\Scripts\;C:\Users\b-qu\AppData\Local\Programs\Python\Python312\;C:\Users\b-qu\AppData\Local\Programs\Python\Launcher\;C:\Users\b-qu\scoop\apps\git\current\cmd;C:\Users\b-qu\scoop\shims;C:\Users\b-qu\.local\bin;C:\Users\b-qu\AppData\Local\Microsoft\WindowsApps;C:\Users\b-qu\.dotnet\tools;C:\Users\b-qu\AppData\Local\Programs\Antigravity\bin;C:\Users\b-qu\AppData\Local\Microsoft\WinGet\Links;C:\cloudflared;;C:\Users\b-qu\AppData\Local\Programs\Ollama;C:\Users\b-qu\AppData\Local\Programs\Microsoft VS Code\bin;C:\Users\b-qu\AppData\Roaming\npm;C:\Users\b-qu\go\bin
[2026-02-26 18:54:27] [START] Launching: project:3002 @ 3002
[2026-02-26 18:54:27] [OK] PID 24604 started for project:3002
[2026-02-26 18:54:28] [START] Launching: project:3003 @ 3003
[2026-02-26 18:54:28] [OK] PID 32124 started for project:3003
[2026-02-26 18:54:28] [START] Launching: project:3004 @ 3004
[2026-02-26 18:54:28] [OK] PID 1788 started for project:3004
[2026-02-26 18:54:29] [START] Launching: project:3005 @ 3005
[2026-02-26 18:54:29] [OK] PID 35716 started for project:3005
[2026-02-26 18:58:45] [START] Performing Magic Startup...
[2026-02-26 18:58:45] Current Base Path: D:\tailscale magic\dist
[2026-02-26 18:58:45] Project Config: D:\tailscale magic\dist\projects.json
[2026-02-26 18:58:45] System PATH: C:\Users\b-qu\AppData\Local\Temp\_MEI161042\pywin32_system32;C:\Program Files\NVIDIA GPU Computing Toolkit\CUDA\v13.1\bin\x64;C:\Program Files\NVIDIA GPU Computing Toolkit\CUDA\v13.1\bin;C:\WINDOWS\system32\image2video\.venv\Scripts;C:\Program Files\Eclipse Adoptium\jdk-21.0.10.7-hotspot\bin;C:\Program Files\Eclipse Adoptium\jdk-8.0.472.8-hotspot\bin;C:\Program Files (x86)\Common Files\Oracle\Java\java8path;C:\Program Files (x86)\Common Files\Oracle\Java\javapath;C:\Program Files\NVIDIA GPU Computing Toolkit\CUDA\v13.0\bin\x64;C:\Program Files\NVIDIA GPU Computing Toolkit\CUDA\v13.0\bin;C:\WINDOWS\system32;C:\WINDOWS;C:\WINDOWS\System32\Wbem;C:\WINDOWS\System32\WindowsPowerShell\v1.0\;C:\WINDOWS\System32\OpenSSH\;C:\Program Files\NVIDIA Corporation\NVIDIA App\NvDLISR;C:\Program Files (x86)\NVIDIA Corporation\PhysX\Common;C:\Program Files\dotnet\;C:\Program Files\Git\cmd;C:\Program Files\PowerShell\7\;C:\Program Files\Tailscale\;C:\Users\b-qu\AppData\Local\Programs\Python\Python312\Scripts\;C:\Users\b-qu\AppData\Local\Programs\Python\Python312\;C:\Users\b-qu\scoop\apps\git\current\cmd;C:\Users\b-qu\scoop\shim;C:\WINDOWS\system32;C:\WINDOWS;C:\WINDOWS\System32\Wbem;C:\WINDOWS\System32\WindowsPowerShell\v1.0\;C:\WINDOWS\System32\OpenSSH\;C:\Program Files\nodejs\;C:\Program Files\NVIDIA Corporation\Nsight Compute 2025.4.1\;C:\Program Files\Go\bin;C:\Users\b-qu\AppData\Local\Programs\Python\Python312\Scripts\;C:\Users\b-qu\AppData\Local\Programs\Python\Python312\;C:\Users\b-qu\AppData\Local\Programs\Python\Launcher\;C:\Users\b-qu\scoop\apps\git\current\cmd;C:\Users\b-qu\scoop\shims;C:\Users\b-qu\.local\bin;C:\Users\b-qu\AppData\Local\Microsoft\WindowsApps;C:\Users\b-qu\.dotnet\tools;C:\Users\b-qu\AppData\Local\Programs\Antigravity\bin;C:\Users\b-qu\AppData\Local\Microsoft\WinGet\Links;C:\cloudflared;;C:\Users\b-qu\AppData\Local\Programs\Ollama;C:\Users\b-qu\AppData\Local\Programs\Microsoft VS Code\bin;C:\Users\b-qu\AppData\Roaming\npm;C:\Users\b-qu\go\bin
[2026-02-26 18:58:47] [START] Launching: project:3002 @ 3002
[2026-02-26 18:58:47] [OK] PID 2956 started for project:3002
[2026-02-26 18:58:48] [START] Launching: project:3003 @ 3003
[2026-02-26 18:58:48] [OK] PID 35656 started for project:3003
[2026-02-26 18:58:49] [START] Launching: project:3004 @ 3004
[2026-02-26 18:58:49] [OK] PID 32812 started for project:3004
[2026-02-26 18:58:50] [START] Launching: project:3005 @ 3005
[2026-02-26 18:58:50] [OK] PID 33412 started for project:3005
[2026-02-26 19:13:16] [START] Performing Magic Startup...
[2026-02-26 19:13:16] Current Base Path: D:\tailscale magic\dist
[2026-02-26 19:13:16] Project Config: D:\tailscale magic\dist\projects.json
[2026-02-26 19:13:16] System PATH: C:\Users\b-qu\AppData\Local\Temp\_MEI338082\pywin32_system32;C:\Program Files\NVIDIA GPU Computing Toolkit\CUDA\v13.1\bin\x64;C:\Program Files\NVIDIA GPU Computing Toolkit\CUDA\v13.1\bin;C:\WINDOWS\system32\image2video\.venv\Scripts;C:\Program Files\Eclipse Adoptium\jdk-21.0.10.7-hotspot\bin;C:\Program Files\Eclipse Adoptium\jdk-8.0.472.8-hotspot\bin;C:\Program Files (x86)\Common Files\Oracle\Java\java8path;C:\Program Files (x86)\Common Files\Oracle\Java\javapath;C:\Program Files\NVIDIA GPU Computing Toolkit\CUDA\v13.0\bin\x64;C:\Program Files\NVIDIA GPU Computing Toolkit\CUDA\v13.0\bin;C:\WINDOWS\system32;C:\WINDOWS;C:\WINDOWS\System32\Wbem;C:\WINDOWS\System32\WindowsPowerShell\v1.0\;C:\WINDOWS\System32\OpenSSH\;C:\Program Files\NVIDIA Corporation\NVIDIA App\NvDLISR;C:\Program Files (x86)\NVIDIA Corporation\PhysX\Common;C:\Program Files\dotnet\;C:\Program Files\Git\cmd;C:\Program Files\PowerShell\7\;C:\Program Files\Tailscale\;C:\Users\b-qu\AppData\Local\Programs\Python\Python312\Scripts\;C:\Users\b-qu\AppData\Local\Programs\Python\Python312\;C:\Users\b-qu\scoop\apps\git\current\cmd;C:\Users\b-qu\scoop\shim;C:\WINDOWS\system32;C:\WINDOWS;C:\WINDOWS\System32\Wbem;C:\WINDOWS\System32\WindowsPowerShell\v1.0\;C:\WINDOWS\System32\OpenSSH\;C:\Program Files\nodejs\;C:\Program Files\NVIDIA Corporation\Nsight Compute 2025.4.1\;C:\Program Files\Go\bin;C:\Users\b-qu\AppData\Local\Programs\Python\Python312\Scripts\;C:\Users\b-qu\AppData\Local\Programs\Python\Python312\;C:\Users\b-qu\AppData\Local\Programs\Python\Launcher\;C:\Users\b-qu\scoop\apps\git\current\cmd;C:\Users\b-qu\scoop\shims;C:\Users\b-qu\.local\bin;C:\Users\b-qu\AppData\Local\Microsoft\WindowsApps;C:\Users\b-qu\.dotnet\tools;C:\Users\b-qu\AppData\Local\Programs\Antigravity\bin;C:\Users\b-qu\AppData\Local\Microsoft\WinGet\Links;C:\cloudflared;;C:\Users\b-qu\AppData\Local\Programs\Ollama;C:\Users\b-qu\AppData\Local\Programs\Microsoft VS Code\bin;C:\Users\b-qu\AppData\Roaming\npm;C:\Users\b-qu\go\bin
[2026-02-26 19:13:16] [START] Launching: project:3002 @ 3002
[2026-02-26 19:13:17] [OK] PID 32196 started for project:3002
[2026-02-26 19:13:17] [START] Launching: project:3003 @ 3003
[2026-02-26 19:13:17] [OK] PID 11284 started for project:3003
[2026-02-26 19:13:17] [START] Launching: project:3004 @ 3004
[2026-02-26 19:13:17] [OK] PID 33940 started for project:3004
[2026-02-26 19:13:18] [START] Launching: project:3005 @ 3005
[2026-02-26 19:13:18] [OK] PID 29720 started for project:3005
[2026-02-26 19:29:12] [START] Performing Magic Startup...
[2026-02-26 19:29:12] Current Base Path: D:\tailscale magic\dist
[2026-02-26 19:29:12] Project Config: D:\tailscale magic\dist\projects.json
[2026-02-26 19:29:12] System PATH: C:\Users\b-qu\AppData\Local\Temp\_MEI231602\pywin32_system32;C:\Program Files\NVIDIA GPU Computing Toolkit\CUDA\v13.1\bin\x64;C:\Program Files\NVIDIA GPU Computing Toolkit\CUDA\v13.1\bin;C:\WINDOWS\system32\image2video\.venv\Scripts;C:\Program Files\Eclipse Adoptium\jdk-21.0.10.7-hotspot\bin;C:\Program Files\Eclipse Adoptium\jdk-8.0.472.8-hotspot\bin;C:\Program Files (x86)\Common Files\Oracle\Java\java8path;C:\Program Files (x86)\Common Files\Oracle\Java\javapath;C:\Program Files\NVIDIA GPU Computing Toolkit\CUDA\v13.0\bin\x64;C:\Program Files\NVIDIA GPU Computing Toolkit\CUDA\v13.0\bin;C:\WINDOWS\system32;C:\WINDOWS;C:\WINDOWS\System32\Wbem;C:\WINDOWS\System32\WindowsPowerShell\v1.0\;C:\WINDOWS\System32\OpenSSH\;C:\Program Files\NVIDIA Corporation\NVIDIA App\NvDLISR;C:\Program Files (x86)\NVIDIA Corporation\PhysX\Common;C:\Program Files\dotnet\;C:\Program Files\Git\cmd;C:\Program Files\PowerShell\7\;C:\Program Files\Tailscale\;C:\Users\b-qu\AppData\Local\Programs\Python\Python312\Scripts\;C:\Users\b-qu\AppData\Local\Programs\Python\Python312\;C:\Users\b-qu\scoop\apps\git\current\cmd;C:\Users\b-qu\scoop\shim;C:\WINDOWS\system32;C:\WINDOWS;C:\WINDOWS\System32\Wbem;C:\WINDOWS\System32\WindowsPowerShell\v1.0\;C:\WINDOWS\System32\OpenSSH\;C:\Program Files\nodejs\;C:\Program Files\NVIDIA Corporation\Nsight Compute 2025.4.1\;C:\Program Files\Go\bin;C:\Users\b-qu\AppData\Local\Programs\Python\Python312\Scripts\;C:\Users\b-qu\AppData\Local\Programs\Python\Python312\;C:\Users\b-qu\AppData\Local\Programs\Python\Launcher\;C:\Users\b-qu\scoop\apps\git\current\cmd;C:\Users\b-qu\scoop\shims;C:\Users\b-qu\.local\bin;C:\Users\b-qu\AppData\Local\Microsoft\WindowsApps;C:\Users\b-qu\.dotnet\tools;C:\Users\b-qu\AppData\Local\Programs\Antigravity\bin;C:\Users\b-qu\AppData\Local\Microsoft\WinGet\Links;C:\cloudflared;;C:\Users\b-qu\AppData\Local\Programs\Ollama;C:\Users\b-qu\AppData\Local\Programs\Microsoft VS Code\bin;C:\Users\b-qu\AppData\Roaming\npm;C:\Users\b-qu\go\bin
[2026-02-26 19:29:13] [START] Launching: project:3002 @ 3002
[2026-02-26 19:29:13] [OK] PID 34788 started for project:3002
[2026-02-26 19:29:14] [START] Launching: project:3003 @ 3003
[2026-02-26 19:29:14] [OK] PID 11764 started for project:3003
[2026-02-26 19:29:14] [START] Launching: project:3004 @ 3004
[2026-02-26 19:29:14] [OK] PID 4036 started for project:3004
[2026-02-26 19:29:15] [START] Launching: project:3005 @ 3005
[2026-02-26 19:29:15] [OK] PID 28784 started for project:3005
[2026-02-26 19:35:02] [START] Performing Magic Startup...
[2026-02-26 19:35:02] Current Base Path: D:\tailscale magic\dist
[2026-02-26 19:35:02] Project Config: D:\tailscale magic\dist\projects.json
[2026-02-26 19:35:02] System PATH: C:\Users\b-qu\AppData\Local\Temp\_MEI320322\pywin32_system32;C:\Program Files\NVIDIA GPU Computing Toolkit\CUDA\v13.1\bin\x64;C:\Program Files\NVIDIA GPU Computing Toolkit\CUDA\v13.1\bin;C:\WINDOWS\system32\image2video\.venv\Scripts;C:\Program Files\Eclipse Adoptium\jdk-21.0.10.7-hotspot\bin;C:\Program Files\Eclipse Adoptium\jdk-8.0.472.8-hotspot\bin;C:\Program Files (x86)\Common Files\Oracle\Java\java8path;C:\Program Files (x86)\Common Files\Oracle\Java\javapath;C:\Program Files\NVIDIA GPU Computing Toolkit\CUDA\v13.0\bin\x64;C:\Program Files\NVIDIA GPU Computing Toolkit\CUDA\v13.0\bin;C:\WINDOWS\system32;C:\WINDOWS;C:\WINDOWS\System32\Wbem;C:\WINDOWS\System32\WindowsPowerShell\v1.0\;C:\WINDOWS\System32\OpenSSH\;C:\Program Files\NVIDIA Corporation\NVIDIA App\NvDLISR;C:\Program Files (x86)\NVIDIA Corporation\PhysX\Common;C:\Program Files\dotnet\;C:\Program Files\Git\cmd;C:\Program Files\PowerShell\7\;C:\Program Files\Tailscale\;C:\Users\b-qu\AppData\Local\Programs\Python\Python312\Scripts\;C:\Users\b-qu\AppData\Local\Programs\Python\Python312\;C:\Users\b-qu\scoop\apps\git\current\cmd;C:\Users\b-qu\scoop\shim;C:\WINDOWS\system32;C:\WINDOWS;C:\WINDOWS\System32\Wbem;C:\WINDOWS\System32\WindowsPowerShell\v1.0\;C:\WINDOWS\System32\OpenSSH\;C:\Program Files\nodejs\;C:\Program Files\NVIDIA Corporation\Nsight Compute 2025.4.1\;C:\Program Files\Go\bin;C:\Users\b-qu\AppData\Local\Programs\Python\Python312\Scripts\;C:\Users\b-qu\AppData\Local\Programs\Python\Python312\;C:\Users\b-qu\AppData\Local\Programs\Python\Launcher\;C:\Users\b-qu\scoop\apps\git\current\cmd;C:\Users\b-qu\scoop\shims;C:\Users\b-qu\.local\bin;C:\Users\b-qu\AppData\Local\Microsoft\WindowsApps;C:\Users\b-qu\.dotnet\tools;C:\Users\b-qu\AppData\Local\Programs\Antigravity\bin;C:\Users\b-qu\AppData\Local\Microsoft\WinGet\Links;C:\cloudflared;;C:\Users\b-qu\AppData\Local\Programs\Ollama;C:\Users\b-qu\AppData\Local\Programs\Microsoft VS Code\bin;C:\Users\b-qu\AppData\Roaming\npm;C:\Users\b-qu\go\bin
[2026-02-26 19:35:03] [START] Launching: project:3002 @ 3002
[2026-02-26 19:35:04] [OK] PID 24980 started for project:3002
[2026-02-26 19:35:04] [START] Launching: project:3003 @ 3003
[2026-02-26 19:35:04] [OK] PID 25388 started for project:3003
[2026-02-26 19:35:05] [START] Launching: project:3004 @ 3004
[2026-02-26 19:35:05] [OK] PID 15388 started for project:3004
[2026-02-26 19:35:05] [START] Launching: project:3005 @ 3005
[2026-02-26 19:35:05] [OK] PID 4444 started for project:3005
[2026-02-26 19:45:04] [START] Performing Magic Startup...
[2026-02-26 19:45:04] Current Base Path: D:\tailscale magic\dist
[2026-02-26 19:45:04] Project Config: D:\tailscale magic\dist\projects.json
[2026-02-26 19:45:04] System PATH: C:\Users\b-qu\AppData\Local\Temp\_MEI161642\pywin32_system32;C:\Program Files\NVIDIA GPU Computing Toolkit\CUDA\v13.1\bin\x64;C:\Program Files\NVIDIA GPU Computing Toolkit\CUDA\v13.1\bin;C:\WINDOWS\system32\image2video\.venv\Scripts;C:\Program Files\Eclipse Adoptium\jdk-21.0.10.7-hotspot\bin;C:\Program Files\Eclipse Adoptium\jdk-8.0.472.8-hotspot\bin;C:\Program Files (x86)\Common Files\Oracle\Java\java8path;C:\Program Files (x86)\Common Files\Oracle\Java\javapath;C:\Program Files\NVIDIA GPU Computing Toolkit\CUDA\v13.0\bin\x64;C:\Program Files\NVIDIA GPU Computing Toolkit\CUDA\v13.0\bin;C:\WINDOWS\system32;C:\WINDOWS;C:\WINDOWS\System32\Wbem;C:\WINDOWS\System32\WindowsPowerShell\v1.0\;C:\WINDOWS\System32\OpenSSH\;C:\Program Files\NVIDIA Corporation\NVIDIA App\NvDLISR;C:\Program Files (x86)\NVIDIA Corporation\PhysX\Common;C:\Program Files\dotnet\;C:\Program Files\Git\cmd;C:\Program Files\PowerShell\7\;C:\Program Files\Tailscale\;C:\Users\b-qu\AppData\Local\Programs\Python\Python312\Scripts\;C:\Users\b-qu\AppData\Local\Programs\Python\Python312\;C:\Users\b-qu\scoop\apps\git\current\cmd;C:\Users\b-qu\scoop\shim;C:\WINDOWS\system32;C:\WINDOWS;C:\WINDOWS\System32\Wbem;C:\WINDOWS\System32\WindowsPowerShell\v1.0\;C:\WINDOWS\System32\OpenSSH\;C:\Program Files\nodejs\;C:\Program Files\NVIDIA Corporation\Nsight Compute 2025.4.1\;C:\Program Files\Go\bin;C:\Users\b-qu\AppData\Local\Programs\Python\Python312\Scripts\;C:\Users\b-qu\AppData\Local\Programs\Python\Python312\;C:\Users\b-qu\AppData\Local\Programs\Python\Launcher\;C:\Users\b-qu\scoop\apps\git\current\cmd;C:\Users\b-qu\scoop\shims;C:\Users\b-qu\.local\bin;C:\Users\b-qu\AppData\Local\Microsoft\WindowsApps;C:\Users\b-qu\.dotnet\tools;C:\Users\b-qu\AppData\Local\Programs\Antigravity\bin;C:\Users\b-qu\AppData\Local\Microsoft\WinGet\Links;C:\cloudflared;;C:\Users\b-qu\AppData\Local\Programs\Ollama;C:\Users\b-qu\AppData\Local\Programs\Microsoft VS Code\bin;C:\Users\b-qu\AppData\Roaming\npm;C:\Users\b-qu\go\bin
[2026-02-26 19:45:04] [START] Launching: project:3002 @ 3002
[2026-02-26 19:45:05] [OK] PID 15060 started for project:3002
[2026-02-26 19:45:06] [START] Launching: project:3003 @ 3003
[2026-02-26 19:45:06] [OK] PID 24260 started for project:3003
[2026-02-26 19:45:07] [START] Launching: project:3004 @ 3004
[2026-02-26 19:45:07] [OK] PID 13748 started for project:3004
[2026-02-26 19:45:07] [START] Launching: project:3005 @ 3005
[2026-02-26 19:45:07] [OK] PID 15872 started for project:3005
[2026-02-26 19:53:41] [START] Performing Magic Startup...
[2026-02-26 19:53:41] Current Base Path: D:\tailscale magic\dist
[2026-02-26 19:53:41] Project Config: D:\tailscale magic\dist\projects.json
[2026-02-26 19:53:41] System PATH: C:\Users\b-qu\AppData\Local\Temp\_MEI31722\pywin32_system32;C:\Program Files\NVIDIA GPU Computing Toolkit\CUDA\v13.1\bin\x64;C:\Program Files\NVIDIA GPU Computing Toolkit\CUDA\v13.1\bin;C:\WINDOWS\system32\image2video\.venv\Scripts;C:\Program Files\Eclipse Adoptium\jdk-21.0.10.7-hotspot\bin;C:\Program Files\Eclipse Adoptium\jdk-8.0.472.8-hotspot\bin;C:\Program Files (x86)\Common Files\Oracle\Java\java8path;C:\Program Files (x86)\Common Files\Oracle\Java\javapath;C:\Program Files\NVIDIA GPU Computing Toolkit\CUDA\v13.0\bin\x64;C:\Program Files\NVIDIA GPU Computing Toolkit\CUDA\v13.0\bin;C:\WINDOWS\system32;C:\WINDOWS;C:\WINDOWS\System32\Wbem;C:\WINDOWS\System32\WindowsPowerShell\v1.0\;C:\WINDOWS\System32\OpenSSH\;C:\Program Files\NVIDIA Corporation\NVIDIA App\NvDLISR;C:\Program Files (x86)\NVIDIA Corporation\PhysX\Common;C:\Program Files\dotnet\;C:\Program Files\Git\cmd;C:\Program Files\PowerShell\7\;C:\Program Files\Tailscale\;C:\Users\b-qu\AppData\Local\Programs\Python\Python312\Scripts\;C:\Users\b-qu\AppData\Local\Programs\Python\Python312\;C:\Users\b-qu\scoop\apps\git\current\cmd;C:\Users\b-qu\scoop\shim;C:\WINDOWS\system32;C:\WINDOWS;C:\WINDOWS\System32\Wbem;C:\WINDOWS\System32\WindowsPowerShell\v1.0\;C:\WINDOWS\System32\OpenSSH\;C:\Program Files\nodejs\;C:\Program Files\NVIDIA Corporation\Nsight Compute 2025.4.1\;C:\Program Files\Go\bin;C:\Users\b-qu\AppData\Local\Programs\Python\Python312\Scripts\;C:\Users\b-qu\AppData\Local\Programs\Python\Python312\;C:\Users\b-qu\AppData\Local\Programs\Python\Launcher\;C:\Users\b-qu\scoop\apps\git\current\cmd;C:\Users\b-qu\scoop\shims;C:\Users\b-qu\.local\bin;C:\Users\b-qu\AppData\Local\Microsoft\WindowsApps;C:\Users\b-qu\.dotnet\tools;C:\Users\b-qu\AppData\Local\Programs\Antigravity\bin;C:\Users\b-qu\AppData\Local\Microsoft\WinGet\Links;C:\cloudflared;;C:\Users\b-qu\AppData\Local\Programs\Ollama;C:\Users\b-qu\AppData\Local\Programs\Microsoft VS Code\bin;C:\Users\b-qu\AppData\Roaming\npm;C:\Users\b-qu\go\bin
[2026-02-26 19:53:42] [START] Launching: project:3002 @ 3002
[2026-02-26 19:53:42] [OK] PID 23620 started for project:3002
[2026-02-26 19:53:43] [START] Launching: project:3003 @ 3003
[2026-02-26 19:53:43] [OK] PID 29212 started for project:3003
[2026-02-26 19:53:43] [START] Launching: project:3004 @ 3004
[2026-02-26 19:53:43] [OK] PID 26112 started for project:3004
[2026-02-26 19:53:44] [START] Launching: project:3005 @ 3005
[2026-02-26 19:53:44] [OK] PID 23716 started for project:3005
[2026-02-26 19:57:37] [START] Performing Magic Startup...
[2026-02-26 19:57:37] Current Base Path: D:\tailscale magic\dist
[2026-02-26 19:57:37] Project Config: D:\tailscale magic\dist\projects.json
[2026-02-26 19:57:37] System PATH: C:\Users\b-qu\AppData\Local\Temp\_MEI323042\pywin32_system32;C:\Program Files\NVIDIA GPU Computing Toolkit\CUDA\v13.1\bin\x64;C:\Program Files\NVIDIA GPU Computing Toolkit\CUDA\v13.1\bin;C:\WINDOWS\system32\image2video\.venv\Scripts;C:\Program Files\Eclipse Adoptium\jdk-21.0.10.7-hotspot\bin;C:\Program Files\Eclipse Adoptium\jdk-8.0.472.8-hotspot\bin;C:\Program Files (x86)\Common Files\Oracle\Java\java8path;C:\Program Files (x86)\Common Files\Oracle\Java\javapath;C:\Program Files\NVIDIA GPU Computing Toolkit\CUDA\v13.0\bin\x64;C:\Program Files\NVIDIA GPU Computing Toolkit\CUDA\v13.0\bin;C:\WINDOWS\system32;C:\WINDOWS;C:\WINDOWS\System32\Wbem;C:\WINDOWS\System32\WindowsPowerShell\v1.0\;C:\WINDOWS\System32\OpenSSH\;C:\Program Files\NVIDIA Corporation\NVIDIA App\NvDLISR;C:\Program Files (x86)\NVIDIA Corporation\PhysX\Common;C:\Program Files\dotnet\;C:\Program Files\Git\cmd;C:\Program Files\PowerShell\7\;C:\Program Files\Tailscale\;C:\Users\b-qu\AppData\Local\Programs\Python\Python312\Scripts\;C:\Users\b-qu\AppData\Local\Programs\Python\Python312\;C:\Users\b-qu\scoop\apps\git\current\cmd;C:\Users\b-qu\scoop\shim;C:\WINDOWS\system32;C:\WINDOWS;C:\WINDOWS\System32\Wbem;C:\WINDOWS\System32\WindowsPowerShell\v1.0\;C:\WINDOWS\System32\OpenSSH\;C:\Program Files\nodejs\;C:\Program Files\NVIDIA Corporation\Nsight Compute 2025.4.1\;C:\Program Files\Go\bin;C:\Users\b-qu\AppData\Local\Programs\Python\Python312\Scripts\;C:\Users\b-qu\AppData\Local\Programs\Python\Python312\;C:\Users\b-qu\AppData\Local\Programs\Python\Launcher\;C:\Users\b-qu\scoop\apps\git\current\cmd;C:\Users\b-qu\scoop\shims;C:\Users\b-qu\.local\bin;C:\Users\b-qu\AppData\Local\Microsoft\WindowsApps;C:\Users\b-qu\.dotnet\tools;C:\Users\b-qu\AppData\Local\Programs\Antigravity\bin;C:\Users\b-qu\AppData\Local\Microsoft\WinGet\Links;C:\cloudflared;;C:\Users\b-qu\AppData\Local\Programs\Ollama;C:\Users\b-qu\AppData\Local\Programs\Microsoft VS Code\bin;C:\Users\b-qu\AppData\Roaming\npm;C:\Users\b-qu\go\bin
[2026-02-26 19:57:38] [START] Launching: project:3002 @ 3002
[2026-02-26 19:57:39] [OK] PID 22368 started for project:3002
[2026-02-26 19:57:40] [START] Launching: project:3003 @ 3003
[2026-02-26 19:57:40] [OK] PID 26472 started for project:3003
[2026-02-26 19:57:41] [START] Launching: project:3004 @ 3004
[2026-02-26 19:57:41] [OK] PID 31368 started for project:3004
[2026-02-26 19:57:41] [START] Launching: project:3005 @ 3005
[2026-02-26 19:57:41] [OK] PID 14016 started for project:3005
[2026-02-26 20:02:21] [START] Performing Magic Startup...
[2026-02-26 20:02:21] Current Base Path: D:\tailscale magic\dist
[2026-02-26 20:02:21] Project Config: D:\tailscale magic\dist\projects.json
[2026-02-26 20:02:21] System PATH: C:\Users\b-qu\AppData\Local\Temp\_MEI321562\pywin32_system32;C:\Program Files\NVIDIA GPU Computing Toolkit\CUDA\v13.1\bin\x64;C:\Program Files\NVIDIA GPU Computing Toolkit\CUDA\v13.1\bin;C:\WINDOWS\system32\image2video\.venv\Scripts;C:\Program Files\Eclipse Adoptium\jdk-21.0.10.7-hotspot\bin;C:\Program Files\Eclipse Adoptium\jdk-8.0.472.8-hotspot\bin;C:\Program Files (x86)\Common Files\Oracle\Java\java8path;C:\Program Files (x86)\Common Files\Oracle\Java\javapath;C:\Program Files\NVIDIA GPU Computing Toolkit\CUDA\v13.0\bin\x64;C:\Program Files\NVIDIA GPU Computing Toolkit\CUDA\v13.0\bin;C:\WINDOWS\system32;C:\WINDOWS;C:\WINDOWS\System32\Wbem;C:\WINDOWS\System32\WindowsPowerShell\v1.0\;C:\WINDOWS\System32\OpenSSH\;C:\Program Files\NVIDIA Corporation\NVIDIA App\NvDLISR;C:\Program Files (x86)\NVIDIA Corporation\PhysX\Common;C:\Program Files\dotnet\;C:\Program Files\Git\cmd;C:\Program Files\PowerShell\7\;C:\Program Files\Tailscale\;C:\Users\b-qu\AppData\Local\Programs\Python\Python312\Scripts\;C:\Users\b-qu\AppData\Local\Programs\Python\Python312\;C:\Users\b-qu\scoop\apps\git\current\cmd;C:\Users\b-qu\scoop\shim;C:\WINDOWS\system32;C:\WINDOWS;C:\WINDOWS\System32\Wbem;C:\WINDOWS\System32\WindowsPowerShell\v1.0\;C:\WINDOWS\System32\OpenSSH\;C:\Program Files\nodejs\;C:\Program Files\NVIDIA Corporation\Nsight Compute 2025.4.1\;C:\Program Files\Go\bin;C:\Users\b-qu\AppData\Local\Programs\Python\Python312\Scripts\;C:\Users\b-qu\AppData\Local\Programs\Python\Python312\;C:\Users\b-qu\AppData\Local\Programs\Python\Launcher\;C:\Users\b-qu\scoop\apps\git\current\cmd;C:\Users\b-qu\scoop\shims;C:\Users\b-qu\.local\bin;C:\Users\b-qu\AppData\Local\Microsoft\WindowsApps;C:\Users\b-qu\.dotnet\tools;C:\Users\b-qu\AppData\Local\Programs\Antigravity\bin;C:\Users\b-qu\AppData\Local\Microsoft\WinGet\Links;C:\cloudflared;;C:\Users\b-qu\AppData\Local\Programs\Ollama;C:\Users\b-qu\AppData\Local\Programs\Microsoft VS Code\bin;C:\Users\b-qu\AppData\Roaming\npm;C:\Users\b-qu\go\bin
[2026-02-26 20:02:21] [START] Launching: project:3002 @ 3002
[2026-02-26 20:02:22] [OK] PID 18888 started for project:3002
[2026-02-26 20:02:23] [START] Launching: project:3003 @ 3003
[2026-02-26 20:02:23] [OK] PID 2184 started for project:3003
[2026-02-26 20:02:24] [START] Launching: project:3004 @ 3004
[2026-02-26 20:02:24] [OK] PID 4060 started for project:3004
[2026-02-26 20:02:25] [START] Launching: project:3005 @ 3005
[2026-02-26 20:02:25] [OK] PID 5512 started for project:3005
[2026-02-26 20:06:33] [START] Performing Magic Startup...
[2026-02-26 20:06:33] Current Base Path: D:\tailscale magic\dist
[2026-02-26 20:06:33] Project Config: D:\tailscale magic\dist\projects.json
[2026-02-26 20:06:33] System PATH: C:\Users\b-qu\AppData\Local\Temp\_MEI79242\pywin32_system32;C:\Program Files\NVIDIA GPU Computing Toolkit\CUDA\v13.1\bin\x64;C:\Program Files\NVIDIA GPU Computing Toolkit\CUDA\v13.1\bin;C:\WINDOWS\system32\image2video\.venv\Scripts;C:\Program Files\Eclipse Adoptium\jdk-21.0.10.7-hotspot\bin;C:\Program Files\Eclipse Adoptium\jdk-8.0.472.8-hotspot\bin;C:\Program Files (x86)\Common Files\Oracle\Java\java8path;C:\Program Files (x86)\Common Files\Oracle\Java\javapath;C:\Program Files\NVIDIA GPU Computing Toolkit\CUDA\v13.0\bin\x64;C:\Program Files\NVIDIA GPU Computing Toolkit\CUDA\v13.0\bin;C:\WINDOWS\system32;C:\WINDOWS;C:\WINDOWS\System32\Wbem;C:\WINDOWS\System32\WindowsPowerShell\v1.0\;C:\WINDOWS\System32\OpenSSH\;C:\Program Files\NVIDIA Corporation\NVIDIA App\NvDLISR;C:\Program Files (x86)\NVIDIA Corporation\PhysX\Common;C:\Program Files\dotnet\;C:\Program Files\Git\cmd;C:\Program Files\PowerShell\7\;C:\Program Files\Tailscale\;C:\Users\b-qu\AppData\Local\Programs\Python\Python312\Scripts\;C:\Users\b-qu\AppData\Local\Programs\Python\Python312\;C:\Users\b-qu\scoop\apps\git\current\cmd;C:\Users\b-qu\scoop\shim;C:\WINDOWS\system32;C:\WINDOWS;C:\WINDOWS\System32\Wbem;C:\WINDOWS\System32\WindowsPowerShell\v1.0\;C:\WINDOWS\System32\OpenSSH\;C:\Program Files\nodejs\;C:\Program Files\NVIDIA Corporation\Nsight Compute 2025.4.1\;C:\Program Files\Go\bin;C:\Users\b-qu\AppData\Local\Programs\Python\Python312\Scripts\;C:\Users\b-qu\AppData\Local\Programs\Python\Python312\;C:\Users\b-qu\AppData\Local\Programs\Python\Launcher\;C:\Users\b-qu\scoop\apps\git\current\cmd;C:\Users\b-qu\scoop\shims;C:\Users\b-qu\.local\bin;C:\Users\b-qu\AppData\Local\Microsoft\WindowsApps;C:\Users\b-qu\.dotnet\tools;C:\Users\b-qu\AppData\Local\Programs\Antigravity\bin;C:\Users\b-qu\AppData\Local\Microsoft\WinGet\Links;C:\cloudflared;;C:\Users\b-qu\AppData\Local\Programs\Ollama;C:\Users\b-qu\AppData\Local\Programs\Microsoft VS Code\bin;C:\Users\b-qu\AppData\Roaming\npm;C:\Users\b-qu\go\bin
[2026-02-26 20:06:36] [START] Launching: project:3002 @ 3002
[2026-02-26 20:06:37] [OK] PID 33028 started for project:3002
[2026-02-26 20:06:37] [START] Launching: project:3003 @ 3003
[2026-02-26 20:06:37] [OK] PID 22116 started for project:3003
[2026-02-26 20:06:38] [START] Launching: project:3004 @ 3004
[2026-02-26 20:06:38] [OK] PID 34644 started for project:3004
[2026-02-26 20:06:39] [START] Launching: project:3005 @ 3005
[2026-02-26 20:06:39] [OK] PID 35572 started for project:3005
[2026-02-26 20:09:11] [START] Performing Magic Startup...
[2026-02-26 20:09:11] Current Base Path: D:\tailscale magic\dist
[2026-02-26 20:09:11] Project Config: D:\tailscale magic\dist\projects.json
[2026-02-26 20:09:11] System PATH: C:\Users\b-qu\AppData\Local\Temp\_MEI79162\pywin32_system32;C:\Program Files\NVIDIA GPU Computing Toolkit\CUDA\v13.1\bin\x64;C:\Program Files\NVIDIA GPU Computing Toolkit\CUDA\v13.1\bin;C:\WINDOWS\system32\image2video\.venv\Scripts;C:\Program Files\Eclipse Adoptium\jdk-21.0.10.7-hotspot\bin;C:\Program Files\Eclipse Adoptium\jdk-8.0.472.8-hotspot\bin;C:\Program Files (x86)\Common Files\Oracle\Java\java8path;C:\Program Files (x86)\Common Files\Oracle\Java\javapath;C:\Program Files\NVIDIA GPU Computing Toolkit\CUDA\v13.0\bin\x64;C:\Program Files\NVIDIA GPU Computing Toolkit\CUDA\v13.0\bin;C:\WINDOWS\system32;C:\WINDOWS;C:\WINDOWS\System32\Wbem;C:\WINDOWS\System32\WindowsPowerShell\v1.0\;C:\WINDOWS\System32\OpenSSH\;C:\Program Files\NVIDIA Corporation\NVIDIA App\NvDLISR;C:\Program Files (x86)\NVIDIA Corporation\PhysX\Common;C:\Program Files\dotnet\;C:\Program Files\Git\cmd;C:\Program Files\PowerShell\7\;C:\Program Files\Tailscale\;C:\Users\b-qu\AppData\Local\Programs\Python\Python312\Scripts\;C:\Users\b-qu\AppData\Local\Programs\Python\Python312\;C:\Users\b-qu\scoop\apps\git\current\cmd;C:\Users\b-qu\scoop\shim;C:\WINDOWS\system32;C:\WINDOWS;C:\WINDOWS\System32\Wbem;C:\WINDOWS\System32\WindowsPowerShell\v1.0\;C:\WINDOWS\System32\OpenSSH\;C:\Program Files\nodejs\;C:\Program Files\NVIDIA Corporation\Nsight Compute 2025.4.1\;C:\Program Files\Go\bin;C:\Users\b-qu\AppData\Local\Programs\Python\Python312\Scripts\;C:\Users\b-qu\AppData\Local\Programs\Python\Python312\;C:\Users\b-qu\AppData\Local\Programs\Python\Launcher\;C:\Users\b-qu\scoop\apps\git\current\cmd;C:\Users\b-qu\scoop\shims;C:\Users\b-qu\.local\bin;C:\Users\b-qu\AppData\Local\Microsoft\WindowsApps;C:\Users\b-qu\.dotnet\tools;C:\Users\b-qu\AppData\Local\Programs\Antigravity\bin;C:\Users\b-qu\AppData\Local\Microsoft\WinGet\Links;C:\cloudflared;;C:\Users\b-qu\AppData\Local\Programs\Ollama;C:\Users\b-qu\AppData\Local\Programs\Microsoft VS Code\bin;C:\Users\b-qu\AppData\Roaming\npm;C:\Users\b-qu\go\bin
[2026-02-26 20:09:12] [START] Launching: project:3002 @ 3002
[2026-02-26 20:09:13] [OK] PID 31956 started for project:3002
[2026-02-26 20:09:14] [START] Launching: project:3003 @ 3003
[2026-02-26 20:09:14] [OK] PID 10580 started for project:3003
[2026-02-26 20:09:14] [START] Launching: project:3004 @ 3004
[2026-02-26 20:09:14] [OK] PID 35280 started for project:3004
[2026-02-26 20:09:15] [START] Launching: project:3005 @ 3005
[2026-02-26 20:09:15] [OK] PID 33904 started for project:3005
[2026-02-26 20:13:46] [START] Performing Magic Startup...
[2026-02-26 20:13:46] Current Base Path: D:\tailscale magic\dist
[2026-02-26 20:13:46] Project Config: D:\tailscale magic\dist\projects.json
[2026-02-26 20:13:46] System PATH: C:\Users\b-qu\AppData\Local\Temp\_MEI267882\pywin32_system32;C:\Program Files\NVIDIA GPU Computing Toolkit\CUDA\v13.1\bin\x64;C:\Program Files\NVIDIA GPU Computing Toolkit\CUDA\v13.1\bin;C:\WINDOWS\system32\image2video\.venv\Scripts;C:\Program Files\Eclipse Adoptium\jdk-21.0.10.7-hotspot\bin;C:\Program Files\Eclipse Adoptium\jdk-8.0.472.8-hotspot\bin;C:\Program Files (x86)\Common Files\Oracle\Java\java8path;C:\Program Files (x86)\Common Files\Oracle\Java\javapath;C:\Program Files\NVIDIA GPU Computing Toolkit\CUDA\v13.0\bin\x64;C:\Program Files\NVIDIA GPU Computing Toolkit\CUDA\v13.0\bin;C:\WINDOWS\system32;C:\WINDOWS;C:\WINDOWS\System32\Wbem;C:\WINDOWS\System32\WindowsPowerShell\v1.0\;C:\WINDOWS\System32\OpenSSH\;C:\Program Files\NVIDIA Corporation\NVIDIA App\NvDLISR;C:\Program Files (x86)\NVIDIA Corporation\PhysX\Common;C:\Program Files\dotnet\;C:\Program Files\Git\cmd;C:\Program Files\PowerShell\7\;C:\Program Files\Tailscale\;C:\Users\b-qu\AppData\Local\Programs\Python\Python312\Scripts\;C:\Users\b-qu\AppData\Local\Programs\Python\Python312\;C:\Users\b-qu\scoop\apps\git\current\cmd;C:\Users\b-qu\scoop\shim;C:\WINDOWS\system32;C:\WINDOWS;C:\WINDOWS\System32\Wbem;C:\WINDOWS\System32\WindowsPowerShell\v1.0\;C:\WINDOWS\System32\OpenSSH\;C:\Program Files\nodejs\;C:\Program Files\NVIDIA Corporation\Nsight Compute 2025.4.1\;C:\Program Files\Go\bin;C:\Users\b-qu\AppData\Local\Programs\Python\Python312\Scripts\;C:\Users\b-qu\AppData\Local\Programs\Python\Python312\;C:\Users\b-qu\AppData\Local\Programs\Python\Launcher\;C:\Users\b-qu\scoop\apps\git\current\cmd;C:\Users\b-qu\scoop\shims;C:\Users\b-qu\.local\bin;C:\Users\b-qu\AppData\Local\Microsoft\WindowsApps;C:\Users\b-qu\.dotnet\tools;C:\Users\b-qu\AppData\Local\Programs\Antigravity\bin;C:\Users\b-qu\AppData\Local\Microsoft\WinGet\Links;C:\cloudflared;;C:\Users\b-qu\AppData\Local\Programs\Ollama;C:\Users\b-qu\AppData\Local\Programs\Microsoft VS Code\bin;C:\Users\b-qu\AppData\Roaming\npm;C:\Users\b-qu\go\bin
[2026-02-26 20:13:47] [START] Launching: project:3002 @ 3002
[2026-02-26 20:13:47] [OK] PID 10592 started for project:3002
[2026-02-26 20:13:48] [START] Launching: project:3003 @ 3003
[2026-02-26 20:13:48] [OK] PID 28688 started for project:3003
[2026-02-26 20:13:49] [START] Launching: project:3004 @ 3004
[2026-02-26 20:13:49] [OK] PID 35024 started for project:3004
[2026-02-26 20:13:50] [START] Launching: project:3005 @ 3005
[2026-02-26 20:13:50] [OK] PID 23248 started for project:3005
[2026-02-26 20:17:23] [START] Performing Magic Startup...
[2026-02-26 20:17:23] Current Base Path: D:\tailscale magic\dist
[2026-02-26 20:17:23] Project Config: D:\tailscale magic\dist\projects.json
[2026-02-26 20:17:23] System PATH: C:\Users\b-qu\AppData\Local\Temp\_MEI340602\pywin32_system32;C:\Program Files\NVIDIA GPU Computing Toolkit\CUDA\v13.1\bin\x64;C:\Program Files\NVIDIA GPU Computing Toolkit\CUDA\v13.1\bin;C:\WINDOWS\system32\image2video\.venv\Scripts;C:\Program Files\Eclipse Adoptium\jdk-21.0.10.7-hotspot\bin;C:\Program Files\Eclipse Adoptium\jdk-8.0.472.8-hotspot\bin;C:\Program Files (x86)\Common Files\Oracle\Java\java8path;C:\Program Files (x86)\Common Files\Oracle\Java\javapath;C:\Program Files\NVIDIA GPU Computing Toolkit\CUDA\v13.0\bin\x64;C:\Program Files\NVIDIA GPU Computing Toolkit\CUDA\v13.0\bin;C:\WINDOWS\system32;C:\WINDOWS;C:\WINDOWS\System32\Wbem;C:\WINDOWS\System32\WindowsPowerShell\v1.0\;C:\WINDOWS\System32\OpenSSH\;C:\Program Files\NVIDIA Corporation\NVIDIA App\NvDLISR;C:\Program Files (x86)\NVIDIA Corporation\PhysX\Common;C:\Program Files\dotnet\;C:\Program Files\Git\cmd;C:\Program Files\PowerShell\7\;C:\Program Files\Tailscale\;C:\Users\b-qu\AppData\Local\Programs\Python\Python312\Scripts\;C:\Users\b-qu\AppData\Local\Programs\Python\Python312\;C:\Users\b-qu\scoop\apps\git\current\cmd;C:\Users\b-qu\scoop\shim;C:\WINDOWS\system32;C:\WINDOWS;C:\WINDOWS\System32\Wbem;C:\WINDOWS\System32\WindowsPowerShell\v1.0\;C:\WINDOWS\System32\OpenSSH\;C:\Program Files\nodejs\;C:\Program Files\NVIDIA Corporation\Nsight Compute 2025.4.1\;C:\Program Files\Go\bin;C:\Users\b-qu\AppData\Local\Programs\Python\Python312\Scripts\;C:\Users\b-qu\AppData\Local\Programs\Python\Python312\;C:\Users\b-qu\AppData\Local\Programs\Python\Launcher\;C:\Users\b-qu\scoop\apps\git\current\cmd;C:\Users\b-qu\scoop\shims;C:\Users\b-qu\.local\bin;C:\Users\b-qu\AppData\Local\Microsoft\WindowsApps;C:\Users\b-qu\.dotnet\tools;C:\Users\b-qu\AppData\Local\Programs\Antigravity\bin;C:\Users\b-qu\AppData\Local\Microsoft\WinGet\Links;C:\cloudflared;;C:\Users\b-qu\AppData\Local\Programs\Ollama;C:\Users\b-qu\AppData\Local\Programs\Microsoft VS Code\bin;C:\Users\b-qu\AppData\Roaming\npm;C:\Users\b-qu\go\bin
[2026-02-26 20:17:24] [START] Launching: project:3002 @ 3002
[2026-02-26 20:17:24] [OK] PID 26744 started for project:3002
[2026-02-26 20:17:25] [START] Launching: project:3003 @ 3003
[2026-02-26 20:17:25] [OK] PID 23792 started for project:3003
[2026-02-26 20:17:26] [START] Launching: project:3004 @ 3004
[2026-02-26 20:17:26] [OK] PID 23472 started for project:3004
[2026-02-26 20:17:26] [START] Launching: project:3005 @ 3005
[2026-02-26 20:17:26] [OK] PID 24712 started for project:3005
[2026-02-26 20:28:07] [START] Performing Magic Startup...
[2026-02-26 20:28:07] Current Base Path: D:\tailscale magic\dist
[2026-02-26 20:28:07] Project Config: D:\tailscale magic\dist\projects.json
[2026-02-26 20:28:07] System PATH: C:\Users\b-qu\AppData\Local\Temp\_MEI330442\pywin32_system32;C:\Program Files\NVIDIA GPU Computing Toolkit\CUDA\v13.1\bin\x64;C:\Program Files\NVIDIA GPU Computing Toolkit\CUDA\v13.1\bin;C:\WINDOWS\system32\image2video\.venv\Scripts;C:\Program Files\Eclipse Adoptium\jdk-21.0.10.7-hotspot\bin;C:\Program Files\Eclipse Adoptium\jdk-8.0.472.8-hotspot\bin;C:\Program Files (x86)\Common Files\Oracle\Java\java8path;C:\Program Files (x86)\Common Files\Oracle\Java\javapath;C:\Program Files\NVIDIA GPU Computing Toolkit\CUDA\v13.0\bin\x64;C:\Program Files\NVIDIA GPU Computing Toolkit\CUDA\v13.0\bin;C:\WINDOWS\system32;C:\WINDOWS;C:\WINDOWS\System32\Wbem;C:\WINDOWS\System32\WindowsPowerShell\v1.0\;C:\WINDOWS\System32\OpenSSH\;C:\Program Files\NVIDIA Corporation\NVIDIA App\NvDLISR;C:\Program Files (x86)\NVIDIA Corporation\PhysX\Common;C:\Program Files\dotnet\;C:\Program Files\Git\cmd;C:\Program Files\PowerShell\7\;C:\Program Files\Tailscale\;C:\Users\b-qu\AppData\Local\Programs\Python\Python312\Scripts\;C:\Users\b-qu\AppData\Local\Programs\Python\Python312\;C:\Users\b-qu\scoop\apps\git\current\cmd;C:\Users\b-qu\scoop\shim;C:\WINDOWS\system32;C:\WINDOWS;C:\WINDOWS\System32\Wbem;C:\WINDOWS\System32\WindowsPowerShell\v1.0\;C:\WINDOWS\System32\OpenSSH\;C:\Program Files\nodejs\;C:\Program Files\NVIDIA Corporation\Nsight Compute 2025.4.1\;C:\Program Files\Go\bin;C:\Users\b-qu\AppData\Local\Programs\Python\Python312\Scripts\;C:\Users\b-qu\AppData\Local\Programs\Python\Python312\;C:\Users\b-qu\AppData\Local\Programs\Python\Launcher\;C:\Users\b-qu\scoop\apps\git\current\cmd;C:\Users\b-qu\scoop\shims;C:\Users\b-qu\.local\bin;C:\Users\b-qu\AppData\Local\Microsoft\WindowsApps;C:\Users\b-qu\.dotnet\tools;C:\Users\b-qu\AppData\Local\Programs\Antigravity\bin;C:\Users\b-qu\AppData\Local\Microsoft\WinGet\Links;C:\cloudflared;;C:\Users\b-qu\AppData\Local\Programs\Ollama;C:\Users\b-qu\AppData\Local\Programs\Microsoft VS Code\bin;C:\Users\b-qu\AppData\Roaming\npm;C:\Users\b-qu\go\bin
[2026-02-26 20:28:08] [START] Launching: project:3002 @ 3002
[2026-02-26 20:28:08] [OK] PID 34212 started for project:3002
[2026-02-26 20:28:09] [START] Launching: project:3003 @ 3003
[2026-02-26 20:28:09] [OK] PID 28960 started for project:3003
[2026-02-26 20:28:09] [START] Launching: project:3004 @ 3004
[2026-02-26 20:28:09] [OK] PID 16140 started for project:3004
[2026-02-26 20:28:10] [START] Launching: project:3005 @ 3005
[2026-02-26 20:28:10] [OK] PID 23968 started for project:3005
[2026-02-26 21:14:09] [START] Performing Magic Startup...
[2026-02-26 21:14:09] Current Base Path: D:\tailscale magic\dist
[2026-02-26 21:14:09] Project Config: D:\tailscale magic\dist\projects.json
[2026-02-26 21:14:09] System PATH: C:\Users\b-qu\AppData\Local\Temp\_MEI215802\pywin32_system32;C:\Program Files\NVIDIA GPU Computing Toolkit\CUDA\v13.1\bin\x64;C:\Program Files\NVIDIA GPU Computing Toolkit\CUDA\v13.1\bin;C:\WINDOWS\system32\image2video\.venv\Scripts;C:\Program Files\Eclipse Adoptium\jdk-21.0.10.7-hotspot\bin;C:\Program Files\Eclipse Adoptium\jdk-8.0.472.8-hotspot\bin;C:\Program Files (x86)\Common Files\Oracle\Java\java8path;C:\Program Files (x86)\Common Files\Oracle\Java\javapath;C:\Program Files\NVIDIA GPU Computing Toolkit\CUDA\v13.0\bin\x64;C:\Program Files\NVIDIA GPU Computing Toolkit\CUDA\v13.0\bin;C:\WINDOWS\system32;C:\WINDOWS;C:\WINDOWS\System32\Wbem;C:\WINDOWS\System32\WindowsPowerShell\v1.0\;C:\WINDOWS\System32\OpenSSH\;C:\Program Files\NVIDIA Corporation\NVIDIA App\NvDLISR;C:\Program Files (x86)\NVIDIA Corporation\PhysX\Common;C:\Program Files\dotnet\;C:\Program Files\Git\cmd;C:\Program Files\PowerShell\7\;C:\Program Files\Tailscale\;C:\Users\b-qu\AppData\Local\Programs\Python\Python312\Scripts\;C:\Users\b-qu\AppData\Local\Programs\Python\Python312\;C:\Users\b-qu\scoop\apps\git\current\cmd;C:\Users\b-qu\scoop\shim;C:\WINDOWS\system32;C:\WINDOWS;C:\WINDOWS\System32\Wbem;C:\WINDOWS\System32\WindowsPowerShell\v1.0\;C:\WINDOWS\System32\OpenSSH\;C:\Program Files\nodejs\;C:\Program Files\NVIDIA Corporation\Nsight Compute 2025.4.1\;C:\Program Files\Go\bin;C:\Users\b-qu\AppData\Local\Programs\Python\Python312\Scripts\;C:\Users\b-qu\AppData\Local\Programs\Python\Python312\;C:\Users\b-qu\AppData\Local\Programs\Python\Launcher\;C:\Users\b-qu\scoop\apps\git\current\cmd;C:\Users\b-qu\scoop\shims;C:\Users\b-qu\.local\bin;C:\Users\b-qu\AppData\Local\Microsoft\WindowsApps;C:\Users\b-qu\.dotnet\tools;C:\Users\b-qu\AppData\Local\Programs\Antigravity\bin;C:\Users\b-qu\AppData\Local\Microsoft\WinGet\Links;C:\cloudflared;;C:\Users\b-qu\AppData\Local\Programs\Ollama;C:\Users\b-qu\AppData\Local\Programs\Microsoft VS Code\bin;C:\Users\b-qu\AppData\Roaming\npm;C:\Users\b-qu\go\bin
[2026-02-26 21:14:09] ⚠️ Port 3002 is occupied by PID 11316 (node.exe)
[2026-02-26 21:14:09] [CLEAN] Clearing port 3002 for project launch...
[2026-02-26 21:14:09] ⚠️ Port 3002 is occupied by PID 11316 (node.exe)
[2026-02-26 21:14:09] [CLEAN] Clearing port 3002 for project launch...
[2026-02-26 21:14:10] [START] Launching: project:3002 @ 3002
[2026-02-26 21:14:11] [OK] PID 23708 started for project:3002
[2026-02-26 21:14:11] ⚠️ Port 3003 is occupied by PID 25116 (node.exe)
[2026-02-26 21:14:11] [CLEAN] Clearing port 3003 for project launch...
[2026-02-26 21:14:11] ⚠️ Port 3003 is occupied by PID 25116 (node.exe)
[2026-02-26 21:14:11] [CLEAN] Clearing port 3003 for project launch...
[2026-02-26 21:14:12] [START] Launching: project:3003 @ 3003
[2026-02-26 21:14:12] [OK] PID 19292 started for project:3003
[2026-02-26 21:14:12] ⚠️ Port 3004 is occupied by PID 14940 (node.exe)
[2026-02-26 21:14:12] [CLEAN] Clearing port 3004 for project launch...
[2026-02-26 21:14:12] [START] Launching: project:3004 @ 3004
[2026-02-26 21:14:13] [OK] PID 23048 started for project:3004
[2026-02-26 21:14:13] ⚠️ Port 3005 is occupied by PID 2816 (node.exe)
[2026-02-26 21:14:13] [CLEAN] Clearing port 3005 for project launch...
[2026-02-26 21:14:13] ⚠️ Port 3005 is occupied by PID 2816 (node.exe)
[2026-02-26 21:14:13] [CLEAN] Clearing port 3005 for project launch...
[2026-02-26 21:14:14] [START] Launching: project:3005 @ 3005
[2026-02-26 21:14:14] [OK] PID 31368 started for project:3005
[2026-02-26 21:47:15] [START] Performing Magic Startup...
[2026-02-26 21:47:15] Current Base Path: D:\tailscale magic\dist
[2026-02-26 21:47:15] Project Config: D:\tailscale magic\dist\projects.json
[2026-02-26 21:47:15] System PATH: C:\Users\b-qu\AppData\Local\Temp\_MEI226642\pywin32_system32;C:\Program Files\NVIDIA GPU Computing Toolkit\CUDA\v13.1\bin\x64;C:\Program Files\NVIDIA GPU Computing Toolkit\CUDA\v13.1\bin;C:\WINDOWS\system32\image2video\.venv\Scripts;C:\Program Files\Eclipse Adoptium\jdk-21.0.10.7-hotspot\bin;C:\Program Files\Eclipse Adoptium\jdk-8.0.472.8-hotspot\bin;C:\Program Files (x86)\Common Files\Oracle\Java\java8path;C:\Program Files (x86)\Common Files\Oracle\Java\javapath;C:\Program Files\NVIDIA GPU Computing Toolkit\CUDA\v13.0\bin\x64;C:\Program Files\NVIDIA GPU Computing Toolkit\CUDA\v13.0\bin;C:\WINDOWS\system32;C:\WINDOWS;C:\WINDOWS\System32\Wbem;C:\WINDOWS\System32\WindowsPowerShell\v1.0\;C:\WINDOWS\System32\OpenSSH\;C:\Program Files\NVIDIA Corporation\NVIDIA App\NvDLISR;C:\Program Files (x86)\NVIDIA Corporation\PhysX\Common;C:\Program Files\dotnet\;C:\Program Files\Git\cmd;C:\Program Files\PowerShell\7\;C:\Program Files\Tailscale\;C:\Users\b-qu\AppData\Local\Programs\Python\Python312\Scripts\;C:\Users\b-qu\AppData\Local\Programs\Python\Python312\;C:\Users\b-qu\scoop\apps\git\current\cmd;C:\Users\b-qu\scoop\shim;C:\WINDOWS\system32;C:\WINDOWS;C:\WINDOWS\System32\Wbem;C:\WINDOWS\System32\WindowsPowerShell\v1.0\;C:\WINDOWS\System32\OpenSSH\;C:\Program Files\nodejs\;C:\Program Files\NVIDIA Corporation\Nsight Compute 2025.4.1\;C:\Program Files\Go\bin;C:\Users\b-qu\AppData\Local\Programs\Python\Python312\Scripts\;C:\Users\b-qu\AppData\Local\Programs\Python\Python312\;C:\Users\b-qu\AppData\Local\Programs\Python\Launcher\;C:\Users\b-qu\scoop\apps\git\current\cmd;C:\Users\b-qu\scoop\shims;C:\Users\b-qu\.local\bin;C:\Users\b-qu\AppData\Local\Microsoft\WindowsApps;C:\Users\b-qu\.dotnet\tools;C:\Users\b-qu\AppData\Local\Programs\Antigravity\bin;C:\Users\b-qu\AppData\Local\Microsoft\WinGet\Links;C:\cloudflared;;C:\Users\b-qu\AppData\Local\Programs\Ollama;C:\Users\b-qu\AppData\Local\Programs\Microsoft VS Code\bin;C:\Users\b-qu\AppData\Roaming\npm;C:\Users\b-qu\go\bin
[2026-02-26 21:47:15] ⚠️ Port 3002 is occupied by PID 0 (System Idle Process)
[2026-02-26 21:47:16] [CLEAN] Clearing port 3002 for project launch...
[2026-02-26 21:47:17] ⚠️ Port 3002 is occupied by PID 32436 (node.exe)
[2026-02-26 21:47:17] [CLEAN] Clearing port 3002 for project launch...
[2026-02-26 21:47:17] ⚠️ Port 3002 is occupied by PID 32436 (node.exe)
[2026-02-26 21:47:17] [CLEAN] Clearing port 3002 for project launch...
[2026-02-26 21:47:17] [START] Launching: project:3002 @ 3002
[2026-02-26 21:47:18] [OK] PID 13680 started for project:3002
[2026-02-26 21:47:18] ⚠️ Port 3003 is occupied by PID 0 (System Idle Process)
[2026-02-26 21:47:18] [CLEAN] Clearing port 3003 for project launch...
[2026-02-26 21:47:19] ⚠️ Port 3003 is occupied by PID 24348 (node.exe)
[2026-02-26 21:47:19] [CLEAN] Clearing port 3003 for project launch...
[2026-02-26 21:47:19] ⚠️ Port 3003 is occupied by PID 24348 (node.exe)
[2026-02-26 21:47:19] [CLEAN] Clearing port 3003 for project launch...
[2026-02-26 21:47:19] [START] Launching: project:3003 @ 3003
[2026-02-26 21:47:19] [OK] PID 6328 started for project:3003
[2026-02-26 21:47:19] ⚠️ Port 3004 is occupied by PID 0 (System Idle Process)
[2026-02-26 21:47:19] [CLEAN] Clearing port 3004 for project launch...
[2026-02-26 21:47:20] ⚠️ Port 3004 is occupied by PID 15216 (node.exe)
[2026-02-26 21:47:20] [CLEAN] Clearing port 3004 for project launch...
[2026-02-26 21:47:20] [START] Launching: project:3004 @ 3004
[2026-02-26 21:47:20] [OK] PID 12376 started for project:3004
[2026-02-26 21:47:20] ⚠️ Port 3005 is occupied by PID 0 (System Idle Process)
[2026-02-26 21:47:20] [CLEAN] Clearing port 3005 for project launch...
[2026-02-26 21:47:21] ⚠️ Port 3005 is occupied by PID 7700 (node.exe)
[2026-02-26 21:47:21] [CLEAN] Clearing port 3005 for project launch...
[2026-02-26 21:47:21] ⚠️ Port 3005 is occupied by PID 7700 (node.exe)
[2026-02-26 21:47:21] [CLEAN] Clearing port 3005 for project launch...
[2026-02-26 21:47:21] [START] Launching: project:3005 @ 3005
[2026-02-26 21:47:21] [OK] PID 8408 started for project:3005
[2026-02-26 21:53:34] [START] Performing Magic Startup...
[2026-02-26 21:53:34] Current Base Path: D:\tailscale magic\dist
[2026-02-26 21:53:34] Project Config: D:\tailscale magic\dist\projects.json
[2026-02-26 21:53:34] System PATH: C:\Users\b-qu\AppData\Local\Temp\_MEI146882\pywin32_system32;C:\Program Files\NVIDIA GPU Computing Toolkit\CUDA\v13.1\bin\x64;C:\Program Files\NVIDIA GPU Computing Toolkit\CUDA\v13.1\bin;C:\WINDOWS\system32\image2video\.venv\Scripts;C:\Program Files\Eclipse Adoptium\jdk-21.0.10.7-hotspot\bin;C:\Program Files\Eclipse Adoptium\jdk-8.0.472.8-hotspot\bin;C:\Program Files (x86)\Common Files\Oracle\Java\java8path;C:\Program Files (x86)\Common Files\Oracle\Java\javapath;C:\Program Files\NVIDIA GPU Computing Toolkit\CUDA\v13.0\bin\x64;C:\Program Files\NVIDIA GPU Computing Toolkit\CUDA\v13.0\bin;C:\WINDOWS\system32;C:\WINDOWS;C:\WINDOWS\System32\Wbem;C:\WINDOWS\System32\WindowsPowerShell\v1.0\;C:\WINDOWS\System32\OpenSSH\;C:\Program Files\NVIDIA Corporation\NVIDIA App\NvDLISR;C:\Program Files (x86)\NVIDIA Corporation\PhysX\Common;C:\Program Files\dotnet\;C:\Program Files\Git\cmd;C:\Program Files\PowerShell\7\;C:\Program Files\Tailscale\;C:\Users\b-qu\AppData\Local\Programs\Python\Python312\Scripts\;C:\Users\b-qu\AppData\Local\Programs\Python\Python312\;C:\Users\b-qu\scoop\apps\git\current\cmd;C:\Users\b-qu\scoop\shim;C:\WINDOWS\system32;C:\WINDOWS;C:\WINDOWS\System32\Wbem;C:\WINDOWS\System32\WindowsPowerShell\v1.0\;C:\WINDOWS\System32\OpenSSH\;C:\Program Files\nodejs\;C:\Program Files\NVIDIA Corporation\Nsight Compute 2025.4.1\;C:\Program Files\Go\bin;C:\Users\b-qu\AppData\Local\Programs\Python\Python312\Scripts\;C:\Users\b-qu\AppData\Local\Programs\Python\Python312\;C:\Users\b-qu\AppData\Local\Programs\Python\Launcher\;C:\Users\b-qu\scoop\apps\git\current\cmd;C:\Users\b-qu\scoop\shims;C:\Users\b-qu\.local\bin;C:\Users\b-qu\AppData\Local\Microsoft\WindowsApps;C:\Users\b-qu\.dotnet\tools;C:\Users\b-qu\AppData\Local\Programs\Antigravity\bin;C:\Users\b-qu\AppData\Local\Microsoft\WinGet\Links;C:\cloudflared;;C:\Users\b-qu\AppData\Local\Programs\Ollama;C:\Users\b-qu\AppData\Local\Programs\Microsoft VS Code\bin;C:\Users\b-qu\AppData\Roaming\npm;C:\Users\b-qu\go\bin
[2026-02-26 21:53:36] ⚠️ Port 3002 is occupied by PID 35512 (node.exe)
[2026-02-26 21:53:36] [CLEAN] Clearing port 3002 for project launch...
[2026-02-26 21:53:36] ⚠️ Port 3002 is occupied by PID 35512 (node.exe)
[2026-02-26 21:53:36] [CLEAN] Clearing port 3002 for project launch...
[2026-02-26 21:53:36] [START] Launching: project:3002 @ 3002
[2026-02-26 21:53:38] [OK] PID 33108 started for project:3002
[2026-02-26 21:53:39] ⚠️ Port 3003 is occupied by PID 9304 (node.exe)
[2026-02-26 21:53:39] [CLEAN] Clearing port 3003 for project launch...
[2026-02-26 21:53:39] ⚠️ Port 3003 is occupied by PID 9304 (node.exe)
[2026-02-26 21:53:39] [CLEAN] Clearing port 3003 for project launch...
[2026-02-26 21:53:39] [START] Launching: project:3003 @ 3003
[2026-02-26 21:53:39] [OK] PID 27464 started for project:3003
[2026-02-26 21:53:40] ⚠️ Port 3004 is occupied by PID 23792 (node.exe)
[2026-02-26 21:53:40] [CLEAN] Clearing port 3004 for project launch...
[2026-02-26 21:53:40] [START] Launching: project:3004 @ 3004
[2026-02-26 21:53:40] [OK] PID 26276 started for project:3004
[2026-02-26 21:53:42] ⚠️ Port 3005 is occupied by PID 27056 (node.exe)
[2026-02-26 21:53:42] [CLEAN] Clearing port 3005 for project launch...
[2026-02-26 21:53:42] ⚠️ Port 3005 is occupied by PID 27056 (node.exe)
[2026-02-26 21:53:42] [CLEAN] Clearing port 3005 for project launch...
[2026-02-26 21:53:42] [START] Launching: project:3005 @ 3005
[2026-02-26 21:53:42] [OK] PID 34604 started for project:3005
[2026-02-26 21:56:33] [START] Performing Magic Startup...
[2026-02-26 21:56:33] Current Base Path: D:\tailscale magic\dist
[2026-02-26 21:56:33] Project Config: D:\tailscale magic\dist\projects.json
[2026-02-26 21:56:33] System PATH: C:\Users\b-qu\AppData\Local\Temp\_MEI318962\pywin32_system32;C:\Program Files\NVIDIA GPU Computing Toolkit\CUDA\v13.1\bin\x64;C:\Program Files\NVIDIA GPU Computing Toolkit\CUDA\v13.1\bin;C:\WINDOWS\system32\image2video\.venv\Scripts;C:\Program Files\Eclipse Adoptium\jdk-21.0.10.7-hotspot\bin;C:\Program Files\Eclipse Adoptium\jdk-8.0.472.8-hotspot\bin;C:\Program Files (x86)\Common Files\Oracle\Java\java8path;C:\Program Files (x86)\Common Files\Oracle\Java\javapath;C:\Program Files\NVIDIA GPU Computing Toolkit\CUDA\v13.0\bin\x64;C:\Program Files\NVIDIA GPU Computing Toolkit\CUDA\v13.0\bin;C:\WINDOWS\system32;C:\WINDOWS;C:\WINDOWS\System32\Wbem;C:\WINDOWS\System32\WindowsPowerShell\v1.0\;C:\WINDOWS\System32\OpenSSH\;C:\Program Files\NVIDIA Corporation\NVIDIA App\NvDLISR;C:\Program Files (x86)\NVIDIA Corporation\PhysX\Common;C:\Program Files\dotnet\;C:\Program Files\Git\cmd;C:\Program Files\PowerShell\7\;C:\Program Files\Tailscale\;C:\Users\b-qu\AppData\Local\Programs\Python\Python312\Scripts\;C:\Users\b-qu\AppData\Local\Programs\Python\Python312\;C:\Users\b-qu\scoop\apps\git\current\cmd;C:\Users\b-qu\scoop\shim;C:\WINDOWS\system32;C:\WINDOWS;C:\WINDOWS\System32\Wbem;C:\WINDOWS\System32\WindowsPowerShell\v1.0\;C:\WINDOWS\System32\OpenSSH\;C:\Program Files\nodejs\;C:\Program Files\NVIDIA Corporation\Nsight Compute 2025.4.1\;C:\Program Files\Go\bin;C:\Users\b-qu\AppData\Local\Programs\Python\Python312\Scripts\;C:\Users\b-qu\AppData\Local\Programs\Python\Python312\;C:\Users\b-qu\AppData\Local\Programs\Python\Launcher\;C:\Users\b-qu\scoop\apps\git\current\cmd;C:\Users\b-qu\scoop\shims;C:\Users\b-qu\.local\bin;C:\Users\b-qu\AppData\Local\Microsoft\WindowsApps;C:\Users\b-qu\.dotnet\tools;C:\Users\b-qu\AppData\Local\Programs\Antigravity\bin;C:\Users\b-qu\AppData\Local\Microsoft\WinGet\Links;C:\cloudflared;;C:\Users\b-qu\AppData\Local\Programs\Ollama;C:\Users\b-qu\AppData\Local\Programs\Microsoft VS Code\bin;C:\Users\b-qu\AppData\Roaming\npm;C:\Users\b-qu\go\bin
[2026-02-26 21:56:33] ⚠️ Port 3002 is occupied by PID 12120 (node.exe)
[2026-02-26 21:56:33] [CLEAN] Clearing port 3002 for project launch...
[2026-02-26 21:56:33] ⚠️ Port 3002 is occupied by PID 12120 (node.exe)
[2026-02-26 21:56:33] [CLEAN] Clearing port 3002 for project launch...
[2026-02-26 21:56:34] [START] Launching: project:3002 @ 3002
[2026-02-26 21:56:34] [OK] PID 24864 started for project:3002
[2026-02-26 21:56:35] ⚠️ Port 3003 is occupied by PID 34916 (node.exe)
[2026-02-26 21:56:35] [CLEAN] Clearing port 3003 for project launch...
[2026-02-26 21:56:35] ⚠️ Port 3003 is occupied by PID 34916 (node.exe)
[2026-02-26 21:56:35] [CLEAN] Clearing port 3003 for project launch...
[2026-02-26 21:56:35] [START] Launching: project:3003 @ 3003
[2026-02-26 21:56:35] [OK] PID 4412 started for project:3003
[2026-02-26 21:56:35] ⚠️ Port 3004 is occupied by PID 10248 (node.exe)
[2026-02-26 21:56:35] [CLEAN] Clearing port 3004 for project launch...
[2026-02-26 21:56:35] [START] Launching: project:3004 @ 3004
[2026-02-26 21:56:35] [OK] PID 20260 started for project:3004
[2026-02-26 21:56:36] ⚠️ Port 3005 is occupied by PID 18708 (node.exe)
[2026-02-26 21:56:36] [CLEAN] Clearing port 3005 for project launch...
[2026-02-26 21:56:36] ⚠️ Port 3005 is occupied by PID 18708 (node.exe)
[2026-02-26 21:56:36] [CLEAN] Clearing port 3005 for project launch...
[2026-02-26 21:56:36] [START] Launching: project:3005 @ 3005
[2026-02-26 21:56:36] [OK] PID 5304 started for project:3005
[2026-02-26 23:33:15] [START] Performing Magic Startup...
[2026-02-26 23:33:15] Current Base Path: D:\tailscale magic\dist
[2026-02-26 23:33:15] Project Config: D:\tailscale magic\dist\projects.json
[2026-02-26 23:33:15] System PATH: C:\Users\b-qu\AppData\Local\Temp\_MEI208842\pywin32_system32;C:\Program Files\NVIDIA GPU Computing Toolkit\CUDA\v13.1\bin\x64;C:\Program Files\NVIDIA GPU Computing Toolkit\CUDA\v13.1\bin;C:\WINDOWS\system32\image2video\.venv\Scripts;C:\Program Files\Eclipse Adoptium\jdk-21.0.10.7-hotspot\bin;C:\Program Files\Eclipse Adoptium\jdk-8.0.472.8-hotspot\bin;C:\Program Files (x86)\Common Files\Oracle\Java\java8path;C:\Program Files (x86)\Common Files\Oracle\Java\javapath;C:\Program Files\NVIDIA GPU Computing Toolkit\CUDA\v13.0\bin\x64;C:\Program Files\NVIDIA GPU Computing Toolkit\CUDA\v13.0\bin;C:\WINDOWS\system32;C:\WINDOWS;C:\WINDOWS\System32\Wbem;C:\WINDOWS\System32\WindowsPowerShell\v1.0\;C:\WINDOWS\System32\OpenSSH\;C:\Program Files\NVIDIA Corporation\NVIDIA App\NvDLISR;C:\Program Files (x86)\NVIDIA Corporation\PhysX\Common;C:\Program Files\dotnet\;C:\Program Files\Git\cmd;C:\Program Files\PowerShell\7\;C:\Program Files\Tailscale\;C:\Users\b-qu\AppData\Local\Programs\Python\Python312\Scripts\;C:\Users\b-qu\AppData\Local\Programs\Python\Python312\;C:\Users\b-qu\scoop\apps\git\current\cmd;C:\Users\b-qu\scoop\shim;C:\WINDOWS\system32;C:\WINDOWS;C:\WINDOWS\System32\Wbem;C:\WINDOWS\System32\WindowsPowerShell\v1.0\;C:\WINDOWS\System32\OpenSSH\;C:\Program Files\nodejs\;C:\Program Files\NVIDIA Corporation\Nsight Compute 2025.4.1\;C:\Program Files\Go\bin;C:\Users\b-qu\AppData\Local\Programs\Python\Python312\Scripts\;C:\Users\b-qu\AppData\Local\Programs\Python\Python312\;C:\Users\b-qu\AppData\Local\Programs\Python\Launcher\;C:\Users\b-qu\scoop\apps\git\current\cmd;C:\Users\b-qu\scoop\shims;C:\Users\b-qu\.local\bin;C:\Users\b-qu\AppData\Local\Microsoft\WindowsApps;C:\Users\b-qu\.dotnet\tools;C:\Users\b-qu\AppData\Local\Programs\Antigravity\bin;C:\Users\b-qu\AppData\Local\Microsoft\WinGet\Links;C:\cloudflared;;C:\Users\b-qu\AppData\Local\Programs\Ollama;C:\Users\b-qu\AppData\Local\Programs\Microsoft VS Code\bin;C:\Users\b-qu\AppData\Roaming\npm;C:\Users\b-qu\go\bin
[2026-02-26 23:33:16] ⚠️ Port 3002 is occupied by PID 22176 (node.exe)
[2026-02-26 23:33:16] [CLEAN] Clearing port 3002 for project launch...
[2026-02-26 23:33:16] ⚠️ Port 3002 is occupied by PID 22176 (node.exe)
[2026-02-26 23:33:16] [CLEAN] Clearing port 3002 for project launch...
[2026-02-26 23:33:16] [START] Launching: project:3002 @ 3002
[2026-02-26 23:33:17] [OK] PID 17696 started for project:3002
[2026-02-26 23:33:18] ⚠️ Port 3003 is occupied by PID 6624 (node.exe)
[2026-02-26 23:33:18] [CLEAN] Clearing port 3003 for project launch...
[2026-02-26 23:33:18] ⚠️ Port 3003 is occupied by PID 6624 (node.exe)
[2026-02-26 23:33:18] [CLEAN] Clearing port 3003 for project launch...
[2026-02-26 23:33:18] [START] Launching: project:3003 @ 3003
[2026-02-26 23:33:18] [OK] PID 8288 started for project:3003
[2026-02-26 23:33:19] ⚠️ Port 3004 is occupied by PID 35748 (node.exe)
[2026-02-26 23:33:19] [CLEAN] Clearing port 3004 for project launch...
[2026-02-26 23:33:19] [START] Launching: project:3004 @ 3004
[2026-02-26 23:33:19] [OK] PID 5080 started for project:3004
[2026-02-26 23:33:20] ⚠️ Port 3005 is occupied by PID 7700 (node.exe)
[2026-02-26 23:33:20] [CLEAN] Clearing port 3005 for project launch...
[2026-02-26 23:33:20] ⚠️ Port 3005 is occupied by PID 7700 (node.exe)
[2026-02-26 23:33:20] [CLEAN] Clearing port 3005 for project launch...
[2026-02-26 23:33:21] [START] Launching: project:3005 @ 3005
[2026-02-26 23:33:21] [OK] PID 16244 started for project:3005
[2026-02-26 23:33:35] ⚠️ Port 3004 is occupied by PID 8256 (node.exe)
[2026-02-26 23:33:35] [CLEAN] Clearing port 3004 for project launch...
[2026-02-26 23:33:36] [START] Launching: project:3004 @ 3004
[2026-02-26 23:33:36] [OK] PID 5432 started for project:3004
[2026-02-26 23:33:47] ⚠️ Port 3005 is occupied by PID 17900 (node.exe)
[2026-02-26 23:33:47] [CLEAN] Clearing port 3005 for project launch...
[2026-02-26 23:33:47] ⚠️ Port 3005 is occupied by PID 17900 (node.exe)
[2026-02-26 23:33:47] [CLEAN] Clearing port 3005 for project launch...
[2026-02-26 23:33:48] [START] Launching: project:3005 @ 3005
[2026-02-26 23:33:48] [OK] PID 24128 started for project:3005
[2026-02-26 23:33:58] ⚠️ Port 3002 is occupied by PID 2108 (node.exe)
[2026-02-26 23:33:58] [CLEAN] Clearing port 3002 for project launch...
[2026-02-26 23:33:58] ⚠️ Port 3002 is occupied by PID 2108 (node.exe)
[2026-02-26 23:33:58] [CLEAN] Clearing port 3002 for project launch...
[2026-02-26 23:33:59] [START] Launching: project:3002 @ 3002
[2026-02-26 23:33:59] [OK] PID 28920 started for project:3002
[2026-02-26 23:33:59] ⚠️ Port 3004 is occupied by PID 2980 (node.exe)
[2026-02-26 23:33:59] [CLEAN] Clearing port 3004 for project launch...
[2026-02-26 23:34:01] [START] Launching: project:3004 @ 3004
[2026-02-26 23:34:01] [OK] PID 27808 started for project:3004
[2026-02-26 23:34:13] ⚠️ Port 3005 is occupied by PID 31256 (node.exe)
[2026-02-26 23:34:13] [CLEAN] Clearing port 3005 for project launch...
[2026-02-26 23:34:13] ⚠️ Port 3005 is occupied by PID 31256 (node.exe)
[2026-02-26 23:34:13] [CLEAN] Clearing port 3005 for project launch...
[2026-02-26 23:34:13] [START] Launching: project:3005 @ 3005
[2026-02-26 23:34:13] [OK] PID 33892 started for project:3005
[2026-02-26 23:34:24] ⚠️ Port 3002 is occupied by PID 19640 (node.exe)
[2026-02-26 23:34:24] [CLEAN] Clearing port 3002 for project launch...
[2026-02-26 23:34:24] ⚠️ Port 3002 is occupied by PID 19640 (node.exe)
[2026-02-26 23:34:24] [CLEAN] Clearing port 3002 for project launch...
[2026-02-26 23:34:24] [START] Launching: project:3002 @ 3002
[2026-02-26 23:34:24] [OK] PID 33092 started for project:3002
[2026-02-26 23:34:36] ⚠️ Port 3005 is occupied by PID 27988 (node.exe)
[2026-02-26 23:34:36] [CLEAN] Clearing port 3005 for project launch...
[2026-02-26 23:34:36] ⚠️ Port 3005 is occupied by PID 27988 (node.exe)
[2026-02-26 23:34:36] [CLEAN] Clearing port 3005 for project launch...
[2026-02-26 23:34:36] [START] Launching: project:3005 @ 3005
[2026-02-26 23:34:36] [OK] PID 12392 started for project:3005
[2026-02-26 23:34:47] ⚠️ Port 3002 is occupied by PID 32828 (node.exe)
[2026-02-26 23:34:47] [CLEAN] Clearing port 3002 for project launch...
[2026-02-26 23:34:47] ⚠️ Port 3002 is occupied by PID 32828 (node.exe)
[2026-02-26 23:34:47] [CLEAN] Clearing port 3002 for project launch...
[2026-02-26 23:34:47] [START] Launching: project:3002 @ 3002
[2026-02-26 23:34:47] [OK] PID 31316 started for project:3002
[2026-02-26 23:34:58] [START] Launching: project:3005 @ 3005
[2026-02-26 23:34:58] [OK] PID 9104 started for project:3005
[2026-02-26 23:35:09] [START] Launching: project:3002 @ 3002
[2026-02-26 23:35:09] [OK] PID 32372 started for project:3002
[2026-02-26 23:35:30] ⚠️ Port 3002 is occupied by PID 19792 (node.exe)
[2026-02-26 23:35:30] [CLEAN] Clearing port 3002 for project launch...
[2026-02-26 23:35:30] ⚠️ Port 3002 is occupied by PID 19792 (node.exe)
[2026-02-26 23:35:30] [CLEAN] Clearing port 3002 for project launch...
[2026-02-26 23:35:30] [START] Launching: project:3002 @ 3002
[2026-02-26 23:35:30] [OK] PID 31780 started for project:3002
[2026-02-26 23:35:51] ⚠️ Port 3002 is occupied by PID 33572 (node.exe)
[2026-02-26 23:35:51] [CLEAN] Clearing port 3002 for project launch...
[2026-02-26 23:35:51] ⚠️ Port 3002 is occupied by PID 33572 (node.exe)
[2026-02-26 23:35:51] [CLEAN] Clearing port 3002 for project launch...
[2026-02-26 23:35:51] [START] Launching: project:3002 @ 3002
[2026-02-26 23:35:51] [OK] PID 20516 started for project:3002
[2026-02-26 23:36:12] [START] Launching: project:3002 @ 3002
[2026-02-26 23:36:12] [OK] PID 31776 started for project:3002
[2026-02-27 00:09:02] [START] Performing Magic Startup...
[2026-02-27 00:09:02] Current Base Path: D:\tailscale magic\dist
[2026-02-27 00:09:02] Project Config: D:\tailscale magic\dist\projects.json
[2026-02-27 00:09:02] System PATH: C:\Users\b-qu\AppData\Local\Temp\_MEI307122\pywin32_system32;C:\Program Files\NVIDIA GPU Computing Toolkit\CUDA\v13.1\bin\x64;C:\Program Files\NVIDIA GPU Computing Toolkit\CUDA\v13.1\bin;C:\WINDOWS\system32\image2video\.venv\Scripts;C:\Program Files\Eclipse Adoptium\jdk-21.0.10.7-hotspot\bin;C:\Program Files\Eclipse Adoptium\jdk-8.0.472.8-hotspot\bin;C:\Program Files (x86)\Common Files\Oracle\Java\java8path;C:\Program Files (x86)\Common Files\Oracle\Java\javapath;C:\Program Files\NVIDIA GPU Computing Toolkit\CUDA\v13.0\bin\x64;C:\Program Files\NVIDIA GPU Computing Toolkit\CUDA\v13.0\bin;C:\WINDOWS\system32;C:\WINDOWS;C:\WINDOWS\System32\Wbem;C:\WINDOWS\System32\WindowsPowerShell\v1.0\;C:\WINDOWS\System32\OpenSSH\;C:\Program Files\NVIDIA Corporation\NVIDIA App\NvDLISR;C:\Program Files (x86)\NVIDIA Corporation\PhysX\Common;C:\Program Files\dotnet\;C:\Program Files\Git\cmd;C:\Program Files\PowerShell\7\;C:\Program Files\Tailscale\;C:\Users\b-qu\AppData\Local\Programs\Python\Python312\Scripts\;C:\Users\b-qu\AppData\Local\Programs\Python\Python312\;C:\Users\b-qu\scoop\apps\git\current\cmd;C:\Users\b-qu\scoop\shim;C:\WINDOWS\system32;C:\WINDOWS;C:\WINDOWS\System32\Wbem;C:\WINDOWS\System32\WindowsPowerShell\v1.0\;C:\WINDOWS\System32\OpenSSH\;C:\Program Files\nodejs\;C:\Program Files\NVIDIA Corporation\Nsight Compute 2025.4.1\;C:\Program Files\Go\bin;C:\Users\b-qu\AppData\Local\Programs\Python\Python312\Scripts\;C:\Users\b-qu\AppData\Local\Programs\Python\Python312\;C:\Users\b-qu\AppData\Local\Programs\Python\Launcher\;C:\Users\b-qu\scoop\apps\git\current\cmd;C:\Users\b-qu\scoop\shims;C:\Users\b-qu\.local\bin;C:\Users\b-qu\AppData\Local\Microsoft\WindowsApps;C:\Users\b-qu\.dotnet\tools;C:\Users\b-qu\AppData\Local\Programs\Antigravity\bin;C:\Users\b-qu\AppData\Local\Microsoft\WinGet\Links;C:\cloudflared;;C:\Users\b-qu\AppData\Local\Programs\Ollama;C:\Users\b-qu\AppData\Local\Programs\Microsoft VS Code\bin;C:\Users\b-qu\AppData\Roaming\npm;C:\Users\b-qu\go\bin
[2026-02-27 00:09:02] ⚠️ Port 3002 is occupied by PID 0 (System Idle Process)
[2026-02-27 00:09:02] [CLEAN] Clearing port 3002 for project launch...
[2026-02-27 00:09:03] ⚠️ Port 3002 is occupied by PID 29820 (node.exe)
[2026-02-27 00:09:03] [CLEAN] Clearing port 3002 for project launch...
[2026-02-27 00:09:03] ⚠️ Port 3002 is occupied by PID 29820 (node.exe)
[2026-02-27 00:09:03] [CLEAN] Clearing port 3002 for project launch...
[2026-02-27 00:09:03] [START] Launching: project:3002 @ 3002
[2026-02-27 00:09:03] [OK] PID 7464 started for project:3002
[2026-02-27 00:09:03] ⚠️ Port 3003 is occupied by PID 0 (System Idle Process)
[2026-02-27 00:09:03] [CLEAN] Clearing port 3003 for project launch...
[2026-02-27 00:09:04] ⚠️ Port 3003 is occupied by PID 25424 (node.exe)
[2026-02-27 00:09:04] [CLEAN] Clearing port 3003 for project launch...
[2026-02-27 00:09:04] ⚠️ Port 3003 is occupied by PID 25424 (node.exe)
[2026-02-27 00:09:04] [CLEAN] Clearing port 3003 for project launch...
[2026-02-27 00:09:04] [START] Launching: project:3003 @ 3003
[2026-02-27 00:09:04] [OK] PID 16412 started for project:3003
[2026-02-27 00:09:04] ⚠️ Port 3004 is occupied by PID 0 (System Idle Process)
[2026-02-27 00:09:04] [CLEAN] Clearing port 3004 for project launch...
[2026-02-27 00:09:04] ⚠️ Port 3004 is occupied by PID 18536 (node.exe)
[2026-02-27 00:09:04] [CLEAN] Clearing port 3004 for project launch...
[2026-02-27 00:09:05] [START] Launching: project:3004 @ 3004
[2026-02-27 00:09:05] [OK] PID 20516 started for project:3004
[2026-02-27 00:09:05] ⚠️ Port 3005 is occupied by PID 0 (System Idle Process)
[2026-02-27 00:09:05] [CLEAN] Clearing port 3005 for project launch...
[2026-02-27 00:09:05] ⚠️ Port 3005 is occupied by PID 23472 (node.exe)
[2026-02-27 00:09:05] [CLEAN] Clearing port 3005 for project launch...
[2026-02-27 00:09:05] ⚠️ Port 3005 is occupied by PID 23472 (node.exe)
[2026-02-27 00:09:05] [CLEAN] Clearing port 3005 for project launch...
[2026-02-27 00:09:05] [START] Launching: project:3005 @ 3005
[2026-02-27 00:09:06] [OK] PID 19572 started for project:3005
[2026-02-27 15:54:33] [START] Performing Magic Startup...
[2026-02-27 15:54:33] Current Base Path: D:\tailscale magic\dist
[2026-02-27 15:54:33] Project Config: D:\tailscale magic\dist\projects.json
[2026-02-27 15:54:33] System PATH: C:\Users\b-qu\AppData\Local\Temp\_MEI311202\pywin32_system32;C:\Program Files\NVIDIA GPU Computing Toolkit\CUDA\v13.1\bin\x64;C:\Program Files\NVIDIA GPU Computing Toolkit\CUDA\v13.1\bin;C:\WINDOWS\system32\image2video\.venv\Scripts;C:\Program Files\Eclipse Adoptium\jdk-21.0.10.7-hotspot\bin;C:\Program Files\Eclipse Adoptium\jdk-8.0.472.8-hotspot\bin;C:\Program Files (x86)\Common Files\Oracle\Java\java8path;C:\Program Files (x86)\Common Files\Oracle\Java\javapath;C:\Program Files\NVIDIA GPU Computing Toolkit\CUDA\v13.0\bin\x64;C:\Program Files\NVIDIA GPU Computing Toolkit\CUDA\v13.0\bin;C:\WINDOWS\system32;C:\WINDOWS;C:\WINDOWS\System32\Wbem;C:\WINDOWS\System32\WindowsPowerShell\v1.0\;C:\WINDOWS\System32\OpenSSH\;C:\Program Files\NVIDIA Corporation\NVIDIA App\NvDLISR;C:\Program Files (x86)\NVIDIA Corporation\PhysX\Common;C:\Program Files\dotnet\;C:\Program Files\Git\cmd;C:\Program Files\PowerShell\7\;C:\Program Files\Tailscale\;C:\Users\b-qu\AppData\Local\Programs\Python\Python312\Scripts\;C:\Users\b-qu\AppData\Local\Programs\Python\Python312\;C:\Users\b-qu\scoop\apps\git\current\cmd;C:\Users\b-qu\scoop\shim;C:\WINDOWS\system32;C:\WINDOWS;C:\WINDOWS\System32\Wbem;C:\WINDOWS\System32\WindowsPowerShell\v1.0\;C:\WINDOWS\System32\OpenSSH\;C:\Program Files\nodejs\;C:\Program Files\NVIDIA Corporation\Nsight Compute 2025.4.1\;C:\Program Files\Go\bin;C:\Program Files\Microsoft SQL Server\170\Tools\Binn\;C:\Program Files\Microsoft SQL Server\Client SDK\ODBC\170\Tools\Binn\;C:\Program Files (x86)\IncrediBuild;C:\Program Files (x86)\Windows Kits\10\Windows Performance Toolkit\;C:\Users\b-qu\AppData\Local\Programs\Python\Python312\Scripts\;C:\Users\b-qu\AppData\Local\Programs\Python\Python312\;C:\Users\b-qu\AppData\Local\Programs\Python\Launcher\;C:\Users\b-qu\scoop\apps\git\current\cmd;C:\Users\b-qu\scoop\shims;C:\Users\b-qu\.local\bin;C:\Users\b-qu\AppData\Local\Microsoft\WindowsApps;C:\Users\b-qu\.dotnet\tools;C:\Users\b-qu\AppData\Local\Programs\Antigravity\bin;C:\Users\b-qu\AppData\Local\Microsoft\WinGet\Links;C:\cloudflared;;C:\Users\b-qu\AppData\Local\Programs\Ollama;C:\Users\b-qu\AppData\Local\Programs\Microsoft VS Code\bin;C:\Users\b-qu\AppData\Roaming\npm;C:\Users\b-qu\go\bin
[2026-02-27 15:54:36] [START] Launching: project:3002 @ 3002
[2026-02-27 15:54:36] [OK] PID 27944 started for project:3002
[2026-02-27 15:54:37] [START] Launching: project:3003 @ 3003
[2026-02-27 15:54:37] [OK] PID 33392 started for project:3003
[2026-02-27 15:54:39] [START] Launching: project:3004 @ 3004
[2026-02-27 15:54:39] [OK] PID 30896 started for project:3004
[2026-02-27 15:54:42] [START] Launching: project:3005 @ 3005
[2026-02-27 15:54:42] [OK] PID 25312 started for project:3005
[2026-02-27 15:55:44] ⚠️ Port 3003 is occupied by PID 26120 (node.exe)
[2026-02-27 15:55:44] [CLEAN] Clearing port 3003 for project launch...
[2026-02-27 15:55:44] ⚠️ Port 3003 is occupied by PID 26120 (node.exe)
[2026-02-27 15:55:44] [CLEAN] Clearing port 3003 for project launch...
[2026-02-27 15:55:44] [START] Launching: project:3003 @ 3003
[2026-02-27 15:55:44] [OK] PID 4336 started for project:3003
[2026-02-27 15:55:44] ⚠️ Port 3004 is occupied by PID 16684 (node.exe)
[2026-02-27 15:55:44] [CLEAN] Clearing port 3004 for project launch...
[2026-02-27 15:55:44] [START] Launching: project:3004 @ 3004
[2026-02-27 15:55:44] [OK] PID 22548 started for project:3004
[2026-02-27 15:55:45] ⚠️ Port 3005 is occupied by PID 24272 (node.exe)
[2026-02-27 15:55:45] [CLEAN] Clearing port 3005 for project launch...
[2026-02-27 15:55:45] ⚠️ Port 3005 is occupied by PID 24272 (node.exe)
[2026-02-27 15:55:45] [CLEAN] Clearing port 3005 for project launch...
[2026-02-27 15:55:45] [START] Launching: project:3005 @ 3005
[2026-02-27 15:55:45] [OK] PID 20636 started for project:3005
[2026-02-27 15:55:56] ⚠️ Port 3004 is occupied by PID 34428 (node.exe)
[2026-02-27 15:55:56] [CLEAN] Clearing port 3004 for project launch...
[2026-02-27 15:55:56] [START] Launching: project:3004 @ 3004
[2026-02-27 15:55:56] [OK] PID 29360 started for project:3004
[2026-02-27 15:55:56] ⚠️ Port 3005 is occupied by PID 15060 (node.exe)
[2026-02-27 15:55:56] [CLEAN] Clearing port 3005 for project launch...
[2026-02-27 15:55:56] ⚠️ Port 3005 is occupied by PID 15060 (node.exe)
[2026-02-27 15:55:56] [CLEAN] Clearing port 3005 for project launch...
[2026-02-27 15:55:57] [START] Launching: project:3005 @ 3005
[2026-02-27 15:55:57] [OK] PID 22736 started for project:3005
[2026-02-27 15:56:17] ⚠️ Port 3004 is occupied by PID 19996 (node.exe)
[2026-02-27 15:56:17] [CLEAN] Clearing port 3004 for project launch...
[2026-02-27 15:56:17] [START] Launching: project:3004 @ 3004
[2026-02-27 15:56:17] [OK] PID 16672 started for project:3004
[2026-02-27 15:56:18] ⚠️ Port 3005 is occupied by PID 35592 (node.exe)
[2026-02-27 15:56:18] [CLEAN] Clearing port 3005 for project launch...
[2026-02-27 15:56:18] ⚠️ Port 3005 is occupied by PID 35592 (node.exe)
[2026-02-27 15:56:18] [CLEAN] Clearing port 3005 for project launch...
[2026-02-27 15:56:18] [START] Launching: project:3005 @ 3005
[2026-02-27 15:56:18] [OK] PID 22696 started for project:3005
[2026-02-27 15:56:29] ⚠️ Port 3004 is occupied by PID 26396 (node.exe)
[2026-02-27 15:56:29] [CLEAN] Clearing port 3004 for project launch...
[2026-02-27 15:56:29] [START] Launching: project:3004 @ 3004
[2026-02-27 15:56:29] [OK] PID 27032 started for project:3004
[2026-02-27 15:56:29] ⚠️ Port 3005 is occupied by PID 27148 (node.exe)
[2026-02-27 15:56:29] [CLEAN] Clearing port 3005 for project launch...
[2026-02-27 15:56:29] ⚠️ Port 3005 is occupied by PID 27148 (node.exe)
[2026-02-27 15:56:29] [CLEAN] Clearing port 3005 for project launch...
[2026-02-27 15:56:29] [START] Launching: project:3005 @ 3005
[2026-02-27 15:56:29] [OK] PID 33040 started for project:3005
[2026-02-27 15:56:50] ⚠️ Port 3004 is occupied by PID 24588 (node.exe)
[2026-02-27 15:56:50] [CLEAN] Clearing port 3004 for project launch...
[2026-02-27 15:56:50] [START] Launching: project:3004 @ 3004
[2026-02-27 15:56:50] [OK] PID 1480 started for project:3004
[2026-02-27 15:56:51] ⚠️ Port 3005 is occupied by PID 34032 (node.exe)
[2026-02-27 15:56:51] [CLEAN] Clearing port 3005 for project launch...
[2026-02-27 15:56:51] ⚠️ Port 3005 is occupied by PID 34032 (node.exe)
[2026-02-27 15:56:51] [CLEAN] Clearing port 3005 for project launch...
[2026-02-27 15:56:51] [START] Launching: project:3005 @ 3005
[2026-02-27 15:56:51] [OK] PID 35652 started for project:3005
[2026-02-27 15:57:02] ⚠️ Port 3004 is occupied by PID 32740 (node.exe)
[2026-02-27 15:57:02] [CLEAN] Clearing port 3004 for project launch...
[2026-02-27 15:57:02] [START] Launching: project:3004 @ 3004
[2026-02-27 15:57:02] [OK] PID 3208 started for project:3004
[2026-02-27 15:57:03] ⚠️ Port 3005 is occupied by PID 19496 (node.exe)
[2026-02-27 15:57:03] [CLEAN] Clearing port 3005 for project launch...
[2026-02-27 15:57:03] ⚠️ Port 3005 is occupied by PID 19496 (node.exe)
[2026-02-27 15:57:03] [CLEAN] Clearing port 3005 for project launch...
[2026-02-27 15:57:03] [START] Launching: project:3005 @ 3005
[2026-02-27 15:57:03] [OK] PID 27372 started for project:3005
[2026-02-27 15:57:14] ⚠️ Port 3004 is occupied by PID 34360 (node.exe)
[2026-02-27 15:57:14] [CLEAN] Clearing port 3004 for project launch...
[2026-02-27 15:57:14] [START] Launching: project:3004 @ 3004
[2026-02-27 15:57:14] [OK] PID 28136 started for project:3004
[2026-02-27 15:57:25] ⚠️ Port 3004 is occupied by PID 25436 (node.exe)
[2026-02-27 15:57:25] [CLEAN] Clearing port 3004 for project launch...
[2026-02-27 15:57:25] [START] Launching: project:3004 @ 3004
[2026-02-27 15:57:25] [OK] PID 29608 started for project:3004
[2026-02-27 15:57:36] [START] Launching: project:3004 @ 3004
[2026-02-27 15:57:36] [OK] PID 26276 started for project:3004
[2026-02-28 00:23:43] [START] Performing Magic Startup...
[2026-02-28 00:23:43] Current Base Path: D:\tailscale magic\dist
[2026-02-28 00:23:43] Project Config: D:\tailscale magic\dist\projects.json
[2026-02-28 00:23:43] System PATH: C:\Users\b-qu\AppData\Local\Temp\_MEI273722\pywin32_system32;C:\Program Files\NVIDIA GPU Computing Toolkit\CUDA\v13.1\bin\x64;C:\Program Files\NVIDIA GPU Computing Toolkit\CUDA\v13.1\bin;C:\WINDOWS\system32\image2video\.venv\Scripts;C:\Program Files\Eclipse Adoptium\jdk-21.0.10.7-hotspot\bin;C:\Program Files\Eclipse Adoptium\jdk-8.0.472.8-hotspot\bin;C:\Program Files (x86)\Common Files\Oracle\Java\java8path;C:\Program Files (x86)\Common Files\Oracle\Java\javapath;C:\Program Files\NVIDIA GPU Computing Toolkit\CUDA\v13.0\bin\x64;C:\Program Files\NVIDIA GPU Computing Toolkit\CUDA\v13.0\bin;C:\WINDOWS\system32;C:\WINDOWS;C:\WINDOWS\System32\Wbem;C:\WINDOWS\System32\WindowsPowerShell\v1.0\;C:\WINDOWS\System32\OpenSSH\;C:\Program Files\NVIDIA Corporation\NVIDIA App\NvDLISR;C:\Program Files (x86)\NVIDIA Corporation\PhysX\Common;C:\Program Files\dotnet\;C:\Program Files\Git\cmd;C:\Program Files\PowerShell\7\;C:\Program Files\Tailscale\;C:\Users\b-qu\AppData\Local\Programs\Python\Python312\Scripts\;C:\Users\b-qu\AppData\Local\Programs\Python\Python312\;C:\Users\b-qu\scoop\apps\git\current\cmd;C:\Users\b-qu\scoop\shim;C:\WINDOWS\system32;C:\WINDOWS;C:\WINDOWS\System32\Wbem;C:\WINDOWS\System32\WindowsPowerShell\v1.0\;C:\WINDOWS\System32\OpenSSH\;C:\Program Files\nodejs\;C:\Program Files\NVIDIA Corporation\Nsight Compute 2025.4.1\;C:\Program Files\Go\bin;C:\Program Files\Microsoft SQL Server\170\Tools\Binn\;C:\Program Files\Microsoft SQL Server\Client SDK\ODBC\170\Tools\Binn\;C:\Program Files (x86)\IncrediBuild;C:\Program Files (x86)\Windows Kits\10\Windows Performance Toolkit\;C:\Users\b-qu\AppData\Local\Programs\Python\Python312\Scripts\;C:\Users\b-qu\AppData\Local\Programs\Python\Python312\;C:\Users\b-qu\AppData\Local\Programs\Python\Launcher\;C:\Users\b-qu\scoop\apps\git\current\cmd;C:\Users\b-qu\scoop\shims;C:\Users\b-qu\.local\bin;C:\Users\b-qu\AppData\Local\Microsoft\WindowsApps;C:\Users\b-qu\.dotnet\tools;C:\Users\b-qu\AppData\Local\Programs\Antigravity\bin;C:\Users\b-qu\AppData\Local\Microsoft\WinGet\Links;C:\cloudflared;;C:\Users\b-qu\AppData\Local\Programs\Ollama;C:\Users\b-qu\AppData\Local\Programs\Microsoft VS Code\bin;C:\Users\b-qu\AppData\Roaming\npm;C:\Users\b-qu\go\bin
[2026-02-28 00:23:44] [START] Launching: project:3002 @ 3002
[2026-02-28 00:23:45] [OK] PID 30212 started for project:3002
[2026-02-28 00:23:45] [START] Launching: project:3003 @ 3003
[2026-02-28 00:23:45] [OK] PID 31680 started for project:3003
[2026-02-28 00:23:45] [START] Launching: project:3004 @ 3004
[2026-02-28 00:23:45] [OK] PID 28596 started for project:3004
[2026-02-28 00:23:46] [START] Launching: project:3005 @ 3005
[2026-02-28 00:23:46] [OK] PID 7504 started for project:3005
[2026-02-28 00:28:27] [START] Performing Magic Startup...
[2026-02-28 00:28:27] Current Base Path: D:\tailscale magic\dist
[2026-02-28 00:28:27] Project Config: D:\tailscale magic\dist\projects.json
[2026-02-28 00:28:27] System PATH: C:\Users\b-qu\AppData\Local\Temp\_MEI119442\pywin32_system32;C:\Program Files\NVIDIA GPU Computing Toolkit\CUDA\v13.1\bin\x64;C:\Program Files\NVIDIA GPU Computing Toolkit\CUDA\v13.1\bin;C:\WINDOWS\system32\image2video\.venv\Scripts;C:\Program Files\Eclipse Adoptium\jdk-21.0.10.7-hotspot\bin;C:\Program Files\Eclipse Adoptium\jdk-8.0.472.8-hotspot\bin;C:\Program Files (x86)\Common Files\Oracle\Java\java8path;C:\Program Files (x86)\Common Files\Oracle\Java\javapath;C:\Program Files\NVIDIA GPU Computing Toolkit\CUDA\v13.0\bin\x64;C:\Program Files\NVIDIA GPU Computing Toolkit\CUDA\v13.0\bin;C:\WINDOWS\system32;C:\WINDOWS;C:\WINDOWS\System32\Wbem;C:\WINDOWS\System32\WindowsPowerShell\v1.0\;C:\WINDOWS\System32\OpenSSH\;C:\Program Files\NVIDIA Corporation\NVIDIA App\NvDLISR;C:\Program Files (x86)\NVIDIA Corporation\PhysX\Common;C:\Program Files\dotnet\;C:\Program Files\Git\cmd;C:\Program Files\PowerShell\7\;C:\Program Files\Tailscale\;C:\Users\b-qu\AppData\Local\Programs\Python\Python312\Scripts\;C:\Users\b-qu\AppData\Local\Programs\Python\Python312\;C:\Users\b-qu\scoop\apps\git\current\cmd;C:\Users\b-qu\scoop\shim;C:\WINDOWS\system32;C:\WINDOWS;C:\WINDOWS\System32\Wbem;C:\WINDOWS\System32\WindowsPowerShell\v1.0\;C:\WINDOWS\System32\OpenSSH\;C:\Program Files\nodejs\;C:\Program Files\NVIDIA Corporation\Nsight Compute 2025.4.1\;C:\Program Files\Go\bin;C:\Program Files\Microsoft SQL Server\170\Tools\Binn\;C:\Program Files\Microsoft SQL Server\Client SDK\ODBC\170\Tools\Binn\;C:\Program Files (x86)\IncrediBuild;C:\Program Files (x86)\Windows Kits\10\Windows Performance Toolkit\;C:\Users\b-qu\AppData\Local\Programs\Python\Python312\Scripts\;C:\Users\b-qu\AppData\Local\Programs\Python\Python312\;C:\Users\b-qu\AppData\Local\Programs\Python\Launcher\;C:\Users\b-qu\scoop\apps\git\current\cmd;C:\Users\b-qu\scoop\shims;C:\Users\b-qu\.local\bin;C:\Users\b-qu\AppData\Local\Microsoft\WindowsApps;C:\Users\b-qu\.dotnet\tools;C:\Users\b-qu\AppData\Local\Programs\Antigravity\bin;C:\Users\b-qu\AppData\Local\Microsoft\WinGet\Links;C:\cloudflared;;C:\Users\b-qu\AppData\Local\Programs\Ollama;C:\Users\b-qu\AppData\Local\Programs\Microsoft VS Code\bin;C:\Users\b-qu\AppData\Roaming\npm;C:\Users\b-qu\go\bin
[2026-02-28 00:28:28] ⚠️ Port 3002 is occupied by PID 31716 (node.exe)
[2026-02-28 00:28:28] [CLEAN] Clearing port 3002 for project launch...
[2026-02-28 00:28:28] ⚠️ Port 3002 is occupied by PID 31716 (node.exe)
[2026-02-28 00:28:28] [CLEAN] Clearing port 3002 for project launch...
[2026-02-28 00:28:28] [START] Launching: project:3002 @ 3002
[2026-02-28 00:28:28] [OK] PID 32736 started for project:3002
[2026-02-28 00:28:29] ⚠️ Port 3003 is occupied by PID 32268 (node.exe)
[2026-02-28 00:28:29] [CLEAN] Clearing port 3003 for project launch...
[2026-02-28 00:28:29] ⚠️ Port 3003 is occupied by PID 32268 (node.exe)
[2026-02-28 00:28:29] [CLEAN] Clearing port 3003 for project launch...
[2026-02-28 00:28:29] [START] Launching: project:3003 @ 3003
[2026-02-28 00:28:29] [OK] PID 24032 started for project:3003
[2026-02-28 00:28:29] ⚠️ Port 3004 is occupied by PID 31864 (node.exe)
[2026-02-28 00:28:29] [CLEAN] Clearing port 3004 for project launch...
[2026-02-28 00:28:29] [START] Launching: project:3004 @ 3004
[2026-02-28 00:28:29] [OK] PID 31968 started for project:3004
[2026-02-28 00:28:29] ⚠️ Port 3005 is occupied by PID 17124 (node.exe)
[2026-02-28 00:28:29] [CLEAN] Clearing port 3005 for project launch...
[2026-02-28 00:28:29] ⚠️ Port 3005 is occupied by PID 17124 (node.exe)
[2026-02-28 00:28:29] [CLEAN] Clearing port 3005 for project launch...
[2026-02-28 00:28:30] [START] Launching: project:3005 @ 3005
[2026-02-28 00:28:30] [OK] PID 21140 started for project:3005
[2026-02-28 00:39:38] [START] Performing Magic Startup...
[2026-02-28 00:39:38] Current Base Path: D:\tailscale magic\dist
[2026-02-28 00:39:38] Project Config: D:\tailscale magic\dist\projects.json
[2026-02-28 00:39:38] System PATH: C:\Users\b-qu\AppData\Local\Temp\_MEI311962\pywin32_system32;C:\Program Files\NVIDIA GPU Computing Toolkit\CUDA\v13.1\bin\x64;C:\Program Files\NVIDIA GPU Computing Toolkit\CUDA\v13.1\bin;C:\WINDOWS\system32\image2video\.venv\Scripts;C:\Program Files\Eclipse Adoptium\jdk-21.0.10.7-hotspot\bin;C:\Program Files\Eclipse Adoptium\jdk-8.0.472.8-hotspot\bin;C:\Program Files (x86)\Common Files\Oracle\Java\java8path;C:\Program Files (x86)\Common Files\Oracle\Java\javapath;C:\Program Files\NVIDIA GPU Computing Toolkit\CUDA\v13.0\bin\x64;C:\Program Files\NVIDIA GPU Computing Toolkit\CUDA\v13.0\bin;C:\WINDOWS\system32;C:\WINDOWS;C:\WINDOWS\System32\Wbem;C:\WINDOWS\System32\WindowsPowerShell\v1.0\;C:\WINDOWS\System32\OpenSSH\;C:\Program Files\NVIDIA Corporation\NVIDIA App\NvDLISR;C:\Program Files (x86)\NVIDIA Corporation\PhysX\Common;C:\Program Files\dotnet\;C:\Program Files\Git\cmd;C:\Program Files\PowerShell\7\;C:\Program Files\Tailscale\;C:\Users\b-qu\AppData\Local\Programs\Python\Python312\Scripts\;C:\Users\b-qu\AppData\Local\Programs\Python\Python312\;C:\Users\b-qu\scoop\apps\git\current\cmd;C:\Users\b-qu\scoop\shim;C:\WINDOWS\system32;C:\WINDOWS;C:\WINDOWS\System32\Wbem;C:\WINDOWS\System32\WindowsPowerShell\v1.0\;C:\WINDOWS\System32\OpenSSH\;C:\Program Files\nodejs\;C:\Program Files\NVIDIA Corporation\Nsight Compute 2025.4.1\;C:\Program Files\Go\bin;C:\Program Files\Microsoft SQL Server\170\Tools\Binn\;C:\Program Files\Microsoft SQL Server\Client SDK\ODBC\170\Tools\Binn\;C:\Program Files (x86)\IncrediBuild;C:\Program Files (x86)\Windows Kits\10\Windows Performance Toolkit\;C:\Users\b-qu\AppData\Local\Programs\Python\Python312\Scripts\;C:\Users\b-qu\AppData\Local\Programs\Python\Python312\;C:\Users\b-qu\AppData\Local\Programs\Python\Launcher\;C:\Users\b-qu\scoop\apps\git\current\cmd;C:\Users\b-qu\scoop\shims;C:\Users\b-qu\.local\bin;C:\Users\b-qu\AppData\Local\Microsoft\WindowsApps;C:\Users\b-qu\.dotnet\tools;C:\Users\b-qu\AppData\Local\Programs\Antigravity\bin;C:\Users\b-qu\AppData\Local\Microsoft\WinGet\Links;C:\cloudflared;;C:\Users\b-qu\AppData\Local\Programs\Ollama;C:\Users\b-qu\AppData\Local\Programs\Microsoft VS Code\bin;C:\Users\b-qu\AppData\Roaming\npm;C:\Users\b-qu\go\bin
[2026-02-28 00:39:39] ⚠️ Port 3002 is occupied by PID 30312 (node.exe)
[2026-02-28 00:39:39] [CLEAN] Clearing port 3002 for project launch...
[2026-02-28 00:39:39] ⚠️ Port 3002 is occupied by PID 30312 (node.exe)
[2026-02-28 00:39:39] [CLEAN] Clearing port 3002 for project launch...
[2026-02-28 00:39:39] [START] Launching: project:3002 @ 3002
[2026-02-28 00:39:39] [OK] PID 19332 started for project:3002
[2026-02-28 00:39:40] ⚠️ Port 3003 is occupied by PID 26480 (node.exe)
[2026-02-28 00:39:40] [CLEAN] Clearing port 3003 for project launch...
[2026-02-28 00:39:40] ⚠️ Port 3003 is occupied by PID 26480 (node.exe)
[2026-02-28 00:39:40] [CLEAN] Clearing port 3003 for project launch...
[2026-02-28 00:39:40] [START] Launching: project:3003 @ 3003
[2026-02-28 00:39:40] [OK] PID 27788 started for project:3003
[2026-02-28 00:39:40] ⚠️ Port 3004 is occupied by PID 31232 (node.exe)
[2026-02-28 00:39:40] [CLEAN] Clearing port 3004 for project launch...
[2026-02-28 00:39:40] [START] Launching: project:3004 @ 3004
[2026-02-28 00:39:40] [OK] PID 6872 started for project:3004
[2026-02-28 00:39:41] ⚠️ Port 3005 is occupied by PID 7380 (node.exe)
[2026-02-28 00:39:41] [CLEAN] Clearing port 3005 for project launch...
[2026-02-28 00:39:41] ⚠️ Port 3005 is occupied by PID 7380 (node.exe)
[2026-02-28 00:39:41] [CLEAN] Clearing port 3005 for project launch...
[2026-02-28 00:39:41] [START] Launching: project:3005 @ 3005
[2026-02-28 00:39:41] [OK] PID 31556 started for project:3005
[2026-02-28 00:47:22] [START] Performing Magic Startup...
[2026-02-28 00:47:22] Current Base Path: D:\tailscale magic\dist
[2026-02-28 00:47:22] Project Config: D:\tailscale magic\dist\projects.json
[2026-02-28 00:47:22] System PATH: C:\Users\b-qu\AppData\Local\Temp\_MEI76522\pywin32_system32;C:\Program Files\NVIDIA GPU Computing Toolkit\CUDA\v13.1\bin\x64;C:\Program Files\NVIDIA GPU Computing Toolkit\CUDA\v13.1\bin;C:\WINDOWS\system32\image2video\.venv\Scripts;C:\Program Files\Eclipse Adoptium\jdk-21.0.10.7-hotspot\bin;C:\Program Files\Eclipse Adoptium\jdk-8.0.472.8-hotspot\bin;C:\Program Files (x86)\Common Files\Oracle\Java\java8path;C:\Program Files (x86)\Common Files\Oracle\Java\javapath;C:\Program Files\NVIDIA GPU Computing Toolkit\CUDA\v13.0\bin\x64;C:\Program Files\NVIDIA GPU Computing Toolkit\CUDA\v13.0\bin;C:\WINDOWS\system32;C:\WINDOWS;C:\WINDOWS\System32\Wbem;C:\WINDOWS\System32\WindowsPowerShell\v1.0\;C:\WINDOWS\System32\OpenSSH\;C:\Program Files\NVIDIA Corporation\NVIDIA App\NvDLISR;C:\Program Files (x86)\NVIDIA Corporation\PhysX\Common;C:\Program Files\dotnet\;C:\Program Files\Git\cmd;C:\Program Files\PowerShell\7\;C:\Program Files\Tailscale\;C:\Users\b-qu\AppData\Local\Programs\Python\Python312\Scripts\;C:\Users\b-qu\AppData\Local\Programs\Python\Python312\;C:\Users\b-qu\scoop\apps\git\current\cmd;C:\Users\b-qu\scoop\shim;C:\WINDOWS\system32;C:\WINDOWS;C:\WINDOWS\System32\Wbem;C:\WINDOWS\System32\WindowsPowerShell\v1.0\;C:\WINDOWS\System32\OpenSSH\;C:\Program Files\nodejs\;C:\Program Files\NVIDIA Corporation\Nsight Compute 2025.4.1\;C:\Program Files\Go\bin;C:\Program Files\Microsoft SQL Server\170\Tools\Binn\;C:\Program Files\Microsoft SQL Server\Client SDK\ODBC\170\Tools\Binn\;C:\Program Files (x86)\IncrediBuild;C:\Program Files (x86)\Windows Kits\10\Windows Performance Toolkit\;C:\Users\b-qu\AppData\Local\Programs\Python\Python312\Scripts\;C:\Users\b-qu\AppData\Local\Programs\Python\Python312\;C:\Users\b-qu\AppData\Local\Programs\Python\Launcher\;C:\Users\b-qu\scoop\apps\git\current\cmd;C:\Users\b-qu\scoop\shims;C:\Users\b-qu\.local\bin;C:\Users\b-qu\AppData\Local\Microsoft\WindowsApps;C:\Users\b-qu\.dotnet\tools;C:\Users\b-qu\AppData\Local\Programs\Antigravity\bin;C:\Users\b-qu\AppData\Local\Microsoft\WinGet\Links;C:\cloudflared;;C:\Users\b-qu\AppData\Local\Programs\Ollama;C:\Users\b-qu\AppData\Local\Programs\Microsoft VS Code\bin;C:\Users\b-qu\AppData\Roaming\npm;C:\Users\b-qu\go\bin
[2026-02-28 00:47:23] ⚠️ Port 3002 is occupied by PID 27064 (node.exe)
[2026-02-28 00:47:23] [CLEAN] Clearing port 3002 for project launch...
[2026-02-28 00:47:23] ⚠️ Port 3002 is occupied by PID 27064 (node.exe)
[2026-02-28 00:47:23] [CLEAN] Clearing port 3002 for project launch...
[2026-02-28 00:47:23] [START] Launching: project:3002 @ 3002
[2026-02-28 00:47:24] [OK] PID 31100 started for project:3002
[2026-02-28 00:47:24] ⚠️ Port 3003 is occupied by PID 19708 (node.exe)
[2026-02-28 00:47:24] [CLEAN] Clearing port 3003 for project launch...
[2026-02-28 00:47:24] ⚠️ Port 3003 is occupied by PID 19708 (node.exe)
[2026-02-28 00:47:24] [CLEAN] Clearing port 3003 for project launch...
[2026-02-28 00:47:24] [START] Launching: project:3003 @ 3003
[2026-02-28 00:47:24] [OK] PID 17708 started for project:3003
[2026-02-28 00:47:25] ⚠️ Port 3004 is occupied by PID 30232 (node.exe)
[2026-02-28 00:47:25] [CLEAN] Clearing port 3004 for project launch...
[2026-02-28 00:47:25] [START] Launching: project:3004 @ 3004
[2026-02-28 00:47:25] [OK] PID 7940 started for project:3004
[2026-02-28 00:47:25] ⚠️ Port 3005 is occupied by PID 30768 (node.exe)
[2026-02-28 00:47:25] [CLEAN] Clearing port 3005 for project launch...
[2026-02-28 00:47:25] ⚠️ Port 3005 is occupied by PID 30768 (node.exe)
[2026-02-28 00:47:25] [CLEAN] Clearing port 3005 for project launch...
[2026-02-28 00:47:25] [START] Launching: project:3005 @ 3005
[2026-02-28 00:47:26] [OK] PID 31836 started for project:3005
[2026-02-28 00:55:26] [START] Performing Magic Startup...
[2026-02-28 00:55:26] Current Base Path: D:\tailscale magic\dist
[2026-02-28 00:55:26] Project Config: D:\tailscale magic\dist\projects.json
[2026-02-28 00:55:26] System PATH: C:\Users\b-qu\AppData\Local\Temp\_MEI318642\pywin32_system32;C:\Program Files\NVIDIA GPU Computing Toolkit\CUDA\v13.1\bin\x64;C:\Program Files\NVIDIA GPU Computing Toolkit\CUDA\v13.1\bin;C:\WINDOWS\system32\image2video\.venv\Scripts;C:\Program Files\Eclipse Adoptium\jdk-21.0.10.7-hotspot\bin;C:\Program Files\Eclipse Adoptium\jdk-8.0.472.8-hotspot\bin;C:\Program Files (x86)\Common Files\Oracle\Java\java8path;C:\Program Files (x86)\Common Files\Oracle\Java\javapath;C:\Program Files\NVIDIA GPU Computing Toolkit\CUDA\v13.0\bin\x64;C:\Program Files\NVIDIA GPU Computing Toolkit\CUDA\v13.0\bin;C:\WINDOWS\system32;C:\WINDOWS;C:\WINDOWS\System32\Wbem;C:\WINDOWS\System32\WindowsPowerShell\v1.0\;C:\WINDOWS\System32\OpenSSH\;C:\Program Files\NVIDIA Corporation\NVIDIA App\NvDLISR;C:\Program Files (x86)\NVIDIA Corporation\PhysX\Common;C:\Program Files\dotnet\;C:\Program Files\Git\cmd;C:\Program Files\PowerShell\7\;C:\Program Files\Tailscale\;C:\Users\b-qu\AppData\Local\Programs\Python\Python312\Scripts\;C:\Users\b-qu\AppData\Local\Programs\Python\Python312\;C:\Users\b-qu\scoop\apps\git\current\cmd;C:\Users\b-qu\scoop\shim;C:\WINDOWS\system32;C:\WINDOWS;C:\WINDOWS\System32\Wbem;C:\WINDOWS\System32\WindowsPowerShell\v1.0\;C:\WINDOWS\System32\OpenSSH\;C:\Program Files\nodejs\;C:\Program Files\NVIDIA Corporation\Nsight Compute 2025.4.1\;C:\Program Files\Go\bin;C:\Program Files\Microsoft SQL Server\170\Tools\Binn\;C:\Program Files\Microsoft SQL Server\Client SDK\ODBC\170\Tools\Binn\;C:\Program Files (x86)\IncrediBuild;C:\Program Files (x86)\Windows Kits\10\Windows Performance Toolkit\;C:\Users\b-qu\AppData\Local\Programs\Python\Python312\Scripts\;C:\Users\b-qu\AppData\Local\Programs\Python\Python312\;C:\Users\b-qu\AppData\Local\Programs\Python\Launcher\;C:\Users\b-qu\scoop\apps\git\current\cmd;C:\Users\b-qu\scoop\shims;C:\Users\b-qu\.local\bin;C:\Users\b-qu\AppData\Local\Microsoft\WindowsApps;C:\Users\b-qu\.dotnet\tools;C:\Users\b-qu\AppData\Local\Programs\Antigravity\bin;C:\Users\b-qu\AppData\Local\Microsoft\WinGet\Links;C:\cloudflared;;C:\Users\b-qu\AppData\Local\Programs\Ollama;C:\Users\b-qu\AppData\Local\Programs\Microsoft VS Code\bin;C:\Users\b-qu\AppData\Roaming\npm;C:\Users\b-qu\go\bin
[2026-02-28 00:55:27] ⚠️ Port 3002 is occupied by PID 16448 (node.exe)
[2026-02-28 00:55:27] [CLEAN] Clearing port 3002 for project launch...
[2026-02-28 00:55:27] ⚠️ Port 3002 is occupied by PID 16448 (node.exe)
[2026-02-28 00:55:27] [CLEAN] Clearing port 3002 for project launch...
[2026-02-28 00:55:27] [START] Launching: project:3002 @ 3002
[2026-02-28 00:55:28] [OK] PID 31356 started for project:3002
[2026-02-28 00:55:28] ⚠️ Port 3003 is occupied by PID 23840 (node.exe)
[2026-02-28 00:55:28] [CLEAN] Clearing port 3003 for project launch...
[2026-02-28 00:55:28] ⚠️ Port 3003 is occupied by PID 23840 (node.exe)
[2026-02-28 00:55:28] [CLEAN] Clearing port 3003 for project launch...
[2026-02-28 00:55:28] [START] Launching: project:3003 @ 3003
[2026-02-28 00:55:28] [OK] PID 25500 started for project:3003
[2026-02-28 00:55:29] ⚠️ Port 3004 is occupied by PID 27400 (node.exe)
[2026-02-28 00:55:29] [CLEAN] Clearing port 3004 for project launch...
[2026-02-28 00:55:29] [START] Launching: project:3004 @ 3004
[2026-02-28 00:55:29] [OK] PID 26344 started for project:3004
[2026-02-28 00:55:30] ⚠️ Port 3005 is occupied by PID 32584 (node.exe)
[2026-02-28 00:55:30] [CLEAN] Clearing port 3005 for project launch...
[2026-02-28 00:55:30] ⚠️ Port 3005 is occupied by PID 32584 (node.exe)
[2026-02-28 00:55:30] [CLEAN] Clearing port 3005 for project launch...
[2026-02-28 00:55:30] [START] Launching: project:3005 @ 3005
[2026-02-28 00:55:30] [OK] PID 30580 started for project:3005
[2026-02-28 01:04:43] [START] Performing Magic Startup...
[2026-02-28 01:04:43] Current Base Path: D:\tailscale magic\dist
[2026-02-28 01:04:43] Project Config: D:\tailscale magic\dist\projects.json
[2026-02-28 01:04:43] System PATH: C:\Users\b-qu\AppData\Local\Temp\_MEI66842\pywin32_system32;C:\Program Files\NVIDIA GPU Computing Toolkit\CUDA\v13.1\bin\x64;C:\Program Files\NVIDIA GPU Computing Toolkit\CUDA\v13.1\bin;C:\WINDOWS\system32\image2video\.venv\Scripts;C:\Program Files\Eclipse Adoptium\jdk-21.0.10.7-hotspot\bin;C:\Program Files\Eclipse Adoptium\jdk-8.0.472.8-hotspot\bin;C:\Program Files (x86)\Common Files\Oracle\Java\java8path;C:\Program Files (x86)\Common Files\Oracle\Java\javapath;C:\Program Files\NVIDIA GPU Computing Toolkit\CUDA\v13.0\bin\x64;C:\Program Files\NVIDIA GPU Computing Toolkit\CUDA\v13.0\bin;C:\WINDOWS\system32;C:\WINDOWS;C:\WINDOWS\System32\Wbem;C:\WINDOWS\System32\WindowsPowerShell\v1.0\;C:\WINDOWS\System32\OpenSSH\;C:\Program Files\NVIDIA Corporation\NVIDIA App\NvDLISR;C:\Program Files (x86)\NVIDIA Corporation\PhysX\Common;C:\Program Files\dotnet\;C:\Program Files\Git\cmd;C:\Program Files\PowerShell\7\;C:\Program Files\Tailscale\;C:\Users\b-qu\AppData\Local\Programs\Python\Python312\Scripts\;C:\Users\b-qu\AppData\Local\Programs\Python\Python312\;C:\Users\b-qu\scoop\apps\git\current\cmd;C:\Users\b-qu\scoop\shim;C:\WINDOWS\system32;C:\WINDOWS;C:\WINDOWS\System32\Wbem;C:\WINDOWS\System32\WindowsPowerShell\v1.0\;C:\WINDOWS\System32\OpenSSH\;C:\Program Files\nodejs\;C:\Program Files\NVIDIA Corporation\Nsight Compute 2025.4.1\;C:\Program Files\Go\bin;C:\Program Files\Microsoft SQL Server\170\Tools\Binn\;C:\Program Files\Microsoft SQL Server\Client SDK\ODBC\170\Tools\Binn\;C:\Program Files (x86)\IncrediBuild;C:\Program Files (x86)\Windows Kits\10\Windows Performance Toolkit\;C:\Users\b-qu\AppData\Local\Programs\Python\Python312\Scripts\;C:\Users\b-qu\AppData\Local\Programs\Python\Python312\;C:\Users\b-qu\AppData\Local\Programs\Python\Launcher\;C:\Users\b-qu\scoop\apps\git\current\cmd;C:\Users\b-qu\scoop\shims;C:\Users\b-qu\.local\bin;C:\Users\b-qu\AppData\Local\Microsoft\WindowsApps;C:\Users\b-qu\.dotnet\tools;C:\Users\b-qu\AppData\Local\Programs\Antigravity\bin;C:\Users\b-qu\AppData\Local\Microsoft\WinGet\Links;C:\cloudflared;;C:\Users\b-qu\AppData\Local\Programs\Ollama;C:\Users\b-qu\AppData\Local\Programs\Microsoft VS Code\bin;C:\Users\b-qu\AppData\Roaming\npm;C:\Users\b-qu\go\bin
[2026-02-28 01:04:43] ⚠️ Port 3002 is occupied by PID 0 (System Idle Process)
[2026-02-28 01:04:43] [CLEAN] Clearing port 3002 for project launch...
[2026-02-28 01:04:44] ⚠️ Port 3002 is occupied by PID 28760 (node.exe)
[2026-02-28 01:04:44] [CLEAN] Clearing port 3002 for project launch...
[2026-02-28 01:04:44] ⚠️ Port 3002 is occupied by PID 28760 (node.exe)
[2026-02-28 01:04:44] [CLEAN] Clearing port 3002 for project launch...
[2026-02-28 01:04:44] [START] Launching: project:3002 @ 3002
[2026-02-28 01:04:44] [OK] PID 3924 started for project:3002
[2026-02-28 01:04:44] ⚠️ Port 3003 is occupied by PID 0 (System Idle Process)
[2026-02-28 01:04:44] [CLEAN] Clearing port 3003 for project launch...
[2026-02-28 01:04:45] ⚠️ Port 3003 is occupied by PID 30744 (node.exe)
[2026-02-28 01:04:45] [CLEAN] Clearing port 3003 for project launch...
[2026-02-28 01:04:45] ⚠️ Port 3003 is occupied by PID 30744 (node.exe)
[2026-02-28 01:04:45] [CLEAN] Clearing port 3003 for project launch...
[2026-02-28 01:04:45] [START] Launching: project:3003 @ 3003
[2026-02-28 01:04:45] [OK] PID 14920 started for project:3003
[2026-02-28 01:04:45] ⚠️ Port 3004 is occupied by PID 0 (System Idle Process)
[2026-02-28 01:04:45] [CLEAN] Clearing port 3004 for project launch...
[2026-02-28 01:04:46] ⚠️ Port 3004 is occupied by PID 16172 (node.exe)
[2026-02-28 01:04:46] [CLEAN] Clearing port 3004 for project launch...
[2026-02-28 01:04:46] [START] Launching: project:3004 @ 3004
[2026-02-28 01:04:46] [OK] PID 23452 started for project:3004
[2026-02-28 01:04:46] ⚠️ Port 3005 is occupied by PID 0 (System Idle Process)
[2026-02-28 01:04:46] [CLEAN] Clearing port 3005 for project launch...
[2026-02-28 01:04:47] ⚠️ Port 3005 is occupied by PID 31532 (node.exe)
[2026-02-28 01:04:47] [CLEAN] Clearing port 3005 for project launch...
[2026-02-28 01:04:47] ⚠️ Port 3005 is occupied by PID 31532 (node.exe)
[2026-02-28 01:04:47] [CLEAN] Clearing port 3005 for project launch...
[2026-02-28 01:04:47] [START] Launching: project:3005 @ 3005
[2026-02-28 01:04:47] [OK] PID 31292 started for project:3005
[2026-02-28 01:32:31] [START] Performing Magic Startup...
[2026-02-28 01:32:31] Current Base Path: D:\tailscale magic\dist
[2026-02-28 01:32:31] Project Config: D:\tailscale magic\dist\projects.json
[2026-02-28 01:32:31] System PATH: C:\Users\b-qu\AppData\Local\Temp\_MEI238642\pywin32_system32;C:\Program Files\NVIDIA GPU Computing Toolkit\CUDA\v13.1\bin\x64;C:\Program Files\NVIDIA GPU Computing Toolkit\CUDA\v13.1\bin;C:\WINDOWS\system32\image2video\.venv\Scripts;C:\Program Files\Eclipse Adoptium\jdk-21.0.10.7-hotspot\bin;C:\Program Files\Eclipse Adoptium\jdk-8.0.472.8-hotspot\bin;C:\Program Files (x86)\Common Files\Oracle\Java\java8path;C:\Program Files (x86)\Common Files\Oracle\Java\javapath;C:\Program Files\NVIDIA GPU Computing Toolkit\CUDA\v13.0\bin\x64;C:\Program Files\NVIDIA GPU Computing Toolkit\CUDA\v13.0\bin;C:\WINDOWS\system32;C:\WINDOWS;C:\WINDOWS\System32\Wbem;C:\WINDOWS\System32\WindowsPowerShell\v1.0\;C:\WINDOWS\System32\OpenSSH\;C:\Program Files\NVIDIA Corporation\NVIDIA App\NvDLISR;C:\Program Files (x86)\NVIDIA Corporation\PhysX\Common;C:\Program Files\dotnet\;C:\Program Files\Git\cmd;C:\Program Files\PowerShell\7\;C:\Program Files\Tailscale\;C:\Users\b-qu\AppData\Local\Programs\Python\Python312\Scripts\;C:\Users\b-qu\AppData\Local\Programs\Python\Python312\;C:\Users\b-qu\scoop\apps\git\current\cmd;C:\Users\b-qu\scoop\shim;C:\WINDOWS\system32;C:\WINDOWS;C:\WINDOWS\System32\Wbem;C:\WINDOWS\System32\WindowsPowerShell\v1.0\;C:\WINDOWS\System32\OpenSSH\;C:\Program Files\nodejs\;C:\Program Files\NVIDIA Corporation\Nsight Compute 2025.4.1\;C:\Program Files\Go\bin;C:\Program Files\Microsoft SQL Server\170\Tools\Binn\;C:\Program Files\Microsoft SQL Server\Client SDK\ODBC\170\Tools\Binn\;C:\Program Files (x86)\IncrediBuild;C:\Program Files (x86)\Windows Kits\10\Windows Performance Toolkit\;C:\Users\b-qu\AppData\Local\Programs\Python\Python312\Scripts\;C:\Users\b-qu\AppData\Local\Programs\Python\Python312\;C:\Users\b-qu\AppData\Local\Programs\Python\Launcher\;C:\Users\b-qu\scoop\apps\git\current\cmd;C:\Users\b-qu\scoop\shims;C:\Users\b-qu\.local\bin;C:\Users\b-qu\AppData\Local\Microsoft\WindowsApps;C:\Users\b-qu\.dotnet\tools;C:\Users\b-qu\AppData\Local\Programs\Antigravity\bin;C:\Users\b-qu\AppData\Local\Microsoft\WinGet\Links;C:\cloudflared;;C:\Users\b-qu\AppData\Local\Programs\Ollama;C:\Users\b-qu\AppData\Local\Programs\Microsoft VS Code\bin;C:\Users\b-qu\AppData\Roaming\npm;C:\Users\b-qu\go\bin
[2026-02-28 01:32:31] ⚠️ Port 3002 is occupied by PID 26976 (node.exe)
[2026-02-28 01:32:31] [CLEAN] Clearing port 3002 for project launch...
[2026-02-28 01:32:31] ⚠️ Port 3002 is occupied by PID 26976 (node.exe)
[2026-02-28 01:32:31] [CLEAN] Clearing port 3002 for project launch...
[2026-02-28 01:32:31] [START] Launching: project:3002 @ 3002
[2026-02-28 01:32:31] [OK] PID 11420 started for project:3002
[2026-02-28 01:32:32] ⚠️ Port 3003 is occupied by PID 29412 (node.exe)
[2026-02-28 01:32:32] [CLEAN] Clearing port 3003 for project launch...
[2026-02-28 01:32:32] ⚠️ Port 3003 is occupied by PID 29412 (node.exe)
[2026-02-28 01:32:32] [CLEAN] Clearing port 3003 for project launch...
[2026-02-28 01:32:32] [START] Launching: project:3003 @ 3003
[2026-02-28 01:32:33] [OK] PID 25096 started for project:3003
[2026-02-28 01:32:33] ⚠️ Port 3004 is occupied by PID 23112 (node.exe)
[2026-02-28 01:32:33] [CLEAN] Clearing port 3004 for project launch...
[2026-02-28 01:32:34] [START] Launching: project:3004 @ 3004
[2026-02-28 01:32:34] [OK] PID 17424 started for project:3004
[2026-02-28 01:32:34] ⚠️ Port 3005 is occupied by PID 28988 (node.exe)
[2026-02-28 01:32:34] [CLEAN] Clearing port 3005 for project launch...
[2026-02-28 01:32:34] ⚠️ Port 3005 is occupied by PID 28988 (node.exe)
[2026-02-28 01:32:34] [CLEAN] Clearing port 3005 for project launch...
[2026-02-28 01:32:35] [START] Launching: project:3005 @ 3005
[2026-02-28 01:32:35] [OK] PID 30696 started for project:3005
[2026-02-28 09:27:33] [START] Performing Magic Startup...
[2026-02-28 09:27:33] Current Base Path: D:\tailscale magic\dist
[2026-02-28 09:27:33] Project Config: D:\tailscale magic\dist\projects.json
[2026-02-28 09:27:33] System PATH: C:\Users\b-qu\AppData\Local\Temp\_MEI477162\pywin32_system32;C:\Program Files\NVIDIA GPU Computing Toolkit\CUDA\v13.1\bin\x64;C:\Program Files\NVIDIA GPU Computing Toolkit\CUDA\v13.1\bin;C:\WINDOWS\system32\image2video\.venv\Scripts;C:\Program Files\Eclipse Adoptium\jdk-21.0.10.7-hotspot\bin;C:\Program Files\Eclipse Adoptium\jdk-8.0.472.8-hotspot\bin;C:\Program Files (x86)\Common Files\Oracle\Java\java8path;C:\Program Files (x86)\Common Files\Oracle\Java\javapath;C:\Program Files\NVIDIA GPU Computing Toolkit\CUDA\v13.0\bin\x64;C:\Program Files\NVIDIA GPU Computing Toolkit\CUDA\v13.0\bin;C:\WINDOWS\system32;C:\WINDOWS;C:\WINDOWS\System32\Wbem;C:\WINDOWS\System32\WindowsPowerShell\v1.0\;C:\WINDOWS\System32\OpenSSH\;C:\Program Files\NVIDIA Corporation\NVIDIA App\NvDLISR;C:\Program Files (x86)\NVIDIA Corporation\PhysX\Common;C:\Program Files\dotnet\;C:\Program Files\Git\cmd;C:\Program Files\PowerShell\7\;C:\Program Files\Tailscale\;C:\Users\b-qu\AppData\Local\Programs\Python\Python312\Scripts\;C:\Users\b-qu\AppData\Local\Programs\Python\Python312\;C:\Users\b-qu\scoop\apps\git\current\cmd;C:\Users\b-qu\scoop\shim;C:\WINDOWS\system32;C:\WINDOWS;C:\WINDOWS\System32\Wbem;C:\WINDOWS\System32\WindowsPowerShell\v1.0\;C:\WINDOWS\System32\OpenSSH\;C:\Program Files\nodejs\;C:\Program Files\NVIDIA Corporation\Nsight Compute 2025.4.1\;C:\Program Files\Go\bin;C:\Program Files\Microsoft SQL Server\170\Tools\Binn\;C:\Program Files\Microsoft SQL Server\Client SDK\ODBC\170\Tools\Binn\;C:\Program Files (x86)\IncrediBuild;C:\Program Files (x86)\Windows Kits\10\Windows Performance Toolkit\;C:\Users\b-qu\AppData\Local\Programs\Python\Python312\Scripts\;C:\Users\b-qu\AppData\Local\Programs\Python\Python312\;C:\Users\b-qu\AppData\Local\Programs\Python\Launcher\;C:\Users\b-qu\scoop\apps\git\current\cmd;C:\Users\b-qu\scoop\shims;C:\Users\b-qu\.local\bin;C:\Users\b-qu\AppData\Local\Microsoft\WindowsApps;C:\Users\b-qu\.dotnet\tools;C:\Users\b-qu\AppData\Local\Programs\Antigravity\bin;C:\Users\b-qu\AppData\Local\Microsoft\WinGet\Links;C:\cloudflared;;C:\Users\b-qu\AppData\Local\Programs\Ollama;C:\Users\b-qu\AppData\Local\Programs\Microsoft VS Code\bin;C:\Users\b-qu\AppData\Roaming\npm;C:\Users\b-qu\go\bin
[2026-02-28 09:27:35] [START] Launching: project:3002 @ 3002
[2026-02-28 09:27:36] [OK] PID 51328 started for project:3002
[2026-02-28 09:27:39] [START] Launching: project:3003 @ 3003
[2026-02-28 09:27:39] [OK] PID 54288 started for project:3003
[2026-02-28 09:27:46] [START] Launching: project:3004 @ 3004
[2026-02-28 09:27:46] [OK] PID 54584 started for project:3004
[2026-02-28 09:27:52] [START] Launching: project:3004 @ 3004
[2026-02-28 09:27:53] [OK] PID 54892 started for project:3004
[2026-02-28 09:27:54] [START] Launching: project:3005 @ 3005
[2026-02-28 09:27:54] [OK] PID 55044 started for project:3005
[2026-02-28 09:28:32] [START] Launching: project:3006 @ 3006
[2026-02-28 09:28:32] [OK] PID 55832 started for project:3006
[2026-02-28 09:29:51] [START] Launching: project:3006 @ 3006
[2026-02-28 09:29:52] [OK] PID 30660 started for project:3006
[2026-02-28 09:30:28] [START] Launching: project:3006 @ 3006
[2026-02-28 09:30:28] [OK] PID 53144 started for project:3006
[2026-02-28 09:31:43] [START] Launching: project:3006 @ 3006
[2026-02-28 09:31:43] [OK] PID 55324 started for project:3006
[2026-02-28 09:32:51] ⚠️ Port 3001 is occupied by PID 0 (System Idle Process)
[2026-02-28 09:32:51] [CLEAN] Clearing port 3001 for project launch...
[2026-02-28 09:32:53] ⚠️ Port 3001 is occupied by PID 0 (System Idle Process)
[2026-02-28 09:32:53] [CLEAN] Clearing port 3001 for project launch...
[2026-02-28 09:32:57] [START] Launching: project:3006 @ 3001
[2026-02-28 09:32:57] [OK] PID 54876 started for project:3006
[2026-02-28 09:33:00] [START] Launching: project:3006 @ 3001
[2026-02-28 09:33:00] [OK] PID 50836 started for project:3006
[2026-02-28 09:33:40] ⚠️ Port 3001 is occupied by PID 0 (System Idle Process)
[2026-02-28 09:33:40] [CLEAN] Clearing port 3001 for project launch...
[2026-02-28 09:33:44] [START] Launching: project:3006 @ 3001
[2026-02-28 09:33:44] [OK] PID 46096 started for project:3006
[2026-02-28 09:50:15] [START] Launching: project:3002 @ 3002
[2026-02-28 09:50:16] [OK] PID 54468 started for project:3002
[2026-02-28 09:50:36] [START] Launching: project:3003 @ 3003
[2026-02-28 09:50:38] [OK] PID 19852 started for project:3003
[2026-02-28 09:51:04] [START] Launching: project:3004 @ 3004
[2026-02-28 09:51:05] [OK] PID 4028 started for project:3004
[2026-02-28 09:51:33] [START] Launching: project:3005 @ 3005
[2026-02-28 09:51:34] [OK] PID 56644 started for project:3005
[2026-02-28 09:52:00] [START] Launching: project:3006 @ 3001
[2026-02-28 09:52:03] [OK] PID 55072 started for project:3006
[2026-02-28 09:52:52] [START] Launching: project:3002 @ 3002
[2026-02-28 09:52:56] [OK] PID 53588 started for project:3002
[2026-02-28 09:53:42] [START] Launching: project:3003 @ 3003
[2026-02-28 09:53:42] [OK] PID 58196 started for project:3003
[2026-02-28 09:54:44] [START] Launching: project:3004 @ 3004
[2026-02-28 09:54:46] [OK] PID 45444 started for project:3004
[2026-02-28 09:56:12] [START] Launching: project:3005 @ 3005
[2026-02-28 09:56:14] [OK] PID 55336 started for project:3005
[2026-02-28 09:59:46] [START] Launching: project:3002 @ 3002
[2026-02-28 09:59:48] [OK] PID 58772 started for project:3002
[2026-02-28 10:01:14] [START] Launching: project:3003 @ 3003
[2026-02-28 10:01:17] [OK] PID 60004 started for project:3003
[2026-02-28 10:02:33] [START] Launching: project:3004 @ 3004
[2026-02-28 10:02:35] [OK] PID 47344 started for project:3004
[2026-02-28 10:03:42] [START] Launching: project:3005 @ 3005
[2026-02-28 10:03:44] [OK] PID 58572 started for project:3005
[2026-02-28 10:05:04] ⚠️ Port 3001 is occupied by PID 56912 (node.exe)
[2026-02-28 10:05:05] [CLEAN] Clearing port 3001 for project launch...
[2026-02-28 10:05:05] ⚠️ Port 3001 is occupied by PID 56912 (node.exe)
[2026-02-28 10:05:06] [CLEAN] Clearing port 3001 for project launch...
[2026-02-28 10:05:08] [START] Launching: project:3006 @ 3001
[2026-02-28 10:05:10] [OK] PID 59572 started for project:3006
[2026-02-28 10:08:59] [START] Launching: project:3002 @ 3002
[2026-02-28 10:09:02] [OK] PID 60944 started for project:3002
[2026-02-28 10:09:49] [START] Launching: project:3003 @ 3003
[2026-02-28 10:09:50] [OK] PID 56916 started for project:3003
[2026-02-28 10:10:29] [START] Launching: project:3004 @ 3004
[2026-02-28 10:10:30] [OK] PID 11128 started for project:3004
[2026-02-28 10:11:03] [START] Launching: project:3005 @ 3005
[2026-02-28 10:11:04] [OK] PID 60848 started for project:3005
[2026-02-28 10:11:05] ⚠️ Port 3001 is occupied by PID 0 (System Idle Process)
[2026-02-28 10:11:05] [CLEAN] Clearing port 3001 for project launch...
[2026-02-28 10:11:15] [START] Launching: project:3006 @ 3001
[2026-02-28 10:11:15] [OK] PID 58440 started for project:3006
[2026-02-28 19:01:41] [START] Performing Magic Startup...
[2026-02-28 19:01:41] Current Base Path: D:\tailscale magic\dist
[2026-02-28 19:01:41] Project Config: D:\tailscale magic\dist\projects.json
[2026-02-28 19:01:41] System PATH: C:\Users\b-qu\AppData\Local\Temp\_MEI511802\pywin32_system32;C:\Program Files\NVIDIA GPU Computing Toolkit\CUDA\v13.1\bin\x64;C:\Program Files\NVIDIA GPU Computing Toolkit\CUDA\v13.1\bin;C:\WINDOWS\system32\image2video\.venv\Scripts;C:\Program Files\Eclipse Adoptium\jdk-21.0.10.7-hotspot\bin;C:\Program Files\Eclipse Adoptium\jdk-8.0.472.8-hotspot\bin;C:\Program Files (x86)\Common Files\Oracle\Java\java8path;C:\Program Files (x86)\Common Files\Oracle\Java\javapath;C:\Program Files\NVIDIA GPU Computing Toolkit\CUDA\v13.0\bin\x64;C:\Program Files\NVIDIA GPU Computing Toolkit\CUDA\v13.0\bin;C:\WINDOWS\system32;C:\WINDOWS;C:\WINDOWS\System32\Wbem;C:\WINDOWS\System32\WindowsPowerShell\v1.0\;C:\WINDOWS\System32\OpenSSH\;C:\Program Files\NVIDIA Corporation\NVIDIA App\NvDLISR;C:\Program Files (x86)\NVIDIA Corporation\PhysX\Common;C:\Program Files\dotnet\;C:\Program Files\Git\cmd;C:\Program Files\PowerShell\7\;C:\Program Files\Tailscale\;C:\Users\b-qu\AppData\Local\Programs\Python\Python312\Scripts\;C:\Users\b-qu\AppData\Local\Programs\Python\Python312\;C:\Users\b-qu\scoop\apps\git\current\cmd;C:\Users\b-qu\scoop\shim;C:\WINDOWS\system32;C:\WINDOWS;C:\WINDOWS\System32\Wbem;C:\WINDOWS\System32\WindowsPowerShell\v1.0\;C:\WINDOWS\System32\OpenSSH\;C:\Program Files\nodejs\;C:\Program Files\NVIDIA Corporation\Nsight Compute 2025.4.1\;C:\Program Files\Go\bin;C:\Program Files\Microsoft SQL Server\170\Tools\Binn\;C:\Program Files\Microsoft SQL Server\Client SDK\ODBC\170\Tools\Binn\;C:\Program Files (x86)\IncrediBuild;C:\Program Files (x86)\Windows Kits\10\Windows Performance Toolkit\;C:\Users\b-qu\AppData\Local\Programs\Python\Python312\Scripts\;C:\Users\b-qu\AppData\Local\Programs\Python\Python312\;C:\Users\b-qu\AppData\Local\Programs\Python\Launcher\;C:\Users\b-qu\scoop\apps\git\current\cmd;C:\Users\b-qu\scoop\shims;C:\Users\b-qu\.local\bin;C:\Users\b-qu\AppData\Local\Microsoft\WindowsApps;C:\Users\b-qu\.dotnet\tools;C:\Users\b-qu\AppData\Local\Programs\Antigravity\bin;C:\Users\b-qu\AppData\Local\Microsoft\WinGet\Links;C:\cloudflared;;C:\Users\b-qu\AppData\Local\Programs\Ollama;C:\Users\b-qu\AppData\Local\Programs\Microsoft VS Code\bin;C:\Users\b-qu\AppData\Roaming\npm;C:\Users\b-qu\go\bin
[2026-02-28 19:01:42] [START] Launching: project:3002 @ 3002
[2026-02-28 19:01:42] [OK] PID 54592 started for project:3002
[2026-02-28 19:01:43] [START] Launching: project:3003 @ 3003
[2026-02-28 19:01:43] [OK] PID 31136 started for project:3003
[2026-02-28 19:01:44] [START] Launching: project:3004 @ 3004
[2026-02-28 19:01:44] [OK] PID 50260 started for project:3004
[2026-02-28 19:01:45] [START] Launching: project:3005 @ 3005
[2026-02-28 19:01:45] [OK] PID 48372 started for project:3005
[2026-02-28 19:01:47] [START] Launching: project:3006 @ 3001
[2026-02-28 19:01:47] [OK] PID 3888 started for project:3006
[2026-03-01 01:37:14] [START] Performing Magic Startup...
[2026-03-01 01:37:14] Current Base Path: D:\tailscale magic\dist
[2026-03-01 01:37:14] Project Config: D:\tailscale magic\dist\projects.json
[2026-03-01 01:37:14] System PATH: C:\Users\b-qu\AppData\Local\Temp\_MEI557802\pywin32_system32;C:\Program Files\NVIDIA GPU Computing Toolkit\CUDA\v13.1\bin\x64;C:\Program Files\NVIDIA GPU Computing Toolkit\CUDA\v13.1\bin;C:\WINDOWS\system32\image2video\.venv\Scripts;C:\Program Files\Eclipse Adoptium\jdk-21.0.10.7-hotspot\bin;C:\Program Files\Eclipse Adoptium\jdk-8.0.472.8-hotspot\bin;C:\Program Files (x86)\Common Files\Oracle\Java\java8path;C:\Program Files (x86)\Common Files\Oracle\Java\javapath;C:\Program Files\NVIDIA GPU Computing Toolkit\CUDA\v13.0\bin\x64;C:\Program Files\NVIDIA GPU Computing Toolkit\CUDA\v13.0\bin;C:\WINDOWS\system32;C:\WINDOWS;C:\WINDOWS\System32\Wbem;C:\WINDOWS\System32\WindowsPowerShell\v1.0\;C:\WINDOWS\System32\OpenSSH\;C:\Program Files\NVIDIA Corporation\NVIDIA App\NvDLISR;C:\Program Files (x86)\NVIDIA Corporation\PhysX\Common;C:\Program Files\dotnet\;C:\Program Files\Git\cmd;C:\Program Files\PowerShell\7\;C:\Program Files\Tailscale\;C:\Users\b-qu\AppData\Local\Programs\Python\Python312\Scripts\;C:\Users\b-qu\AppData\Local\Programs\Python\Python312\;C:\Users\b-qu\scoop\apps\git\current\cmd;C:\Users\b-qu\scoop\shim;C:\WINDOWS\system32;C:\WINDOWS;C:\WINDOWS\System32\Wbem;C:\WINDOWS\System32\WindowsPowerShell\v1.0\;C:\WINDOWS\System32\OpenSSH\;C:\Program Files\nodejs\;C:\Program Files\NVIDIA Corporation\Nsight Compute 2025.4.1\;C:\Program Files\Go\bin;C:\Program Files\Microsoft SQL Server\170\Tools\Binn\;C:\Program Files\Microsoft SQL Server\Client SDK\ODBC\170\Tools\Binn\;C:\Program Files (x86)\IncrediBuild;C:\Program Files (x86)\Windows Kits\10\Windows Performance Toolkit\;C:\Users\b-qu\AppData\Local\Programs\Python\Python312\Scripts\;C:\Users\b-qu\AppData\Local\Programs\Python\Python312\;C:\Users\b-qu\AppData\Local\Programs\Python\Launcher\;C:\Users\b-qu\scoop\apps\git\current\cmd;C:\Users\b-qu\scoop\shims;C:\Users\b-qu\.local\bin;C:\Users\b-qu\AppData\Local\Microsoft\WindowsApps;C:\Users\b-qu\.dotnet\tools;C:\Users\b-qu\AppData\Local\Programs\Antigravity\bin;C:\Users\b-qu\AppData\Local\Microsoft\WinGet\Links;C:\cloudflared;;C:\Users\b-qu\AppData\Local\Programs\Ollama;C:\Users\b-qu\AppData\Local\Programs\Microsoft VS Code\bin;C:\Users\b-qu\AppData\Roaming\npm;C:\Users\b-qu\go\bin
[2026-03-01 01:37:16] ⚠️ Port 3002 is occupied by PID 47112 (node.exe)
[2026-03-01 01:37:16] [CLEAN] Clearing port 3002 for project launch...
[2026-03-01 01:37:16] ⚠️ Port 3002 is occupied by PID 47112 (node.exe)
[2026-03-01 01:37:16] [CLEAN] Clearing port 3002 for project launch...
[2026-03-01 01:37:16] [START] Launching: project:3002 @ 3002
[2026-03-01 01:37:16] [OK] PID 59584 started for project:3002
[2026-03-01 01:37:18] ⚠️ Port 3003 is occupied by PID 45876 (node.exe)
[2026-03-01 01:37:18] [CLEAN] Clearing port 3003 for project launch...
[2026-03-01 01:37:18] ⚠️ Port 3003 is occupied by PID 45876 (node.exe)
[2026-03-01 01:37:18] [CLEAN] Clearing port 3003 for project launch...
[2026-03-01 01:37:19] [START] Launching: project:3003 @ 3003
[2026-03-01 01:37:20] [OK] PID 34452 started for project:3003
[2026-03-01 01:37:21] ⚠️ Port 3004 is occupied by PID 35452 (node.exe)
[2026-03-01 01:37:21] [CLEAN] Clearing port 3004 for project launch...
[2026-03-01 01:37:22] [START] Launching: project:3004 @ 3004
[2026-03-01 01:37:22] [OK] PID 46912 started for project:3004
[2026-03-01 01:37:23] ⚠️ Port 3005 is occupied by PID 22644 (node.exe)
[2026-03-01 01:37:23] [CLEAN] Clearing port 3005 for project launch...
[2026-03-01 01:37:23] ⚠️ Port 3005 is occupied by PID 22644 (node.exe)
[2026-03-01 01:37:23] [CLEAN] Clearing port 3005 for project launch...
[2026-03-01 01:37:23] [START] Launching: project:3005 @ 3005
[2026-03-01 01:37:23] [OK] PID 45136 started for project:3005
[2026-03-01 01:37:25] [START] Launching: project:3006 @ 3001
[2026-03-01 01:37:25] [OK] PID 33244 started for project:3006
[2026-03-01 01:37:26] [START] Launching: project:3006 @ 3001
[2026-03-01 01:37:26] [OK] PID 2176 started for project:3006
[2026-03-01 01:38:56] ⚠️ Port 3001 is occupied by PID 0 (System Idle Process)
[2026-03-01 01:38:56] [CLEAN] Clearing port 3001 for project launch...
[2026-03-01 01:38:58] [START] Launching: project:3006 @ 3001
[2026-03-01 01:38:58] [OK] PID 55108 started for project:3006
[2026-03-01 03:00:19] [START] Launching: project:3002 @ 3002
[2026-03-01 03:00:19] [OK] PID 7100 started for project:3002
[2026-03-01 03:03:10] ⚠️ Port 3001 is occupied by PID 0 (System Idle Process)
[2026-03-01 03:03:31] [START] Performing Magic Startup...
[2026-03-01 03:03:31] Current Base Path: D:\tailscale magic\dist
[2026-03-01 03:03:31] Project Config: D:\tailscale magic\dist\projects.json
[2026-03-01 03:03:31] System PATH: C:\Users\b-qu\AppData\Local\Temp\_MEI598642\pywin32_system32;C:\Program Files\NVIDIA GPU Computing Toolkit\CUDA\v13.1\bin\x64;C:\Program Files\NVIDIA GPU Computing Toolkit\CUDA\v13.1\bin;C:\WINDOWS\system32\image2video\.venv\Scripts;C:\Program Files\Eclipse Adoptium\jdk-21.0.10.7-hotspot\bin;C:\Program Files\Eclipse Adoptium\jdk-8.0.472.8-hotspot\bin;C:\Program Files (x86)\Common Files\Oracle\Java\java8path;C:\Program Files (x86)\Common Files\Oracle\Java\javapath;C:\Program Files\NVIDIA GPU Computing Toolkit\CUDA\v13.0\bin\x64;C:\Program Files\NVIDIA GPU Computing Toolkit\CUDA\v13.0\bin;C:\WINDOWS\system32;C:\WINDOWS;C:\WINDOWS\System32\Wbem;C:\WINDOWS\System32\WindowsPowerShell\v1.0\;C:\WINDOWS\System32\OpenSSH\;C:\Program Files\NVIDIA Corporation\NVIDIA App\NvDLISR;C:\Program Files (x86)\NVIDIA Corporation\PhysX\Common;C:\Program Files\dotnet\;C:\Program Files\Git\cmd;C:\Program Files\PowerShell\7\;C:\Program Files\Tailscale\;C:\Users\b-qu\AppData\Local\Programs\Python\Python312\Scripts\;C:\Users\b-qu\AppData\Local\Programs\Python\Python312\;C:\Users\b-qu\scoop\apps\git\current\cmd;C:\Users\b-qu\scoop\shim;C:\WINDOWS\system32;C:\WINDOWS;C:\WINDOWS\System32\Wbem;C:\WINDOWS\System32\WindowsPowerShell\v1.0\;C:\WINDOWS\System32\OpenSSH\;C:\Program Files\nodejs\;C:\Program Files\NVIDIA Corporation\Nsight Compute 2025.4.1\;C:\Program Files\Go\bin;C:\Program Files\Microsoft SQL Server\170\Tools\Binn\;C:\Program Files\Microsoft SQL Server\Client SDK\ODBC\170\Tools\Binn\;C:\Program Files (x86)\IncrediBuild;C:\Program Files (x86)\Windows Kits\10\Windows Performance Toolkit\;C:\Users\b-qu\AppData\Local\Programs\Python\Python312\Scripts\;C:\Users\b-qu\AppData\Local\Programs\Python\Python312\;C:\Users\b-qu\AppData\Local\Programs\Python\Launcher\;C:\Users\b-qu\scoop\apps\git\current\cmd;C:\Users\b-qu\scoop\shims;C:\Users\b-qu\.local\bin;C:\Users\b-qu\AppData\Local\Microsoft\WindowsApps;C:\Users\b-qu\.dotnet\tools;C:\Users\b-qu\AppData\Local\Programs\Antigravity\bin;C:\Users\b-qu\AppData\Local\Microsoft\WinGet\Links;C:\cloudflared;;C:\Users\b-qu\AppData\Local\Programs\Ollama;C:\Users\b-qu\AppData\Local\Programs\Microsoft VS Code\bin;C:\Users\b-qu\AppData\Roaming\npm;C:\Users\b-qu\go\bin
[2026-03-01 03:03:31] ⚠️ Port 3002 is occupied by PID 56692 (node.exe)
[2026-03-01 03:03:31] [CLEAN] Clearing port 3002 for project launch...
[2026-03-01 03:03:31] ⚠️ Port 3002 is occupied by PID 56692 (node.exe)
[2026-03-01 03:03:31] [CLEAN] Clearing port 3002 for project launch...
[2026-03-01 03:03:31] [START] Launching: project:3002 @ 3002
[2026-03-01 03:03:31] [OK] PID 35484 started for project:3002
[2026-03-01 03:03:31] ⚠️ Port 3003 is occupied by PID 48716 (node.exe)
[2026-03-01 03:03:31] [CLEAN] Clearing port 3003 for project launch...
[2026-03-01 03:03:31] ⚠️ Port 3003 is occupied by PID 48716 (node.exe)
[2026-03-01 03:03:31] [CLEAN] Clearing port 3003 for project launch...
[2026-03-01 03:03:32] [START] Launching: project:3003 @ 3003
[2026-03-01 03:03:32] [OK] PID 32748 started for project:3003
[2026-03-01 03:03:32] ⚠️ Port 3004 is occupied by PID 27188 (node.exe)
[2026-03-01 03:03:32] [CLEAN] Clearing port 3004 for project launch...
[2026-03-01 03:03:32] [START] Launching: project:3004 @ 3004
[2026-03-01 03:03:33] [OK] PID 33372 started for project:3004
[2026-03-01 03:03:33] ⚠️ Port 3005 is occupied by PID 29076 (node.exe)
[2026-03-01 03:03:33] [CLEAN] Clearing port 3005 for project launch...
[2026-03-01 03:03:33] ⚠️ Port 3005 is occupied by PID 29076 (node.exe)
[2026-03-01 03:03:33] [CLEAN] Clearing port 3005 for project launch...
[2026-03-01 03:03:33] [START] Launching: project:3005 @ 3005
[2026-03-01 03:03:34] [OK] PID 26956 started for project:3005
[2026-03-01 03:03:34] ⚠️ Port 3001 is occupied by PID 0 (System Idle Process)
[2026-03-01 03:03:34] [CLEAN] Clearing port 3001 for project launch...
[2026-03-01 03:03:34] [START] Launching: project:3006 @ 3001
[2026-03-01 03:03:34] [OK] PID 57624 started for project:3006
[2026-03-01 03:07:01] [START] Launching: project:3002 @ 3002
[2026-03-01 03:07:01] [OK] PID 35864 started for project:3002
[2026-03-01 03:07:02] [START] Launching: project:3003 @ 3003
[2026-03-01 03:07:02] [OK] PID 27008 started for project:3003
[2026-03-01 03:07:03] [START] Launching: project:3004 @ 3004
[2026-03-01 03:07:03] [OK] PID 37580 started for project:3004
[2026-03-01 03:07:04] [START] Launching: project:3005 @ 3005
[2026-03-01 03:07:04] [OK] PID 50324 started for project:3005
[2026-03-01 03:07:04] ⚠️ Port 3001 is occupied by PID 0 (System Idle Process)
[2026-03-01 03:07:04] [CLEAN] Clearing port 3001 for project launch...
[2026-03-01 03:07:05] [START] Launching: project:3006 @ 3001
[2026-03-01 03:07:05] [OK] PID 5940 started for project:3006
[2026-03-01 03:21:06] [START] Launching: project:3002 @ 3002
[2026-03-01 03:21:06] [OK] PID 14780 started for project:3002
[2026-03-01 03:21:08] [START] Launching: project:3003 @ 3003
[2026-03-01 03:21:08] [OK] PID 43944 started for project:3003
[2026-03-01 03:21:09] [START] Launching: project:3004 @ 3004
[2026-03-01 03:21:09] [OK] PID 33544 started for project:3004
[2026-03-01 03:21:12] [START] Launching: project:3005 @ 3005
[2026-03-01 03:21:12] [OK] PID 46588 started for project:3005
[2026-03-01 03:21:12] ⚠️ Port 3001 is occupied by PID 0 (System Idle Process)
[2026-03-01 03:21:12] [CLEAN] Clearing port 3001 for project launch...
[2026-03-01 03:21:14] [START] Launching: project:3006 @ 3001
[2026-03-01 03:21:14] [OK] PID 59456 started for project:3006
[2026-03-01 03:40:11] [START] Performing Magic Startup...
[2026-03-01 03:40:11] Current Base Path: D:\tailscale magic\dist
[2026-03-01 03:40:11] Project Config: D:\tailscale magic\dist\projects.json
[2026-03-01 03:40:11] System PATH: C:\Users\b-qu\AppData\Local\Temp\_MEI431482\pywin32_system32;C:\Program Files\NVIDIA GPU Computing Toolkit\CUDA\v13.1\bin\x64;C:\Program Files\NVIDIA GPU Computing Toolkit\CUDA\v13.1\bin;C:\WINDOWS\system32\image2video\.venv\Scripts;C:\Program Files\Eclipse Adoptium\jdk-21.0.10.7-hotspot\bin;C:\Program Files\Eclipse Adoptium\jdk-8.0.472.8-hotspot\bin;C:\Program Files (x86)\Common Files\Oracle\Java\java8path;C:\Program Files (x86)\Common Files\Oracle\Java\javapath;C:\Program Files\NVIDIA GPU Computing Toolkit\CUDA\v13.0\bin\x64;C:\Program Files\NVIDIA GPU Computing Toolkit\CUDA\v13.0\bin;C:\WINDOWS\system32;C:\WINDOWS;C:\WINDOWS\System32\Wbem;C:\WINDOWS\System32\WindowsPowerShell\v1.0\;C:\WINDOWS\System32\OpenSSH\;C:\Program Files\NVIDIA Corporation\NVIDIA App\NvDLISR;C:\Program Files (x86)\NVIDIA Corporation\PhysX\Common;C:\Program Files\dotnet\;C:\Program Files\Git\cmd;C:\Program Files\PowerShell\7\;C:\Program Files\Tailscale\;C:\Users\b-qu\AppData\Local\Programs\Python\Python312\Scripts\;C:\Users\b-qu\AppData\Local\Programs\Python\Python312\;C:\Users\b-qu\scoop\apps\git\current\cmd;C:\Users\b-qu\scoop\shim;C:\WINDOWS\system32;C:\WINDOWS;C:\WINDOWS\System32\Wbem;C:\WINDOWS\System32\WindowsPowerShell\v1.0\;C:\WINDOWS\System32\OpenSSH\;C:\Program Files\nodejs\;C:\Program Files\NVIDIA Corporation\Nsight Compute 2025.4.1\;C:\Program Files\Go\bin;C:\Program Files\Microsoft SQL Server\170\Tools\Binn\;C:\Program Files\Microsoft SQL Server\Client SDK\ODBC\170\Tools\Binn\;C:\Program Files (x86)\IncrediBuild;C:\Program Files (x86)\Windows Kits\10\Windows Performance Toolkit\;C:\Users\b-qu\AppData\Local\Programs\Python\Python312\Scripts\;C:\Users\b-qu\AppData\Local\Programs\Python\Python312\;C:\Users\b-qu\AppData\Local\Programs\Python\Launcher\;C:\Users\b-qu\scoop\apps\git\current\cmd;C:\Users\b-qu\scoop\shims;C:\Users\b-qu\.local\bin;C:\Users\b-qu\AppData\Local\Microsoft\WindowsApps;C:\Users\b-qu\.dotnet\tools;C:\Users\b-qu\AppData\Local\Programs\Antigravity\bin;C:\Users\b-qu\AppData\Local\Microsoft\WinGet\Links;C:\cloudflared;;C:\Users\b-qu\AppData\Local\Programs\Ollama;C:\Users\b-qu\AppData\Local\Programs\Microsoft VS Code\bin;C:\Users\b-qu\AppData\Roaming\npm;C:\Users\b-qu\go\bin
[2026-03-01 03:40:11] ⚠️ Port 3002 is occupied by PID 41716 (node.exe)
[2026-03-01 03:40:11] [CLEAN] Clearing port 3002 for project launch...
[2026-03-01 03:40:11] ⚠️ Port 3002 is occupied by PID 41716 (node.exe)
[2026-03-01 03:40:11] [CLEAN] Clearing port 3002 for project launch...
[2026-03-01 03:40:11] [START] Launching: project:3002 @ 3002
[2026-03-01 03:40:11] [OK] PID 23684 started for project:3002
[2026-03-01 03:40:12] ⚠️ Port 3003 is occupied by PID 52020 (node.exe)
[2026-03-01 03:40:12] [CLEAN] Clearing port 3003 for project launch...
[2026-03-01 03:40:12] ⚠️ Port 3003 is occupied by PID 52020 (node.exe)
[2026-03-01 03:40:12] [CLEAN] Clearing port 3003 for project launch...
[2026-03-01 03:40:12] [START] Launching: project:3003 @ 3003
[2026-03-01 03:40:12] [OK] PID 20472 started for project:3003
[2026-03-01 03:40:13] ⚠️ Port 3004 is occupied by PID 44392 (node.exe)
[2026-03-01 03:40:13] [CLEAN] Clearing port 3004 for project launch...
[2026-03-01 03:40:13] [START] Launching: project:3004 @ 3004
[2026-03-01 03:40:13] [OK] PID 49224 started for project:3004
[2026-03-01 03:40:13] ⚠️ Port 3005 is occupied by PID 23252 (node.exe)
[2026-03-01 03:40:13] [CLEAN] Clearing port 3005 for project launch...
[2026-03-01 03:40:13] ⚠️ Port 3005 is occupied by PID 23252 (node.exe)
[2026-03-01 03:40:13] [CLEAN] Clearing port 3005 for project launch...
[2026-03-01 03:40:14] [START] Launching: project:3005 @ 3005
[2026-03-01 03:40:14] [OK] PID 24852 started for project:3005
[2026-03-01 03:40:14] ⚠️ Port 3001 is occupied by PID 0 (System Idle Process)
[2026-03-01 03:40:14] [CLEAN] Clearing port 3001 for project launch...
[2026-03-01 03:40:14] [START] Launching: project:3006 @ 3001
[2026-03-01 03:40:14] [OK] PID 51916 started for project:3006
[2026-03-01 03:41:11] [START] Launching: project:3006 @ 3001
[2026-03-01 03:41:11] [OK] PID 58304 started for project:3006
[2026-03-01 03:42:22] [START] Launching: project:3006 @ 3001
[2026-03-01 03:42:22] [OK] PID 3860 started for project:3006
[2026-03-01 03:47:31] [START] Launching: project:3006 @ 3006
[2026-03-01 03:47:31] [OK] PID 41360 started for project:3006
[2026-03-01 03:49:01] [START] Launching: project:3006 @ 3006
[2026-03-01 03:49:01] [OK] PID 36028 started for project:3006
[2026-03-01 03:52:35] [START] Launching: project:3006 @ 3006
[2026-03-01 03:52:35] [OK] PID 49180 started for project:3006
[2026-03-01 03:52:58] [START] Launching: project:3007 @ 3007
[2026-03-01 03:52:58] [OK] PID 29760 started for project:3007
[2026-03-01 03:54:32] [START] Launching: project:3008 @ 3008
[2026-03-01 03:54:32] [OK] PID 43600 started for project:3008
[2026-03-01 03:54:43] [START] Launching: project:3008 @ 3008
[2026-03-01 03:54:43] [OK] PID 58668 started for project:3008
[2026-03-01 03:54:54] [START] Launching: project:3008 @ 3008
[2026-03-01 03:54:54] [OK] PID 57096 started for project:3008
[2026-03-01 03:55:04] [START] Launching: project:3008 @ 3008
[2026-03-01 03:55:04] [OK] PID 58524 started for project:3008
[2026-03-01 03:55:15] [START] Launching: project:3008 @ 3008
[2026-03-01 03:55:15] [OK] PID 45640 started for project:3008
[2026-03-01 03:55:24] [START] Launching: project:3008 @ 3001
[2026-03-01 03:55:24] [OK] PID 40784 started for project:3008
[2026-03-01 03:55:26] [START] Launching: project:3008 @ 3001
[2026-03-01 03:55:26] [OK] PID 51140 started for project:3008
[2026-03-01 03:55:36] [START] Launching: project:3008 @ 3001
[2026-03-01 03:55:36] [OK] PID 57836 started for project:3008
[2026-03-01 04:02:21] [START] Launching: project:3006 @ 3006
[2026-03-01 04:02:21] [OK] PID 53028 started for project:3006
[2026-03-01 09:50:13] [START] Performing Magic Startup...
[2026-03-01 09:50:13] Current Base Path: D:\tailscale magic\dist
[2026-03-01 09:50:13] Project Config: D:\tailscale magic\dist\projects.json
[2026-03-01 09:50:13] System PATH: C:\Users\b-qu\AppData\Local\Temp\_MEI286842\pywin32_system32;C:\Program Files\NVIDIA GPU Computing Toolkit\CUDA\v13.1\bin\x64;C:\Program Files\NVIDIA GPU Computing Toolkit\CUDA\v13.1\bin;C:\WINDOWS\system32\image2video\.venv\Scripts;C:\Program Files\Eclipse Adoptium\jdk-21.0.10.7-hotspot\bin;C:\Program Files\Eclipse Adoptium\jdk-8.0.472.8-hotspot\bin;C:\Program Files (x86)\Common Files\Oracle\Java\java8path;C:\Program Files (x86)\Common Files\Oracle\Java\javapath;C:\Program Files\NVIDIA GPU Computing Toolkit\CUDA\v13.0\bin\x64;C:\Program Files\NVIDIA GPU Computing Toolkit\CUDA\v13.0\bin;C:\WINDOWS\system32;C:\WINDOWS;C:\WINDOWS\System32\Wbem;C:\WINDOWS\System32\WindowsPowerShell\v1.0\;C:\WINDOWS\System32\OpenSSH\;C:\Program Files\NVIDIA Corporation\NVIDIA App\NvDLISR;C:\Program Files (x86)\NVIDIA Corporation\PhysX\Common;C:\Program Files\dotnet\;C:\Program Files\Git\cmd;C:\Program Files\PowerShell\7\;C:\Program Files\Tailscale\;C:\Users\b-qu\AppData\Local\Programs\Python\Python312\Scripts\;C:\Users\b-qu\AppData\Local\Programs\Python\Python312\;C:\Users\b-qu\scoop\apps\git\current\cmd;C:\Users\b-qu\scoop\shim;C:\WINDOWS\system32;C:\WINDOWS;C:\WINDOWS\System32\Wbem;C:\WINDOWS\System32\WindowsPowerShell\v1.0\;C:\WINDOWS\System32\OpenSSH\;C:\Program Files\nodejs\;C:\Program Files\NVIDIA Corporation\Nsight Compute 2025.4.1\;C:\Program Files\Go\bin;C:\Program Files\Microsoft SQL Server\170\Tools\Binn\;C:\Program Files\Microsoft SQL Server\Client SDK\ODBC\170\Tools\Binn\;C:\Program Files (x86)\IncrediBuild;C:\Program Files (x86)\Windows Kits\10\Windows Performance Toolkit\;C:\Users\b-qu\AppData\Local\Programs\Python\Python312\Scripts\;C:\Users\b-qu\AppData\Local\Programs\Python\Python312\;C:\Users\b-qu\AppData\Local\Programs\Python\Launcher\;C:\Users\b-qu\scoop\apps\git\current\cmd;C:\Users\b-qu\scoop\shims;C:\Users\b-qu\.local\bin;C:\Users\b-qu\AppData\Local\Microsoft\WindowsApps;C:\Users\b-qu\.dotnet\tools;C:\Users\b-qu\AppData\Local\Programs\Antigravity\bin;C:\Users\b-qu\AppData\Local\Microsoft\WinGet\Links;C:\cloudflared;;C:\Users\b-qu\AppData\Local\Programs\Ollama;C:\Users\b-qu\AppData\Local\Programs\Microsoft VS Code\bin;C:\Users\b-qu\AppData\Roaming\npm;C:\Users\b-qu\go\bin
[2026-03-01 09:50:14] [START] Launching: project:3002 @ 3002
[2026-03-01 09:50:14] [OK] PID 28844 started for project:3002
[2026-03-01 09:50:14] [START] Launching: project:3003 @ 3003
[2026-03-01 09:50:15] [OK] PID 18488 started for project:3003
[2026-03-01 09:50:15] [START] Launching: project:3004 @ 3004
[2026-03-01 09:50:15] [OK] PID 33896 started for project:3004
[2026-03-01 09:50:16] [START] Launching: project:3005 @ 3005
[2026-03-01 09:50:16] [OK] PID 4476 started for project:3005
[2026-03-01 09:52:25] [START] Launching: project:3006 @ 3006
[2026-03-01 09:52:25] [OK] PID 55332 started for project:3006
[2026-03-01 10:13:44] [START] Performing Magic Startup...
[2026-03-01 10:13:44] Current Base Path: D:\tailscale magic\dist
[2026-03-01 10:13:44] Project Config: D:\tailscale magic\dist\projects.json
[2026-03-01 10:13:44] System PATH: C:\Users\b-qu\AppData\Local\Temp\_MEI132722\pywin32_system32;C:\Program Files\NVIDIA GPU Computing Toolkit\CUDA\v13.1\bin\x64;C:\Program Files\NVIDIA GPU Computing Toolkit\CUDA\v13.1\bin;C:\WINDOWS\system32\image2video\.venv\Scripts;C:\Program Files\Eclipse Adoptium\jdk-21.0.10.7-hotspot\bin;C:\Program Files\Eclipse Adoptium\jdk-8.0.472.8-hotspot\bin;C:\Program Files (x86)\Common Files\Oracle\Java\java8path;C:\Program Files (x86)\Common Files\Oracle\Java\javapath;C:\Program Files\NVIDIA GPU Computing Toolkit\CUDA\v13.0\bin\x64;C:\Program Files\NVIDIA GPU Computing Toolkit\CUDA\v13.0\bin;C:\WINDOWS\system32;C:\WINDOWS;C:\WINDOWS\System32\Wbem;C:\WINDOWS\System32\WindowsPowerShell\v1.0\;C:\WINDOWS\System32\OpenSSH\;C:\Program Files\NVIDIA Corporation\NVIDIA App\NvDLISR;C:\Program Files (x86)\NVIDIA Corporation\PhysX\Common;C:\Program Files\dotnet\;C:\Program Files\Git\cmd;C:\Program Files\PowerShell\7\;C:\Program Files\Tailscale\;C:\Users\b-qu\AppData\Local\Programs\Python\Python312\Scripts\;C:\Users\b-qu\AppData\Local\Programs\Python\Python312\;C:\Users\b-qu\scoop\apps\git\current\cmd;C:\Users\b-qu\scoop\shim;C:\WINDOWS\system32;C:\WINDOWS;C:\WINDOWS\System32\Wbem;C:\WINDOWS\System32\WindowsPowerShell\v1.0\;C:\WINDOWS\System32\OpenSSH\;C:\Program Files\nodejs\;C:\Program Files\NVIDIA Corporation\Nsight Compute 2025.4.1\;C:\Program Files\Go\bin;C:\Program Files\Microsoft SQL Server\170\Tools\Binn\;C:\Program Files\Microsoft SQL Server\Client SDK\ODBC\170\Tools\Binn\;C:\Program Files (x86)\IncrediBuild;C:\Program Files (x86)\Windows Kits\10\Windows Performance Toolkit\;C:\Users\b-qu\AppData\Local\Programs\Python\Python312\Scripts\;C:\Users\b-qu\AppData\Local\Programs\Python\Python312\;C:\Users\b-qu\AppData\Local\Programs\Python\Launcher\;C:\Users\b-qu\scoop\apps\git\current\cmd;C:\Users\b-qu\scoop\shims;C:\Users\b-qu\.local\bin;C:\Users\b-qu\AppData\Local\Microsoft\WindowsApps;C:\Users\b-qu\.dotnet\tools;C:\Users\b-qu\AppData\Local\Programs\Antigravity\bin;C:\Users\b-qu\AppData\Local\Microsoft\WinGet\Links;C:\cloudflared;;C:\Users\b-qu\AppData\Local\Programs\Ollama;C:\Users\b-qu\AppData\Local\Programs\Microsoft VS Code\bin;C:\Users\b-qu\AppData\Roaming\npm;C:\Users\b-qu\go\bin
[2026-03-01 10:13:44] ⚠️ Port 3002 is occupied by PID 20428 (node.exe)
[2026-03-01 10:13:44] [CLEAN] Clearing port 3002 for project launch...
[2026-03-01 10:13:44] ⚠️ Port 3002 is occupied by PID 20428 (node.exe)
[2026-03-01 10:13:44] [CLEAN] Clearing port 3002 for project launch...
[2026-03-01 10:13:45] [START] Launching: project:3002 @ 3002
[2026-03-01 10:13:45] [OK] PID 13100 started for project:3002
[2026-03-01 10:13:46] ⚠️ Port 3003 is occupied by PID 20784 (node.exe)
[2026-03-01 10:13:46] [CLEAN] Clearing port 3003 for project launch...
[2026-03-01 10:13:46] ⚠️ Port 3003 is occupied by PID 20784 (node.exe)
[2026-03-01 10:13:46] [CLEAN] Clearing port 3003 for project launch...
[2026-03-01 10:13:46] [START] Launching: project:3003 @ 3003
[2026-03-01 10:13:46] [OK] PID 5064 started for project:3003
[2026-03-01 10:13:47] ⚠️ Port 3004 is occupied by PID 10228 (node.exe)
[2026-03-01 10:13:47] [CLEAN] Clearing port 3004 for project launch...
[2026-03-01 10:13:47] [START] Launching: project:3004 @ 3004
[2026-03-01 10:13:47] [OK] PID 13392 started for project:3004
[2026-03-01 10:13:48] ⚠️ Port 3005 is occupied by PID 23560 (node.exe)
[2026-03-01 10:13:48] [CLEAN] Clearing port 3005 for project launch...
[2026-03-01 10:13:48] ⚠️ Port 3005 is occupied by PID 23560 (node.exe)
[2026-03-01 10:13:48] [CLEAN] Clearing port 3005 for project launch...
[2026-03-01 10:13:48] [START] Launching: project:3005 @ 3005
[2026-03-01 10:13:48] [OK] PID 20456 started for project:3005
[2026-03-01 10:13:49] ⚠️ Port 3006 is occupied by PID 22772 (node.exe)
[2026-03-01 10:13:49] [CLEAN] Clearing port 3006 for project launch...
[2026-03-01 10:13:49] ⚠️ Port 3006 is occupied by PID 22772 (node.exe)
[2026-03-01 10:13:49] [CLEAN] Clearing port 3006 for project launch...
[2026-03-01 10:13:49] [START] Launching: project:3006 @ 3006
[2026-03-01 10:13:49] [OK] PID 3084 started for project:3006
[2026-03-01 10:16:48] [START] Launching: project:3008 @ 3008
[2026-03-01 10:16:48] [OK] PID 15088 started for project:3008
[2026-03-01 15:34:09] [START] Performing Magic Startup...
[2026-03-01 15:34:09] Current Base Path: D:\tailscale magic\dist
[2026-03-01 15:34:09] Project Config: D:\tailscale magic\dist\projects.json
[2026-03-01 15:34:09] System PATH: C:\Users\b-qu\AppData\Local\Temp\_MEI342642\pywin32_system32;C:\Program Files\NVIDIA GPU Computing Toolkit\CUDA\v13.1\bin\x64;C:\Program Files\NVIDIA GPU Computing Toolkit\CUDA\v13.1\bin;C:\WINDOWS\system32\image2video\.venv\Scripts;C:\Program Files\Eclipse Adoptium\jdk-21.0.10.7-hotspot\bin;C:\Program Files\Eclipse Adoptium\jdk-8.0.472.8-hotspot\bin;C:\Program Files (x86)\Common Files\Oracle\Java\java8path;C:\Program Files (x86)\Common Files\Oracle\Java\javapath;C:\Program Files\NVIDIA GPU Computing Toolkit\CUDA\v13.0\bin\x64;C:\Program Files\NVIDIA GPU Computing Toolkit\CUDA\v13.0\bin;C:\WINDOWS\system32;C:\WINDOWS;C:\WINDOWS\System32\Wbem;C:\WINDOWS\System32\WindowsPowerShell\v1.0\;C:\WINDOWS\System32\OpenSSH\;C:\Program Files\NVIDIA Corporation\NVIDIA App\NvDLISR;C:\Program Files (x86)\NVIDIA Corporation\PhysX\Common;C:\Program Files\dotnet\;C:\Program Files\Git\cmd;C:\Program Files\PowerShell\7\;C:\Program Files\Tailscale\;C:\Users\b-qu\AppData\Local\Programs\Python\Python312\Scripts\;C:\Users\b-qu\AppData\Local\Programs\Python\Python312\;C:\Users\b-qu\scoop\apps\git\current\cmd;C:\Users\b-qu\scoop\shim;C:\WINDOWS\system32;C:\WINDOWS;C:\WINDOWS\System32\Wbem;C:\WINDOWS\System32\WindowsPowerShell\v1.0\;C:\WINDOWS\System32\OpenSSH\;C:\Program Files\nodejs\;C:\Program Files\NVIDIA Corporation\Nsight Compute 2025.4.1\;C:\Program Files\Go\bin;C:\Program Files\Microsoft SQL Server\170\Tools\Binn\;C:\Program Files\Microsoft SQL Server\Client SDK\ODBC\170\Tools\Binn\;C:\Program Files (x86)\IncrediBuild;C:\Program Files (x86)\Windows Kits\10\Windows Performance Toolkit\;C:\Users\b-qu\AppData\Local\Programs\Python\Python312\Scripts\;C:\Users\b-qu\AppData\Local\Programs\Python\Python312\;C:\Users\b-qu\AppData\Local\Programs\Python\Launcher\;C:\Users\b-qu\scoop\apps\git\current\cmd;C:\Users\b-qu\scoop\shims;C:\Users\b-qu\.local\bin;C:\Users\b-qu\AppData\Local\Microsoft\WindowsApps;C:\Users\b-qu\.dotnet\tools;C:\Users\b-qu\AppData\Local\Programs\Antigravity\bin;C:\Users\b-qu\AppData\Local\Microsoft\WinGet\Links;C:\cloudflared;;C:\Users\b-qu\AppData\Local\Programs\Ollama;C:\Users\b-qu\AppData\Local\Programs\Microsoft VS Code\bin;C:\Users\b-qu\AppData\Roaming\npm;C:\Users\b-qu\go\bin
[2026-03-01 15:34:09] [START] Launching: project:3002 @ 3002
[2026-03-01 15:34:09] [OK] PID 33788 started for project:3002
[2026-03-01 15:34:11] [START] Launching: project:3003 @ 3003
[2026-03-01 15:34:11] [OK] PID 16264 started for project:3003
[2026-03-01 15:34:12] [START] Launching: project:3004 @ 3004
[2026-03-01 15:34:12] [OK] PID 10944 started for project:3004
[2026-03-01 15:34:13] [START] Launching: project:3005 @ 3005
[2026-03-01 15:34:13] [OK] PID 36416 started for project:3005
[2026-03-01 15:34:14] [START] Launching: project:3006 @ 3006
[2026-03-01 15:34:14] [OK] PID 34484 started for project:3006
[2026-03-01 15:34:18] [START] Launching: project:3008 @ 3008
[2026-03-01 15:34:18] [OK] PID 17176 started for project:3008
[2026-03-01 15:35:17] [START] Launching: project:3006 @ 3006
[2026-03-01 15:35:17] [OK] PID 1168 started for project:3006
[2026-03-01 15:35:20] [START] Launching: project:3006 @ 3006
[2026-03-01 15:35:20] [OK] PID 20644 started for project:3006
[2026-03-01 15:35:31] [START] Launching: project:3006 @ 3006
[2026-03-01 15:35:31] [OK] PID 26024 started for project:3006
[2026-03-01 15:35:41] [START] Launching: project:3006 @ 3006
[2026-03-01 15:35:41] [OK] PID 26492 started for project:3006
[2026-03-01 15:35:52] [START] Launching: project:3006 @ 3006
[2026-03-01 15:35:52] [OK] PID 35492 started for project:3006
[2026-03-01 15:36:02] [START] Launching: project:3006 @ 3006
[2026-03-01 15:36:02] [OK] PID 33484 started for project:3006
[2026-03-01 15:36:13] [START] Launching: project:3006 @ 3006
[2026-03-01 15:36:14] [OK] PID 11408 started for project:3006
[2026-03-01 15:36:14] [START] Launching: project:3007 @ 3007
[2026-03-01 15:36:14] [OK] PID 34004 started for project:3007
[2026-03-01 17:36:55] [START] Performing Magic Startup...
[2026-03-01 17:36:55] Current Base Path: D:\tailscale magic\dist
[2026-03-01 17:36:55] Project Config: D:\tailscale magic\dist\projects.json
[2026-03-01 17:36:55] System PATH: C:\Users\b-qu\AppData\Local\Temp\_MEI281722\pywin32_system32;C:\Program Files\NVIDIA GPU Computing Toolkit\CUDA\v13.1\bin\x64;C:\Program Files\NVIDIA GPU Computing Toolkit\CUDA\v13.1\bin;C:\WINDOWS\system32\image2video\.venv\Scripts;C:\Program Files\Eclipse Adoptium\jdk-21.0.10.7-hotspot\bin;C:\Program Files\Eclipse Adoptium\jdk-8.0.472.8-hotspot\bin;C:\Program Files (x86)\Common Files\Oracle\Java\java8path;C:\Program Files (x86)\Common Files\Oracle\Java\javapath;C:\Program Files\NVIDIA GPU Computing Toolkit\CUDA\v13.0\bin\x64;C:\Program Files\NVIDIA GPU Computing Toolkit\CUDA\v13.0\bin;C:\WINDOWS\system32;C:\WINDOWS;C:\WINDOWS\System32\Wbem;C:\WINDOWS\System32\WindowsPowerShell\v1.0\;C:\WINDOWS\System32\OpenSSH\;C:\Program Files\NVIDIA Corporation\NVIDIA App\NvDLISR;C:\Program Files (x86)\NVIDIA Corporation\PhysX\Common;C:\Program Files\dotnet\;C:\Program Files\Git\cmd;C:\Program Files\PowerShell\7\;C:\Program Files\Tailscale\;C:\Users\b-qu\AppData\Local\Programs\Python\Python312\Scripts\;C:\Users\b-qu\AppData\Local\Programs\Python\Python312\;C:\Users\b-qu\scoop\apps\git\current\cmd;C:\Users\b-qu\scoop\shim;C:\WINDOWS\system32;C:\WINDOWS;C:\WINDOWS\System32\Wbem;C:\WINDOWS\System32\WindowsPowerShell\v1.0\;C:\WINDOWS\System32\OpenSSH\;C:\Program Files\nodejs\;C:\Program Files\NVIDIA Corporation\Nsight Compute 2025.4.1\;C:\Program Files\Go\bin;C:\Program Files\Microsoft SQL Server\170\Tools\Binn\;C:\Program Files\Microsoft SQL Server\Client SDK\ODBC\170\Tools\Binn\;C:\Program Files (x86)\IncrediBuild;C:\Program Files (x86)\Windows Kits\10\Windows Performance Toolkit\;C:\Users\b-qu\AppData\Local\Programs\Python\Python312\Scripts\;C:\Users\b-qu\AppData\Local\Programs\Python\Python312\;C:\Users\b-qu\AppData\Local\Programs\Python\Launcher\;C:\Users\b-qu\scoop\apps\git\current\cmd;C:\Users\b-qu\scoop\shims;C:\Users\b-qu\.local\bin;C:\Users\b-qu\AppData\Local\Microsoft\WindowsApps;C:\Users\b-qu\.dotnet\tools;C:\Users\b-qu\AppData\Local\Programs\Antigravity\bin;C:\Users\b-qu\AppData\Local\Microsoft\WinGet\Links;C:\cloudflared;;C:\Users\b-qu\AppData\Local\Programs\Ollama;C:\Users\b-qu\AppData\Local\Programs\Microsoft VS Code\bin;C:\Users\b-qu\AppData\Roaming\npm;C:\Users\b-qu\go\bin
[2026-03-01 17:36:55] ⚠️ Port 3002 is occupied by PID 22416 (node.exe)
[2026-03-01 17:36:55] [CLEAN] Clearing port 3002 for project launch...
[2026-03-01 17:36:55] ⚠️ Port 3002 is occupied by PID 22416 (node.exe)
[2026-03-01 17:36:55] [CLEAN] Clearing port 3002 for project launch...
[2026-03-01 17:36:55] [START] Launching: project:3002 @ 3002
[2026-03-01 17:36:55] [OK] PID 27344 started for project:3002
[2026-03-01 17:36:56] ⚠️ Port 3003 is occupied by PID 37124 (node.exe)
[2026-03-01 17:36:56] [CLEAN] Clearing port 3003 for project launch...
[2026-03-01 17:36:56] ⚠️ Port 3003 is occupied by PID 37124 (node.exe)
[2026-03-01 17:36:56] [CLEAN] Clearing port 3003 for project launch...
[2026-03-01 17:36:56] [START] Launching: project:3003 @ 3003
[2026-03-01 17:36:57] [OK] PID 20392 started for project:3003
[2026-03-01 17:36:58] ⚠️ Port 3004 is occupied by PID 32140 (node.exe)
[2026-03-01 17:36:58] [CLEAN] Clearing port 3004 for project launch...
[2026-03-01 17:36:58] [START] Launching: project:3004 @ 3004
[2026-03-01 17:36:58] [OK] PID 5152 started for project:3004
[2026-03-01 17:36:59] ⚠️ Port 3005 is occupied by PID 33656 (node.exe)
[2026-03-01 17:36:59] [CLEAN] Clearing port 3005 for project launch...
[2026-03-01 17:36:59] ⚠️ Port 3005 is occupied by PID 33656 (node.exe)
[2026-03-01 17:36:59] [CLEAN] Clearing port 3005 for project launch...
[2026-03-01 17:36:59] [START] Launching: project:3005 @ 3005
[2026-03-01 17:36:59] [OK] PID 13520 started for project:3005
[2026-03-01 17:41:01] [START] Launching: project:3008 @ 3008
[2026-03-01 17:41:01] [OK] PID 12916 started for project:3008
[2026-03-01 17:41:06] [START] Launching: project:3008 @ 3008
[2026-03-01 17:41:06] [OK] PID 18224 started for project:3008
[2026-03-01 17:41:16] [START] Launching: project:3008 @ 3008
[2026-03-01 17:41:16] [OK] PID 26648 started for project:3008
[2026-03-01 17:41:27] [START] Launching: project:3008 @ 3001
[2026-03-01 17:41:28] [OK] PID 37536 started for project:3008
[2026-03-01 17:41:28] [START] Launching: project:3008 @ 3001
[2026-03-01 17:41:28] [OK] PID 660 started for project:3008
[2026-03-01 17:41:39] [START] Launching: project:3008 @ 3001
[2026-03-01 17:41:39] [OK] PID 3264 started for project:3008
[2026-03-01 17:41:49] [START] Launching: project:3008 @ 3001
[2026-03-01 17:41:49] [OK] PID 24696 started for project:3008
[2026-03-01 17:42:00] [START] Launching: project:3008 @ 3001
[2026-03-01 17:42:00] [OK] PID 33656 started for project:3008
[2026-03-01 17:45:30] [START] Launching: project:3008 @ 3008
[2026-03-01 17:45:30] [OK] PID 16504 started for project:3008
[2026-03-01 17:51:53] [START] Launching: project:3002 @ 3002
[2026-03-01 17:51:53] [OK] PID 35068 started for project:3002
[2026-03-02 11:57:53] [START] Performing Magic Startup...
[2026-03-02 11:57:53] Current Base Path: D:\tailscale magic\dist
[2026-03-02 11:57:53] Project Config: D:\tailscale magic\dist\projects.json
[2026-03-02 11:57:53] System PATH: C:\Users\b-qu\AppData\Local\Temp\_MEI119522\pywin32_system32;C:\Program Files\NVIDIA GPU Computing Toolkit\CUDA\v13.1\bin\x64;C:\Program Files\NVIDIA GPU Computing Toolkit\CUDA\v13.1\bin;C:\WINDOWS\system32\image2video\.venv\Scripts;C:\Program Files\Eclipse Adoptium\jdk-21.0.10.7-hotspot\bin;C:\Program Files\Eclipse Adoptium\jdk-8.0.472.8-hotspot\bin;C:\Program Files (x86)\Common Files\Oracle\Java\java8path;C:\Program Files (x86)\Common Files\Oracle\Java\javapath;C:\Program Files\NVIDIA GPU Computing Toolkit\CUDA\v13.0\bin\x64;C:\Program Files\NVIDIA GPU Computing Toolkit\CUDA\v13.0\bin;C:\WINDOWS\system32;C:\WINDOWS;C:\WINDOWS\System32\Wbem;C:\WINDOWS\System32\WindowsPowerShell\v1.0\;C:\WINDOWS\System32\OpenSSH\;C:\Program Files\NVIDIA Corporation\NVIDIA App\NvDLISR;C:\Program Files (x86)\NVIDIA Corporation\PhysX\Common;C:\Program Files\dotnet\;C:\Program Files\Git\cmd;C:\Program Files\PowerShell\7\;C:\Program Files\Tailscale\;C:\Users\b-qu\AppData\Local\Programs\Python\Python312\Scripts\;C:\Users\b-qu\AppData\Local\Programs\Python\Python312\;C:\Users\b-qu\scoop\apps\git\current\cmd;C:\Users\b-qu\scoop\shim;C:\WINDOWS\system32;C:\WINDOWS;C:\WINDOWS\System32\Wbem;C:\WINDOWS\System32\WindowsPowerShell\v1.0\;C:\WINDOWS\System32\OpenSSH\;C:\Program Files\nodejs\;C:\Program Files\NVIDIA Corporation\Nsight Compute 2025.4.1\;C:\Program Files\Go\bin;C:\Program Files\Microsoft SQL Server\170\Tools\Binn\;C:\Program Files\Microsoft SQL Server\Client SDK\ODBC\170\Tools\Binn\;C:\Program Files (x86)\IncrediBuild;C:\Program Files (x86)\Windows Kits\10\Windows Performance Toolkit\;C:\Users\b-qu\AppData\Local\Programs\Python\Python312\Scripts\;C:\Users\b-qu\AppData\Local\Programs\Python\Python312\;C:\Users\b-qu\AppData\Local\Programs\Python\Launcher\;C:\Users\b-qu\scoop\apps\git\current\cmd;C:\Users\b-qu\scoop\shims;C:\Users\b-qu\.local\bin;C:\Users\b-qu\AppData\Local\Microsoft\WindowsApps;C:\Users\b-qu\.dotnet\tools;C:\Users\b-qu\AppData\Local\Programs\Antigravity\bin;C:\Users\b-qu\AppData\Local\Microsoft\WinGet\Links;C:\cloudflared;;C:\Users\b-qu\AppData\Local\Programs\Ollama;C:\Users\b-qu\AppData\Local\Programs\Microsoft VS Code\bin;C:\Users\b-qu\AppData\Roaming\npm;C:\Users\b-qu\go\bin
[2026-03-02 11:57:54] [START] Launching: project:3002 @ 3002
[2026-03-02 11:57:54] [OK] PID 22332 started for project:3002
[2026-03-02 12:03:21] [START] Launching: project:3003 @ 3003
[2026-03-02 12:03:21] [OK] PID 19428 started for project:3003
[2026-03-02 12:03:41] [START] Launching: project:3004 @ 3004
[2026-03-02 12:03:41] [OK] PID 4128 started for project:3004
[2026-03-02 12:04:43] [START] Launching: project:3005 @ 3005
[2026-03-02 12:04:43] [OK] PID 16952 started for project:3005
[2026-03-02 12:06:13] [START] Launching: project:3006 @ 3006
[2026-03-02 12:06:13] [OK] PID 24092 started for project:3006
[2026-03-02 12:10:31] [START] Launching: project:3007 @ 3007
[2026-03-02 12:10:31] [OK] PID 25692 started for project:3007
[2026-03-02 12:11:15] [START] Launching: project:3008 @ 3008
[2026-03-02 12:11:15] [OK] PID 16796 started for project:3008
[2026-03-02 12:12:19] [START] Launching: project:3008 @ 3108
[2026-03-02 12:12:19] [OK] PID 4444 started for project:3008
[2026-03-02 12:13:27] [START] Launching: project:3007 @ 3009
[2026-03-02 12:13:27] [OK] PID 23944 started for project:3007
[2026-03-02 12:14:31] [START] Launching: project:3004 @ 3010
[2026-03-02 12:14:31] [OK] PID 25208 started for project:3004
[2026-03-02 12:17:19] [START] Launching: project:3002 @ 3002
[2026-03-02 12:17:19] [OK] PID 17592 started for project:3002
[2026-03-02 20:26:46] [START] Performing Magic Startup...
[2026-03-02 20:26:46] Current Base Path: D:\tailscale magic\dist
[2026-03-02 20:26:46] Project Config: D:\tailscale magic\dist\projects.json
[2026-03-02 20:26:46] System PATH: C:\Users\b-qu\AppData\Local\Temp\_MEI245602\pywin32_system32;C:\Program Files\NVIDIA GPU Computing Toolkit\CUDA\v13.1\bin\x64;C:\Program Files\NVIDIA GPU Computing Toolkit\CUDA\v13.1\bin;C:\WINDOWS\system32\image2video\.venv\Scripts;C:\Program Files\Eclipse Adoptium\jdk-21.0.10.7-hotspot\bin;C:\Program Files\Eclipse Adoptium\jdk-8.0.472.8-hotspot\bin;C:\Program Files (x86)\Common Files\Oracle\Java\java8path;C:\Program Files (x86)\Common Files\Oracle\Java\javapath;C:\Program Files\NVIDIA GPU Computing Toolkit\CUDA\v13.0\bin\x64;C:\Program Files\NVIDIA GPU Computing Toolkit\CUDA\v13.0\bin;C:\WINDOWS\system32;C:\WINDOWS;C:\WINDOWS\System32\Wbem;C:\WINDOWS\System32\WindowsPowerShell\v1.0\;C:\WINDOWS\System32\OpenSSH\;C:\Program Files\NVIDIA Corporation\NVIDIA App\NvDLISR;C:\Program Files (x86)\NVIDIA Corporation\PhysX\Common;C:\Program Files\dotnet\;C:\Program Files\Git\cmd;C:\Program Files\PowerShell\7\;C:\Program Files\Tailscale\;C:\Users\b-qu\AppData\Local\Programs\Python\Python312\Scripts\;C:\Users\b-qu\AppData\Local\Programs\Python\Python312\;C:\Users\b-qu\scoop\apps\git\current\cmd;C:\Users\b-qu\scoop\shim;C:\WINDOWS\system32;C:\WINDOWS;C:\WINDOWS\System32\Wbem;C:\WINDOWS\System32\WindowsPowerShell\v1.0\;C:\WINDOWS\System32\OpenSSH\;C:\Program Files\nodejs\;C:\Program Files\NVIDIA Corporation\Nsight Compute 2025.4.1\;C:\Program Files\Go\bin;C:\Program Files\Microsoft SQL Server\170\Tools\Binn\;C:\Program Files\Microsoft SQL Server\Client SDK\ODBC\170\Tools\Binn\;C:\Program Files (x86)\IncrediBuild;C:\Program Files (x86)\Windows Kits\10\Windows Performance Toolkit\;C:\Users\b-qu\AppData\Local\Programs\Python\Python312\Scripts\;C:\Users\b-qu\AppData\Local\Programs\Python\Python312\;C:\Users\b-qu\AppData\Local\Programs\Python\Launcher\;C:\Users\b-qu\scoop\apps\git\current\cmd;C:\Users\b-qu\scoop\shims;C:\Users\b-qu\.local\bin;C:\Users\b-qu\AppData\Local\Microsoft\WindowsApps;C:\Users\b-qu\.dotnet\tools;C:\Users\b-qu\AppData\Local\Programs\Antigravity\bin;C:\Users\b-qu\AppData\Local\Microsoft\WinGet\Links;C:\cloudflared;;C:\Users\b-qu\AppData\Local\Programs\Ollama;C:\Users\b-qu\AppData\Local\Programs\Microsoft VS Code\bin;C:\Users\b-qu\AppData\Roaming\npm;C:\Users\b-qu\go\bin
[2026-03-02 20:26:46] [START] Launching: project:3002 @ 3002
[2026-03-02 20:26:47] [OK] PID 11816 started for project:3002
[2026-03-02 20:32:56] [START] Launching: project:3002 @ 3002
[2026-03-02 20:32:56] [OK] PID 23296 started for project:3002
[2026-03-02 20:37:07] [START] Launching: project:3002 @ 3002
[2026-03-02 20:37:07] [OK] PID 10940 started for project:3002
[2026-03-02 20:45:47] [START] Launching: project:3002 @ 3002
[2026-03-02 20:45:47] [OK] PID 12356 started for project:3002
[2026-03-02 21:10:38] [START] Performing Magic Startup...
[2026-03-02 21:10:38] Current Base Path: D:\tailscale magic\dist
[2026-03-02 21:10:38] Project Config: D:\tailscale magic\dist\projects.json
[2026-03-02 21:10:38] System PATH: C:\Users\b-qu\AppData\Local\Temp\_MEI93882\pywin32_system32;C:\Program Files\NVIDIA GPU Computing Toolkit\CUDA\v13.1\bin\x64;C:\Program Files\NVIDIA GPU Computing Toolkit\CUDA\v13.1\bin;C:\WINDOWS\system32\image2video\.venv\Scripts;C:\Program Files\Eclipse Adoptium\jdk-21.0.10.7-hotspot\bin;C:\Program Files\Eclipse Adoptium\jdk-8.0.472.8-hotspot\bin;C:\Program Files (x86)\Common Files\Oracle\Java\java8path;C:\Program Files (x86)\Common Files\Oracle\Java\javapath;C:\Program Files\NVIDIA GPU Computing Toolkit\CUDA\v13.0\bin\x64;C:\Program Files\NVIDIA GPU Computing Toolkit\CUDA\v13.0\bin;C:\WINDOWS\system32;C:\WINDOWS;C:\WINDOWS\System32\Wbem;C:\WINDOWS\System32\WindowsPowerShell\v1.0\;C:\WINDOWS\System32\OpenSSH\;C:\Program Files\NVIDIA Corporation\NVIDIA App\NvDLISR;C:\Program Files (x86)\NVIDIA Corporation\PhysX\Common;C:\Program Files\dotnet\;C:\Program Files\Git\cmd;C:\Program Files\PowerShell\7\;C:\Program Files\Tailscale\;C:\Users\b-qu\AppData\Local\Programs\Python\Python312\Scripts\;C:\Users\b-qu\AppData\Local\Programs\Python\Python312\;C:\Users\b-qu\scoop\apps\git\current\cmd;C:\Users\b-qu\scoop\shim;C:\WINDOWS\system32;C:\WINDOWS;C:\WINDOWS\System32\Wbem;C:\WINDOWS\System32\WindowsPowerShell\v1.0\;C:\WINDOWS\System32\OpenSSH\;C:\Program Files\nodejs\;C:\Program Files\NVIDIA Corporation\Nsight Compute 2025.4.1\;C:\Program Files\Go\bin;C:\Program Files\Microsoft SQL Server\170\Tools\Binn\;C:\Program Files\Microsoft SQL Server\Client SDK\ODBC\170\Tools\Binn\;C:\Program Files (x86)\IncrediBuild;C:\Program Files (x86)\Windows Kits\10\Windows Performance Toolkit\;C:\Users\b-qu\AppData\Local\Programs\Python\Python312\Scripts\;C:\Users\b-qu\AppData\Local\Programs\Python\Python312\;C:\Users\b-qu\AppData\Local\Programs\Python\Launcher\;C:\Users\b-qu\scoop\apps\git\current\cmd;C:\Users\b-qu\scoop\shims;C:\Users\b-qu\.local\bin;C:\Users\b-qu\AppData\Local\Microsoft\WindowsApps;C:\Users\b-qu\.dotnet\tools;C:\Users\b-qu\AppData\Local\Programs\Antigravity\bin;C:\Users\b-qu\AppData\Local\Microsoft\WinGet\Links;C:\cloudflared;;C:\Users\b-qu\AppData\Local\Programs\Ollama;C:\Users\b-qu\AppData\Local\Programs\Microsoft VS Code\bin;C:\Users\b-qu\AppData\Roaming\npm;C:\Users\b-qu\go\bin
[2026-03-02 21:10:38] ⚠️ Port 3002 is occupied by PID 2764 (node.exe)
[2026-03-02 21:10:38] [CLEAN] Clearing port 3002 for project launch...
[2026-03-02 21:10:38] ⚠️ Port 3002 is occupied by PID 2764 (node.exe)
[2026-03-02 21:10:38] [CLEAN] Clearing port 3002 for project launch...
[2026-03-02 21:10:39] [START] Launching: project:3002 @ 3002
[2026-03-02 21:10:39] [OK] PID 2028 started for project:3002
[2026-03-11 19:31:19] [START] Performing Magic Startup...
[2026-03-11 19:31:19] Current Base Path: D:\tailscale magic\dist
[2026-03-11 19:31:19] Project Config: D:\tailscale magic\dist\projects.json
[2026-03-11 19:31:19] System PATH: C:\Users\b-qu\AppData\Local\Temp\_MEI277282\pywin32_system32;C:\Program Files\NVIDIA GPU Computing Toolkit\CUDA\v13.1\bin\x64;C:\Program Files\NVIDIA GPU Computing Toolkit\CUDA\v13.1\bin;C:\WINDOWS\system32\image2video\.venv\Scripts;C:\Program Files\Eclipse Adoptium\jdk-21.0.10.7-hotspot\bin;C:\Program Files\Eclipse Adoptium\jdk-8.0.472.8-hotspot\bin;C:\Program Files (x86)\Common Files\Oracle\Java\java8path;C:\Program Files (x86)\Common Files\Oracle\Java\javapath;C:\Program Files\NVIDIA GPU Computing Toolkit\CUDA\v13.0\bin\x64;C:\Program Files\NVIDIA GPU Computing Toolkit\CUDA\v13.0\bin;C:\WINDOWS\system32;C:\WINDOWS;C:\WINDOWS\System32\Wbem;C:\WINDOWS\System32\WindowsPowerShell\v1.0\;C:\WINDOWS\System32\OpenSSH\;C:\Program Files\NVIDIA Corporation\NVIDIA App\NvDLISR;C:\Program Files (x86)\NVIDIA Corporation\PhysX\Common;C:\Program Files\dotnet\;C:\Program Files\Git\cmd;C:\Program Files\PowerShell\7\;C:\Program Files\Tailscale\;C:\Users\b-qu\AppData\Local\Programs\Python\Python312\Scripts\;C:\Users\b-qu\AppData\Local\Programs\Python\Python312\;C:\Users\b-qu\scoop\apps\git\current\cmd;C:\Users\b-qu\scoop\shim;C:\WINDOWS\system32;C:\WINDOWS;C:\WINDOWS\System32\Wbem;C:\WINDOWS\System32\WindowsPowerShell\v1.0\;C:\WINDOWS\System32\OpenSSH\;C:\Program Files\nodejs\;C:\Program Files\NVIDIA Corporation\Nsight Compute 2025.4.1\;C:\Program Files\Go\bin;C:\Program Files\Microsoft SQL Server\170\Tools\Binn\;C:\Program Files\Microsoft SQL Server\Client SDK\ODBC\170\Tools\Binn\;C:\Program Files (x86)\IncrediBuild;C:\Program Files (x86)\Windows Kits\10\Windows Performance Toolkit\;C:\Users\b-qu\AppData\Local\Programs\Python\Python312\Scripts\;C:\Users\b-qu\AppData\Local\Programs\Python\Python312\;C:\Users\b-qu\AppData\Local\Programs\Python\Launcher\;C:\Users\b-qu\scoop\apps\git\current\cmd;C:\Users\b-qu\scoop\shims;C:\Users\b-qu\.local\bin;C:\Users\b-qu\AppData\Local\Microsoft\WindowsApps;C:\Users\b-qu\.dotnet\tools;C:\Users\b-qu\AppData\Local\Microsoft\WinGet\Links;C:\cloudflared;;C:\Users\b-qu\AppData\Local\Programs\Ollama;C:\Users\b-qu\AppData\Local\Programs\Microsoft VS Code\bin;C:\Users\b-qu\AppData\Roaming\npm;C:\Users\b-qu\go\bin;D:\Users\b-qu\AppData\Local\Programs\Antigravity\bin
[2026-03-11 19:31:20] [START] Launching: project:3002 @ 3002
[2026-03-11 19:31:20] [OK] PID 8092 started for project:3002
[2026-03-11 19:32:04] [START] Launching: project:3003 @ 3003
[2026-03-11 19:32:04] [OK] PID 24004 started for project:3003
[2026-03-11 19:32:09] [RECOVERY] Recovering crashed project: project:3003
[2026-03-11 19:32:09] [START] Launching: project:3003 @ 3003
[2026-03-11 19:32:09] [OK] PID 15224 started for project:3003
[2026-03-11 19:32:19] [RECOVERY] Recovering crashed project: project:3003
[2026-03-11 19:32:20] [START] Launching: project:3003 @ 3003
[2026-03-11 19:32:20] [OK] PID 2360 started for project:3003
[2026-03-11 19:32:30] [RECOVERY] Recovering crashed project: project:3003
[2026-03-11 19:32:30] [START] Launching: project:3003 @ 3003
[2026-03-11 19:32:30] [OK] PID 25832 started for project:3003
[2026-03-11 19:32:41] [RECOVERY] Recovering crashed project: project:3003
[2026-03-11 19:32:41] [START] Launching: project:3003 @ 3003
[2026-03-11 19:32:41] [OK] PID 23276 started for project:3003
[2026-03-11 19:32:51] [RECOVERY] Recovering crashed project: project:3003
[2026-03-11 19:32:52] [START] Launching: project:3003 @ 3003
[2026-03-11 19:32:52] [OK] PID 26280 started for project:3003
[2026-03-11 19:33:02] [RECOVERY] Recovering crashed project: project:3003
[2026-03-11 19:33:03] [START] Launching: project:3003 @ 3003
[2026-03-11 19:33:03] [OK] PID 28264 started for project:3003
[2026-03-11 19:33:13] [RECOVERY] Recovering crashed project: project:3003
[2026-03-11 19:33:13] [START] Launching: project:3003 @ 3003
[2026-03-11 19:33:13] [OK] PID 6072 started for project:3003
[2026-03-11 19:33:23] [RECOVERY] Recovering crashed project: project:3003
[2026-03-11 19:33:24] [START] Launching: project:3003 @ 3003
[2026-03-11 19:33:24] [OK] PID 27240 started for project:3003
[2026-03-11 19:33:34] [RECOVERY] Recovering crashed project: project:3003
[2026-03-11 19:33:35] [START] Launching: project:3003 @ 3003
[2026-03-11 19:33:35] [OK] PID 28160 started for project:3003
[2026-03-11 19:33:45] [RECOVERY] Recovering crashed project: project:3003
[2026-03-11 19:33:46] [START] Launching: project:3003 @ 3003
[2026-03-11 19:33:46] [OK] PID 19920 started for project:3003
[2026-03-11 19:33:56] [RECOVERY] Recovering crashed project: project:3003
[2026-03-11 19:33:57] [START] Launching: project:3003 @ 3003
[2026-03-11 19:33:57] [OK] PID 23684 started for project:3003
[2026-03-11 19:34:07] [RECOVERY] Recovering crashed project: project:3003
[2026-03-11 19:34:08] [START] Launching: project:3003 @ 3003
[2026-03-11 19:34:08] [OK] PID 17948 started for project:3003
[2026-03-11 19:34:18] [RECOVERY] Recovering crashed project: project:3003
[2026-03-11 19:34:19] [START] Launching: project:3003 @ 3003
[2026-03-11 19:34:19] [OK] PID 15484 started for project:3003
[2026-03-11 19:34:29] [RECOVERY] Recovering crashed project: project:3003
[2026-03-11 19:34:29] [START] Launching: project:3003 @ 3003
[2026-03-11 19:34:29] [OK] PID 22276 started for project:3003
[2026-03-11 19:50:41] [FUNNEL-HEAL] Funnel DOWN for existing:3001 (port 3001). Re-establishing...
[2026-03-11 19:50:42] [FUNNEL-HEAL] Funnel RESTORED for existing:3001 -> :443
[2026-03-11 19:53:12] [FUNNEL-HEAL] Funnel DOWN for existing:3001 (port 3001). Re-establishing...
[2026-03-11 19:53:12] [FUNNEL-HEAL] Funnel RESTORED for existing:3001 -> :443
[2026-03-11 20:11:24] [RECOVERY] Recovering crashed project: project:3002
[2026-03-11 20:11:25] [START] Launching: project:3002 @ 3002
[2026-03-11 20:11:25] [OK] PID 9928 started for project:3002
[2026-03-11 23:01:56] [START] Performing Magic Startup...
[2026-03-11 23:01:56] Current Base Path: D:\tailscale magic\dist
[2026-03-11 23:01:56] Project Config: D:\tailscale magic\dist\projects.json
[2026-03-11 23:01:56] System PATH: C:\Users\b-qu\AppData\Local\Temp\_MEI61962\pywin32_system32;C:\Program Files\NVIDIA GPU Computing Toolkit\CUDA\v13.1\bin\x64;C:\Program Files\NVIDIA GPU Computing Toolkit\CUDA\v13.1\bin;C:\WINDOWS\system32\image2video\.venv\Scripts;C:\Program Files\Eclipse Adoptium\jdk-21.0.10.7-hotspot\bin;C:\Program Files\Eclipse Adoptium\jdk-8.0.472.8-hotspot\bin;C:\Program Files (x86)\Common Files\Oracle\Java\java8path;C:\Program Files (x86)\Common Files\Oracle\Java\javapath;C:\Program Files\NVIDIA GPU Computing Toolkit\CUDA\v13.0\bin\x64;C:\Program Files\NVIDIA GPU Computing Toolkit\CUDA\v13.0\bin;C:\WINDOWS\system32;C:\WINDOWS;C:\WINDOWS\System32\Wbem;C:\WINDOWS\System32\WindowsPowerShell\v1.0\;C:\WINDOWS\System32\OpenSSH\;C:\Program Files\NVIDIA Corporation\NVIDIA App\NvDLISR;C:\Program Files (x86)\NVIDIA Corporation\PhysX\Common;C:\Program Files\dotnet\;C:\Program Files\Git\cmd;C:\Program Files\PowerShell\7\;C:\Program Files\Tailscale\;C:\Users\b-qu\AppData\Local\Programs\Python\Python312\Scripts\;C:\Users\b-qu\AppData\Local\Programs\Python\Python312\;C:\Users\b-qu\scoop\apps\git\current\cmd;C:\Users\b-qu\scoop\shim;C:\WINDOWS\system32;C:\WINDOWS;C:\WINDOWS\System32\Wbem;C:\WINDOWS\System32\WindowsPowerShell\v1.0\;C:\WINDOWS\System32\OpenSSH\;C:\Program Files\nodejs\;C:\Program Files\NVIDIA Corporation\Nsight Compute 2025.4.1\;C:\Program Files\Go\bin;C:\Program Files\Microsoft SQL Server\170\Tools\Binn\;C:\Program Files\Microsoft SQL Server\Client SDK\ODBC\170\Tools\Binn\;C:\Program Files (x86)\IncrediBuild;C:\Program Files (x86)\Windows Kits\10\Windows Performance Toolkit\;C:\Users\b-qu\AppData\Local\Programs\Python\Python312\Scripts\;C:\Users\b-qu\AppData\Local\Programs\Python\Python312\;C:\Users\b-qu\AppData\Local\Programs\Python\Launcher\;C:\Users\b-qu\scoop\apps\git\current\cmd;C:\Users\b-qu\scoop\shims;C:\Users\b-qu\.local\bin;C:\Users\b-qu\AppData\Local\Microsoft\WindowsApps;C:\Users\b-qu\.dotnet\tools;C:\Users\b-qu\AppData\Local\Microsoft\WinGet\Links;C:\cloudflared;;C:\Users\b-qu\AppData\Local\Programs\Ollama;C:\Users\b-qu\AppData\Local\Programs\Microsoft VS Code\bin;C:\Users\b-qu\AppData\Roaming\npm;C:\Users\b-qu\go\bin;D:\Users\b-qu\AppData\Local\Programs\Antigravity\bin
[2026-03-11 23:01:56] ⚠️ Port 3002 is occupied by PID 16760 (node.exe)
[2026-03-11 23:01:56] [CLEAN] Clearing port 3002 for project launch...
[2026-03-11 23:01:56] ⚠️ Port 3002 is occupied by PID 16760 (node.exe)
[2026-03-11 23:01:56] [CLEAN] Clearing port 3002 for project launch...
[2026-03-11 23:01:57] [START] Launching: project:3002 @ 3002
[2026-03-11 23:01:58] [OK] PID 25864 started for project:3002
[2026-03-11 23:07:07] [RECOVERY] Recovering crashed project: project:3002
[2026-03-11 23:07:08] [START] Launching: project:3002 @ 3002
[2026-03-11 23:07:08] [OK] PID 13772 started for project:3002
[2026-03-11 23:10:03] [START] Performing Magic Startup...
[2026-03-11 23:10:03] Current Base Path: D:\tailscale magic
[2026-03-11 23:10:03] Project Config: D:\tailscale magic\projects.json
[2026-03-11 23:10:03] System PATH: C:\Users\b-qu\AppData\Local\Temp\_MEI49962\pywin32_system32;C:\Program Files\NVIDIA GPU Computing Toolkit\CUDA\v13.1\bin\x64;C:\Program Files\NVIDIA GPU Computing Toolkit\CUDA\v13.1\bin;C:\WINDOWS\system32\image2video\.venv\Scripts;C:\Program Files\Eclipse Adoptium\jdk-21.0.10.7-hotspot\bin;C:\Program Files\Eclipse Adoptium\jdk-8.0.472.8-hotspot\bin;C:\Program Files (x86)\Common Files\Oracle\Java\java8path;C:\Program Files (x86)\Common Files\Oracle\Java\javapath;C:\Program Files\NVIDIA GPU Computing Toolkit\CUDA\v13.0\bin\x64;C:\Program Files\NVIDIA GPU Computing Toolkit\CUDA\v13.0\bin;C:\WINDOWS\system32;C:\WINDOWS;C:\WINDOWS\System32\Wbem;C:\WINDOWS\System32\WindowsPowerShell\v1.0\;C:\WINDOWS\System32\OpenSSH\;C:\Program Files\NVIDIA Corporation\NVIDIA App\NvDLISR;C:\Program Files (x86)\NVIDIA Corporation\PhysX\Common;C:\Program Files\dotnet\;C:\Program Files\Git\cmd;C:\Program Files\PowerShell\7\;C:\Program Files\Tailscale\;C:\Users\b-qu\AppData\Local\Programs\Python\Python312\Scripts\;C:\Users\b-qu\AppData\Local\Programs\Python\Python312\;C:\Users\b-qu\scoop\apps\git\current\cmd;C:\Users\b-qu\scoop\shim;C:\WINDOWS\system32;C:\WINDOWS;C:\WINDOWS\System32\Wbem;C:\WINDOWS\System32\WindowsPowerShell\v1.0\;C:\WINDOWS\System32\OpenSSH\;C:\Program Files\nodejs\;C:\Program Files\NVIDIA Corporation\Nsight Compute 2025.4.1\;C:\Program Files\Go\bin;C:\Program Files\Microsoft SQL Server\170\Tools\Binn\;C:\Program Files\Microsoft SQL Server\Client SDK\ODBC\170\Tools\Binn\;C:\Program Files (x86)\IncrediBuild;C:\Program Files (x86)\Windows Kits\10\Windows Performance Toolkit\;C:\Users\b-qu\AppData\Local\Programs\Python\Python312\Scripts\;C:\Users\b-qu\AppData\Local\Programs\Python\Python312\;C:\Users\b-qu\AppData\Local\Programs\Python\Launcher\;C:\Users\b-qu\scoop\apps\git\current\cmd;C:\Users\b-qu\scoop\shims;C:\Users\b-qu\.local\bin;C:\Users\b-qu\AppData\Local\Microsoft\WindowsApps;C:\Users\b-qu\.dotnet\tools;C:\Users\b-qu\AppData\Local\Microsoft\WinGet\Links;C:\cloudflared;;C:\Users\b-qu\AppData\Local\Programs\Ollama;C:\Users\b-qu\AppData\Local\Programs\Microsoft VS Code\bin;C:\Users\b-qu\AppData\Roaming\npm;C:\Users\b-qu\go\bin;D:\Users\b-qu\AppData\Local\Programs\Antigravity\bin
[2026-03-11 23:10:05] ⚠️ Port 3003 is occupied by PID 29884 (node.exe)
[2026-03-11 23:10:05] [CLEAN] Clearing port 3003 for project launch...
[2026-03-11 23:10:05] ⚠️ Port 3003 is occupied by PID 29884 (node.exe)
[2026-03-11 23:10:05] [CLEAN] Clearing port 3003 for project launch...
[2026-03-11 23:10:05] [START] Launching: project:3003 @ 3003
[2026-03-11 23:10:05] [OK] PID 3720 started for project:3003
[2026-03-11 23:10:07] ⚠️ Port 3004 is occupied by PID 30784 (node.exe)
[2026-03-11 23:10:07] [CLEAN] Clearing port 3004 for project launch...
[2026-03-11 23:10:07] [START] Launching: project:3004 @ 3004
[2026-03-11 23:10:08] [OK] PID 26072 started for project:3004
[2026-03-11 23:10:10] ⚠️ Port 3002 is occupied by PID 23884 (node.exe)
[2026-03-11 23:10:10] [CLEAN] Clearing port 3002 for project launch...
[2026-03-11 23:10:10] ⚠️ Port 3002 is occupied by PID 23884 (node.exe)
[2026-03-11 23:10:10] [CLEAN] Clearing port 3002 for project launch...
[2026-03-11 23:10:10] [START] Launching: project:3002 @ 3002
[2026-03-11 23:10:10] [OK] PID 30344 started for project:3002
[2026-03-11 23:10:12] ⚠️ Port 3005 is occupied by PID 14356 (node.exe)
[2026-03-11 23:10:12] [CLEAN] Clearing port 3005 for project launch...
[2026-03-11 23:10:12] ⚠️ Port 3005 is occupied by PID 14356 (node.exe)
[2026-03-11 23:10:12] [CLEAN] Clearing port 3005 for project launch...
[2026-03-11 23:10:13] [START] Launching: project:3005 @ 3005
[2026-03-11 23:10:13] [RECOVERY] Recovering crashed project: project:3005
[2026-03-11 23:10:13] [OK] PID 31508 started for project:3005
[2026-03-11 23:10:18] ⚠️ Port 3006 is occupied by PID 15308 (node.exe)
[2026-03-11 23:10:18] [CLEAN] Clearing port 3006 for project launch...
[2026-03-11 23:10:19] ⚠️ Port 3006 is occupied by PID 15308 (node.exe)
[2026-03-11 23:10:19] [CLEAN] Clearing port 3006 for project launch...
[2026-03-11 23:10:19] [START] Launching: project:3005 @ 3005
[2026-03-11 23:10:20] [OK] PID 24432 started for project:3005
[2026-03-11 23:10:20] [START] Launching: project:3006 @ 3006
[2026-03-11 23:10:20] [RECOVERY] Recovering crashed project: project:3006
[2026-03-11 23:10:20] [OK] PID 26256 started for project:3006
[2026-03-11 23:10:26] [START] Launching: project:3006 @ 3006
[2026-03-11 23:10:26] ⚠️ Port 3007 is occupied by PID 22016 (node.exe)
[2026-03-11 23:10:26] [CLEAN] Clearing port 3007 for project launch...
[2026-03-11 23:10:26] ⚠️ Port 3007 is occupied by PID 22016 (node.exe)
[2026-03-11 23:10:26] [CLEAN] Clearing port 3007 for project launch...
[2026-03-11 23:10:26] ⚠️ Port 3007 is occupied by PID 22016 (node.exe)
[2026-03-11 23:10:26] [CLEAN] Clearing port 3007 for project launch...
[2026-03-11 23:10:26] [OK] PID 27752 started for project:3006
[2026-03-11 23:10:26] [START] Launching: project:3007 @ 3007
[2026-03-11 23:10:26] [RECOVERY] Recovering crashed project: project:3007
[2026-03-11 23:10:26] [OK] PID 9348 started for project:3007
[2026-03-11 23:10:26] ⚠️ Port 3001 is occupied by PID 0 (System Idle Process)
[2026-03-11 23:10:26] [CLEAN] Clearing port 3001 for project launch...
[2026-03-11 23:10:32] ⚠️ Port 3001 is occupied by PID 23044 (node.exe)
[2026-03-11 23:10:32] [CLEAN] Clearing port 3001 for project launch...
[2026-03-11 23:10:32] [START] Launching: project:3007 @ 3007
[2026-03-11 23:10:32] ⚠️ Port 3001 is occupied by PID 23044 (node.exe)
[2026-03-11 23:10:32] [CLEAN] Clearing port 3001 for project launch...
[2026-03-11 23:10:32] ⚠️ Port 3001 is occupied by PID 23044 (node.exe)
[2026-03-11 23:10:32] [CLEAN] Clearing port 3001 for project launch...
[2026-03-11 23:10:32] ⚠️ Port 3001 is occupied by PID 23044 (node.exe)
[2026-03-11 23:10:32] [CLEAN] Clearing port 3001 for project launch...
[2026-03-11 23:10:33] [OK] PID 3564 started for project:3007
[2026-03-11 23:10:33] [START] Launching: project:3001 @ 3001
[2026-03-11 23:10:33] [RECOVERY] Recovering crashed project: project:3001
[2026-03-11 23:10:33] ⚠️ Port 3001 is occupied by PID 0 (System Idle Process)
[2026-03-11 23:10:33] [CLEAN] Clearing port 3001 for project launch...
[2026-03-11 23:10:33] [OK] PID 6556 started for project:3001
[2026-03-11 23:10:38] [START] Launching: project:3001 @ 3001
[2026-03-11 23:10:39] [OK] PID 23280 started for project:3001
[2026-03-11 23:10:49] [RECOVERY] Recovering crashed project: project:3005
[2026-03-11 23:10:52] ⚠️ Port 3005 is occupied by PID 32000 (node.exe)
[2026-03-11 23:10:53] [CLEAN] Clearing port 3005 for project launch...
[2026-03-11 23:10:53] ⚠️ Port 3005 is occupied by PID 32000 (node.exe)
[2026-03-11 23:10:53] [CLEAN] Clearing port 3005 for project launch...
[2026-03-11 23:10:53] [START] Launching: project:3005 @ 3005
[2026-03-11 23:10:53] [OK] PID 30424 started for project:3005
[2026-03-11 23:10:53] [RECOVERY] Recovering crashed project: project:3006
[2026-03-11 23:10:58] ⚠️ Port 3006 is occupied by PID 16648 (node.exe)
[2026-03-11 23:10:58] [CLEAN] Clearing port 3006 for project launch...
[2026-03-11 23:10:58] ⚠️ Port 3006 is occupied by PID 16648 (node.exe)
[2026-03-11 23:10:58] [CLEAN] Clearing port 3006 for project launch...
[2026-03-11 23:10:59] [START] Launching: project:3006 @ 3006
[2026-03-11 23:10:59] [OK] PID 14136 started for project:3006
[2026-03-11 23:11:00] [RECOVERY] Recovering crashed project: project:3007
[2026-03-11 23:11:03] ⚠️ Port 3007 is occupied by PID 25384 (node.exe)
[2026-03-11 23:11:03] [CLEAN] Clearing port 3007 for project launch...
[2026-03-11 23:11:03] ⚠️ Port 3007 is occupied by PID 25384 (node.exe)
[2026-03-11 23:11:03] [CLEAN] Clearing port 3007 for project launch...
[2026-03-11 23:11:03] [START] Launching: project:3007 @ 3007
[2026-03-11 23:11:04] [OK] PID 28352 started for project:3007
[2026-03-11 23:19:46] [RECOVERY] Recovering crashed project: project:5177
[2026-03-11 23:19:48] ⚠️ Port 5177 is occupied by PID 27896 (node.exe)
[2026-03-11 23:19:48] [CLEAN] Clearing port 5177 for project launch...
[2026-03-11 23:19:48] ⚠️ Port 5177 is occupied by PID 27896 (node.exe)
[2026-03-11 23:19:48] [CLEAN] Clearing port 5177 for project launch...
[2026-03-11 23:19:48] [START] Launching: project:5177 @ 5177
[2026-03-11 23:19:48] [OK] PID 21876 started for project:5177
[2026-03-11 23:33:02] [START] Performing Magic Startup...
[2026-03-11 23:33:02] Current Base Path: D:\tailscale magic
[2026-03-11 23:33:02] Project Config: D:\tailscale magic\projects.json
[2026-03-11 23:33:02] System PATH: C:\Users\b-qu\AppData\Local\Temp\_MEI243882\pywin32_system32;C:\Program Files\NVIDIA GPU Computing Toolkit\CUDA\v13.1\bin\x64;C:\Program Files\NVIDIA GPU Computing Toolkit\CUDA\v13.1\bin;C:\WINDOWS\system32\image2video\.venv\Scripts;C:\Program Files\Eclipse Adoptium\jdk-21.0.10.7-hotspot\bin;C:\Program Files\Eclipse Adoptium\jdk-8.0.472.8-hotspot\bin;C:\Program Files (x86)\Common Files\Oracle\Java\java8path;C:\Program Files (x86)\Common Files\Oracle\Java\javapath;C:\Program Files\NVIDIA GPU Computing Toolkit\CUDA\v13.0\bin\x64;C:\Program Files\NVIDIA GPU Computing Toolkit\CUDA\v13.0\bin;C:\WINDOWS\system32;C:\WINDOWS;C:\WINDOWS\System32\Wbem;C:\WINDOWS\System32\WindowsPowerShell\v1.0\;C:\WINDOWS\System32\OpenSSH\;C:\Program Files\NVIDIA Corporation\NVIDIA App\NvDLISR;C:\Program Files (x86)\NVIDIA Corporation\PhysX\Common;C:\Program Files\dotnet\;C:\Program Files\Git\cmd;C:\Program Files\PowerShell\7\;C:\Program Files\Tailscale\;C:\Users\b-qu\AppData\Local\Programs\Python\Python312\Scripts\;C:\Users\b-qu\AppData\Local\Programs\Python\Python312\;C:\Users\b-qu\scoop\apps\git\current\cmd;C:\Users\b-qu\scoop\shim;C:\WINDOWS\system32;C:\WINDOWS;C:\WINDOWS\System32\Wbem;C:\WINDOWS\System32\WindowsPowerShell\v1.0\;C:\WINDOWS\System32\OpenSSH\;C:\Program Files\nodejs\;C:\Program Files\NVIDIA Corporation\Nsight Compute 2025.4.1\;C:\Program Files\Go\bin;C:\Program Files\Microsoft SQL Server\170\Tools\Binn\;C:\Program Files\Microsoft SQL Server\Client SDK\ODBC\170\Tools\Binn\;C:\Program Files (x86)\IncrediBuild;C:\Program Files (x86)\Windows Kits\10\Windows Performance Toolkit\;C:\Users\b-qu\AppData\Local\Programs\Python\Python312\Scripts\;C:\Users\b-qu\AppData\Local\Programs\Python\Python312\;C:\Users\b-qu\AppData\Local\Programs\Python\Launcher\;C:\Users\b-qu\scoop\apps\git\current\cmd;C:\Users\b-qu\scoop\shims;C:\Users\b-qu\.local\bin;C:\Users\b-qu\AppData\Local\Microsoft\WindowsApps;C:\Users\b-qu\.dotnet\tools;C:\Users\b-qu\AppData\Local\Microsoft\WinGet\Links;C:\cloudflared;;C:\Users\b-qu\AppData\Local\Programs\Ollama;C:\Users\b-qu\AppData\Local\Programs\Microsoft VS Code\bin;C:\Users\b-qu\AppData\Roaming\npm;C:\Users\b-qu\go\bin;D:\Users\b-qu\AppData\Local\Programs\Antigravity\bin
[2026-03-11 23:33:04] ⚠️ Port 3003 is occupied by PID 24704 (node.exe)
[2026-03-11 23:33:04] [CLEAN] Clearing port 3003 for project launch...
[2026-03-11 23:33:04] ⚠️ Port 3003 is occupied by PID 24704 (node.exe)
[2026-03-11 23:33:04] [CLEAN] Clearing port 3003 for project launch...
[2026-03-11 23:33:04] [START] Launching: project:3003 @ 3003
[2026-03-11 23:33:04] [OK] PID 18568 started for project:3003
[2026-03-11 23:33:07] ⚠️ Port 3004 is occupied by PID 17356 (node.exe)
[2026-03-11 23:33:07] [CLEAN] Clearing port 3004 for project launch...
[2026-03-11 23:33:07] [START] Launching: project:3004 @ 3004
[2026-03-11 23:33:08] [OK] PID 23244 started for project:3004
[2026-03-11 23:33:10] ⚠️ Port 3002 is occupied by PID 32524 (node.exe)
[2026-03-11 23:33:10] [CLEAN] Clearing port 3002 for project launch...
[2026-03-11 23:33:10] ⚠️ Port 3002 is occupied by PID 32524 (node.exe)
[2026-03-11 23:33:10] [CLEAN] Clearing port 3002 for project launch...
[2026-03-11 23:33:10] [START] Launching: project:3002 @ 3002
[2026-03-11 23:33:10] [OK] PID 25948 started for project:3002
[2026-03-11 23:33:13] ⚠️ Port 3005 is occupied by PID 22208 (node.exe)
[2026-03-11 23:33:13] [CLEAN] Clearing port 3005 for project launch...
[2026-03-11 23:33:13] ⚠️ Port 3005 is occupied by PID 22208 (node.exe)
[2026-03-11 23:33:13] [CLEAN] Clearing port 3005 for project launch...
[2026-03-11 23:33:13] [START] Launching: project:3005 @ 3005
[2026-03-11 23:33:13] [OK] PID 11076 started for project:3005
[2026-03-11 23:33:17] ⚠️ Port 3006 is occupied by PID 26280 (node.exe)
[2026-03-11 23:33:17] [CLEAN] Clearing port 3006 for project launch...
[2026-03-11 23:33:17] ⚠️ Port 3006 is occupied by PID 26280 (node.exe)
[2026-03-11 23:33:17] [CLEAN] Clearing port 3006 for project launch...
[2026-03-11 23:33:17] [START] Launching: project:3006 @ 3006
[2026-03-11 23:33:17] [OK] PID 30208 started for project:3006
[2026-03-11 23:33:20] ⚠️ Port 3007 is occupied by PID 25084 (node.exe)
[2026-03-11 23:33:20] [CLEAN] Clearing port 3007 for project launch...
[2026-03-11 23:33:20] ⚠️ Port 3007 is occupied by PID 25084 (node.exe)
[2026-03-11 23:33:20] [CLEAN] Clearing port 3007 for project launch...
[2026-03-11 23:33:20] [START] Launching: project:3007 @ 3007
[2026-03-11 23:33:20] [OK] PID 31620 started for project:3007
[2026-03-11 23:33:23] ⚠️ Port 3001 is occupied by PID 32716 (node.exe)
[2026-03-11 23:33:23] [CLEAN] Clearing port 3001 for project launch...
[2026-03-11 23:33:23] ⚠️ Port 3001 is occupied by PID 32716 (node.exe)
[2026-03-11 23:33:23] [CLEAN] Clearing port 3001 for project launch...
[2026-03-11 23:33:23] ⚠️ Port 3001 is occupied by PID 32716 (node.exe)
[2026-03-11 23:33:23] [CLEAN] Clearing port 3001 for project launch...
[2026-03-11 23:33:23] ⚠️ Port 3001 is occupied by PID 32716 (node.exe)
[2026-03-11 23:33:23] [CLEAN] Clearing port 3001 for project launch...
[2026-03-11 23:33:23] [START] Launching: project:3001 @ 3001
[2026-03-11 23:33:23] [OK] PID 19736 started for project:3001
[2026-03-11 23:33:26] ⚠️ Port 5177 is occupied by PID 23940 (node.exe)
[2026-03-11 23:33:26] [CLEAN] Clearing port 5177 for project launch...
[2026-03-11 23:33:26] [START] Launching: project:5177 @ 5177
[2026-03-11 23:33:26] [OK] PID 728 started for project:5177
[2026-03-11 23:41:15] ⚠️ Port 5178 is occupied by PID 2672 (node.exe)
[2026-03-11 23:41:15] [CLEAN] Clearing port 5178 for project launch...
[2026-03-11 23:41:15] [RECOVERY] Recovering crashed or new project: project:5177
[2026-03-11 23:41:20] [START] Launching: project:5177 @ 5178
[2026-03-11 23:41:20] [OK] PID 31832 started for project:5177
[2026-03-11 23:41:21] [START] Launching: project:5177 @ 5178
[2026-03-11 23:41:22] [OK] PID 11904 started for project:5177
[2026-03-11 23:42:39] ⚠️ Port 5173 is occupied by PID 20052 (node.exe)
[2026-03-11 23:42:39] [CLEAN] Clearing port 5173 for project launch...
[2026-03-11 23:42:39] [START] Launching: project:5177 @ 5173
[2026-03-11 23:42:40] [OK] PID 11892 started for project:5177
[2026-03-11 23:59:12] [START] Launching: project:3008 @ 3008
[2026-03-11 23:59:12] [OK] PID 25976 started for project:3008
[2026-03-11 23:59:15] [RECOVERY] Recovering crashed or new project: project:3008
[2026-03-11 23:59:18] [START] Launching: project:3008 @ 3008
[2026-03-11 23:59:18] [OK] PID 28716 started for project:3008
[2026-03-11 23:59:28] [RECOVERY] Recovering crashed or new project: project:3008
[2026-03-11 23:59:31] [START] Launching: project:3008 @ 3008
[2026-03-11 23:59:31] [OK] PID 23276 started for project:3008
[2026-03-11 23:59:41] [RECOVERY] Recovering crashed or new project: project:3008
[2026-03-11 23:59:43] [START] Launching: project:3008 @ 3008
[2026-03-11 23:59:43] [OK] PID 32680 started for project:3008
[2026-03-11 23:59:53] [RECOVERY] Recovering crashed or new project: project:3008
[2026-03-11 23:59:56] [START] Launching: project:3008 @ 3008
[2026-03-11 23:59:56] [OK] PID 12800 started for project:3008
[2026-03-12 00:00:06] [RECOVERY] Recovering crashed or new project: project:3008
[2026-03-12 00:00:08] [START] Launching: project:3008 @ 3008
[2026-03-12 00:00:08] [OK] PID 7192 started for project:3008
[2026-03-12 00:00:18] [RECOVERY] Recovering crashed or new project: project:3008
[2026-03-12 00:00:21] [START] Launching: project:3008 @ 3008
[2026-03-12 00:00:21] [OK] PID 19208 started for project:3008
[2026-03-12 00:01:52] [START] Launching: project:3008 @ 3008
[2026-03-12 00:01:53] [OK] PID 32480 started for project:3008
[2026-03-12 00:02:02] [RECOVERY] Recovering crashed or new project: project:3008
[2026-03-12 00:02:05] [START] Launching: project:3008 @ 3008
[2026-03-12 00:02:05] [OK] PID 30800 started for project:3008
[2026-03-12 00:02:15] [RECOVERY] Recovering crashed or new project: project:3008
[2026-03-12 00:02:17] [START] Launching: project:3008 @ 3008
[2026-03-12 00:02:17] [OK] PID 23904 started for project:3008
[2026-03-12 00:02:27] [RECOVERY] Recovering crashed or new project: project:3008
[2026-03-12 00:02:31] [START] Launching: project:3008 @ 3008
[2026-03-12 00:02:31] [OK] PID 23072 started for project:3008
[2026-03-12 00:02:41] [RECOVERY] Recovering crashed or new project: project:3008
[2026-03-12 00:02:43] [START] Launching: project:3008 @ 3008
[2026-03-12 00:02:43] [OK] PID 17876 started for project:3008
[2026-03-12 00:02:53] [RECOVERY] Recovering crashed or new project: project:3008
[2026-03-12 00:02:56] [START] Launching: project:3008 @ 3008
[2026-03-12 00:02:56] [OK] PID 13564 started for project:3008
[2026-03-12 00:03:06] [RECOVERY] Recovering crashed or new project: project:3008
[2026-03-12 00:03:08] [START] Launching: project:3008 @ 3008
[2026-03-12 00:03:08] [OK] PID 22836 started for project:3008
[2026-03-12 00:03:18] [RECOVERY] Recovering crashed or new project: project:3008
[2026-03-12 00:03:21] [START] Launching: project:3008 @ 3008
[2026-03-12 00:03:21] [OK] PID 4188 started for project:3008
[2026-03-12 00:03:31] [RECOVERY] Recovering crashed or new project: project:3008
[2026-03-12 00:03:33] [START] Launching: project:3008 @ 3008
[2026-03-12 00:03:33] [OK] PID 15524 started for project:3008
[2026-03-12 00:03:43] [RECOVERY] Recovering crashed or new project: project:3008
[2026-03-12 00:03:46] [START] Launching: project:3008 @ 3008
[2026-03-12 00:03:46] [OK] PID 5404 started for project:3008
[2026-03-12 00:03:56] [RECOVERY] Recovering crashed or new project: project:3008
[2026-03-12 00:03:58] [START] Launching: project:3008 @ 3008
[2026-03-12 00:03:58] [OK] PID 30816 started for project:3008
[2026-03-12 00:04:08] [RECOVERY] Recovering crashed or new project: project:3008
[2026-03-12 00:04:11] [START] Launching: project:3008 @ 3008
[2026-03-12 00:04:11] [OK] PID 4064 started for project:3008
[2026-03-12 00:04:21] [RECOVERY] Recovering crashed or new project: project:3008
[2026-03-12 00:04:23] [START] Launching: project:3008 @ 3008
[2026-03-12 00:04:23] [OK] PID 7508 started for project:3008
[2026-03-12 00:04:34] [RECOVERY] Recovering crashed or new project: project:3008
[2026-03-12 00:04:36] [START] Launching: project:3008 @ 3008
[2026-03-12 00:04:36] [OK] PID 23072 started for project:3008
[2026-03-12 00:04:46] [RECOVERY] Recovering crashed or new project: project:3008
[2026-03-12 00:04:48] [START] Launching: project:3008 @ 3008
[2026-03-12 00:04:48] [OK] PID 5568 started for project:3008
[2026-03-12 00:04:58] [RECOVERY] Recovering crashed or new project: project:3008
[2026-03-12 00:05:01] [START] Launching: project:3008 @ 3008
[2026-03-12 00:05:01] [OK] PID 21384 started for project:3008
[2026-03-12 00:05:11] [RECOVERY] Recovering crashed or new project: project:3008
[2026-03-12 00:05:13] [START] Launching: project:3008 @ 3008
[2026-03-12 00:05:13] [OK] PID 1520 started for project:3008
[2026-03-12 00:05:23] [RECOVERY] Recovering crashed or new project: project:3008
[2026-03-12 00:05:26] [START] Launching: project:3008 @ 3008
[2026-03-12 00:05:26] [OK] PID 30888 started for project:3008
[2026-03-12 00:05:36] [RECOVERY] Recovering crashed or new project: project:5175
[2026-03-12 00:05:36] ⚠️ Port 5175 is occupied by PID 2024 (node.exe)
[2026-03-12 00:05:36] [CLEAN] Clearing port 5175 for project launch...
[2026-03-12 00:05:38] [START] Launching: project:5175 @ 5175
[2026-03-12 00:05:38] [OK] PID 6100 started for project:5175
[2026-03-12 00:07:09] [RECOVERY] Recovering crashed or new project: project:3003
[2026-03-12 00:07:09] ⚠️ Port 3003 is occupied by PID 0 (System Idle Process)
[2026-03-12 00:07:09] [CLEAN] Clearing port 3003 for project launch...
[2026-03-12 00:07:22] ⚠️ Port 3003 is occupied by PID 22920 (node.exe)
[2026-03-12 00:07:22] [CLEAN] Clearing port 3003 for project launch...
[2026-03-12 00:07:22] ⚠️ Port 3003 is occupied by PID 22920 (node.exe)
[2026-03-12 00:07:22] [CLEAN] Clearing port 3003 for project launch...
[2026-03-12 00:07:22] [START] Launching: project:3003 @ 3003
[2026-03-12 00:07:22] [OK] PID 31360 started for project:3003
[2026-03-12 00:07:22] [RECOVERY] Recovering crashed or new project: project:3004
[2026-03-12 00:07:22] ⚠️ Port 3004 is occupied by PID 0 (System Idle Process)
[2026-03-12 00:07:22] [CLEAN] Clearing port 3004 for project launch...
[2026-03-12 00:07:37] ⚠️ Port 3004 is occupied by PID 29948 (node.exe)
[2026-03-12 00:07:37] [CLEAN] Clearing port 3004 for project launch...
[2026-03-12 00:07:37] [START] Launching: project:3004 @ 3004
[2026-03-12 00:07:38] [OK] PID 23652 started for project:3004
[2026-03-12 00:07:39] [RECOVERY] Recovering crashed or new project: project:3002
[2026-03-12 00:07:39] ⚠️ Port 3002 is occupied by PID 0 (System Idle Process)
[2026-03-12 00:07:39] [CLEAN] Clearing port 3002 for project launch...
[2026-03-12 00:07:48] ⚠️ Port 3002 is occupied by PID 27636 (node.exe)
[2026-03-12 00:07:48] [CLEAN] Clearing port 3002 for project launch...
[2026-03-12 00:07:48] ⚠️ Port 3002 is occupied by PID 27636 (node.exe)
[2026-03-12 00:07:48] [CLEAN] Clearing port 3002 for project launch...
[2026-03-12 00:07:48] [START] Launching: project:3002 @ 3002
[2026-03-12 00:07:49] [OK] PID 22716 started for project:3002
[2026-03-12 00:07:49] [RECOVERY] Recovering crashed or new project: project:3005
[2026-03-12 00:07:49] ⚠️ Port 3005 is occupied by PID 0 (System Idle Process)
[2026-03-12 00:07:49] [CLEAN] Clearing port 3005 for project launch...
[2026-03-12 00:07:55] ⚠️ Port 3005 is occupied by PID 13564 (node.exe)
[2026-03-12 00:07:55] [CLEAN] Clearing port 3005 for project launch...
[2026-03-12 00:07:55] ⚠️ Port 3005 is occupied by PID 13564 (node.exe)
[2026-03-12 00:07:55] [CLEAN] Clearing port 3005 for project launch...
[2026-03-12 00:07:58] [START] Launching: project:3005 @ 3005
[2026-03-12 00:07:58] [OK] PID 21004 started for project:3005
[2026-03-12 00:07:58] [RECOVERY] Recovering crashed or new project: project:3006
[2026-03-12 00:07:58] ⚠️ Port 3006 is occupied by PID 0 (System Idle Process)
[2026-03-12 00:07:58] [CLEAN] Clearing port 3006 for project launch...
[2026-03-12 00:08:05] ⚠️ Port 3006 is occupied by PID 25084 (node.exe)
[2026-03-12 00:08:05] [CLEAN] Clearing port 3006 for project launch...
[2026-03-12 00:08:05] ⚠️ Port 3006 is occupied by PID 25084 (node.exe)
[2026-03-12 00:08:05] [CLEAN] Clearing port 3006 for project launch...
[2026-03-12 00:08:05] [START] Launching: project:3006 @ 3006
[2026-03-12 00:08:06] [OK] PID 18776 started for project:3006
[2026-03-12 00:08:07] [RECOVERY] Recovering crashed or new project: project:3007
[2026-03-12 00:08:07] ⚠️ Port 3007 is occupied by PID 0 (System Idle Process)
[2026-03-12 00:08:07] [CLEAN] Clearing port 3007 for project launch...
[2026-03-12 00:08:15] ⚠️ Port 3007 is occupied by PID 26448 (node.exe)
[2026-03-12 00:08:15] [CLEAN] Clearing port 3007 for project launch...
[2026-03-12 00:08:15] ⚠️ Port 3007 is occupied by PID 26448 (node.exe)
[2026-03-12 00:08:16] [CLEAN] Clearing port 3007 for project launch...
[2026-03-12 00:08:16] [START] Launching: project:3007 @ 3007
[2026-03-12 00:08:17] [OK] PID 16008 started for project:3007
[2026-03-12 00:08:17] [RECOVERY] Recovering crashed or new project: project:3001
[2026-03-12 00:08:17] ⚠️ Port 3001 is occupied by PID 0 (System Idle Process)
[2026-03-12 00:08:17] [CLEAN] Clearing port 3001 for project launch...
[2026-03-12 00:08:28] ⚠️ Port 3001 is occupied by PID 23208 (node.exe)
[2026-03-12 00:08:28] [CLEAN] Clearing port 3001 for project launch...
[2026-03-12 00:08:28] ⚠️ Port 3001 is occupied by PID 23208 (node.exe)
[2026-03-12 00:08:28] [CLEAN] Clearing port 3001 for project launch...
[2026-03-12 00:08:29] [START] Launching: project:3001 @ 3001
[2026-03-12 00:08:30] [OK] PID 25928 started for project:3001
[2026-03-12 00:08:31] [RECOVERY] Recovering crashed or new project: project:5175
[2026-03-12 00:08:31] ⚠️ Port 5175 is occupied by PID 0 (System Idle Process)
[2026-03-12 00:08:32] [CLEAN] Clearing port 5175 for project launch...
[2026-03-12 00:08:49] ⚠️ Port 5175 is occupied by PID 27520 (node.exe)
[2026-03-12 00:08:49] [CLEAN] Clearing port 5175 for project launch...
[2026-03-12 00:08:50] [START] Launching: project:5175 @ 5175
[2026-03-12 00:08:51] [OK] PID 17952 started for project:5175
[2026-03-12 00:09:04] [RECOVERY] Recovering crashed or new project: project:3004
[2026-03-12 00:09:04] ⚠️ Port 3004 is occupied by PID 0 (System Idle Process)
[2026-03-12 00:09:05] [CLEAN] Clearing port 3004 for project launch...
[2026-03-12 00:09:21] ⚠️ Port 3004 is occupied by PID 19160 (node.exe)
[2026-03-12 00:09:21] [CLEAN] Clearing port 3004 for project launch...
[2026-03-12 00:09:22] [START] Launching: project:3004 @ 3004
[2026-03-12 00:09:22] [OK] PID 680 started for project:3004
[2026-03-12 00:09:22] [RECOVERY] Recovering crashed or new project: project:3002
[2026-03-12 00:09:40] ⚠️ Port 3002 is occupied by PID 30060 (node.exe)
[2026-03-12 00:09:41] [CLEAN] Clearing port 3002 for project launch...
[2026-03-12 00:09:41] ⚠️ Port 3002 is occupied by PID 30060 (node.exe)
[2026-03-12 00:09:41] [CLEAN] Clearing port 3002 for project launch...
[2026-03-12 00:09:41] [START] Launching: project:3002 @ 3002
[2026-03-12 00:09:42] [OK] PID 26628 started for project:3002
[2026-03-12 00:09:43] [RECOVERY] Recovering crashed or new project: project:3005
[2026-03-12 00:09:51] ⚠️ Port 3005 is occupied by PID 18180 (node.exe)
[2026-03-12 00:09:52] [CLEAN] Clearing port 3005 for project launch...
[2026-03-12 00:09:52] ⚠️ Port 3005 is occupied by PID 18180 (node.exe)
[2026-03-12 00:09:52] [CLEAN] Clearing port 3005 for project launch...
[2026-03-12 00:09:54] [START] Launching: project:3005 @ 3005
[2026-03-12 00:09:54] [OK] PID 3412 started for project:3005
[2026-03-12 00:09:54] [RECOVERY] Recovering crashed or new project: project:3006
[2026-03-12 00:10:07] ⚠️ Port 3006 is occupied by PID 23312 (node.exe)
[2026-03-12 00:10:08] [CLEAN] Clearing port 3006 for project launch...
[2026-03-12 00:10:08] ⚠️ Port 3006 is occupied by PID 23312 (node.exe)
[2026-03-12 00:10:09] [CLEAN] Clearing port 3006 for project launch...
[2026-03-12 00:10:11] [START] Launching: project:3006 @ 3006
[2026-03-12 00:10:13] [OK] PID 31168 started for project:3006
[2026-03-12 00:10:13] [RECOVERY] Recovering crashed or new project: project:3007
[2026-03-12 00:10:21] ⚠️ Port 3007 is occupied by PID 9344 (node.exe)
[2026-03-12 00:10:22] [CLEAN] Clearing port 3007 for project launch...
[2026-03-12 00:10:22] ⚠️ Port 3007 is occupied by PID 9344 (node.exe)
[2026-03-12 00:10:22] [CLEAN] Clearing port 3007 for project launch...
[2026-03-12 00:10:26] [START] Launching: project:3007 @ 3007
[2026-03-12 00:10:26] [OK] PID 25632 started for project:3007
[2026-03-12 00:10:26] [RECOVERY] Recovering crashed or new project: project:3001
[2026-03-12 00:10:26] ⚠️ Port 3001 is occupied by PID 0 (System Idle Process)
[2026-03-12 00:10:26] [CLEAN] Clearing port 3001 for project launch...
[2026-03-12 00:10:40] ⚠️ Port 3001 is occupied by PID 29756 (node.exe)
[2026-03-12 00:10:40] [CLEAN] Clearing port 3001 for project launch...
[2026-03-12 00:10:40] ⚠️ Port 3001 is occupied by PID 29756 (node.exe)
[2026-03-12 00:10:41] [CLEAN] Clearing port 3001 for project launch...
[2026-03-12 00:10:41] [START] Launching: project:3001 @ 3001
[2026-03-12 00:10:41] [OK] PID 26668 started for project:3001
[2026-03-12 00:10:42] [RECOVERY] Recovering crashed or new project: project:5175
[2026-03-12 00:10:46] ⚠️ Port 5175 is occupied by PID 11712 (node.exe)
[2026-03-12 00:10:46] [CLEAN] Clearing port 5175 for project launch...
[2026-03-12 00:10:51] [START] Launching: project:5175 @ 5175
[2026-03-12 00:10:53] [OK] PID 13748 started for project:5175
[2026-03-12 00:11:05] [RECOVERY] Recovering crashed or new project: project:3004
[2026-03-12 00:11:06] ⚠️ Port 3004 is occupied by PID 0 (System Idle Process)
[2026-03-12 00:11:06] [CLEAN] Clearing port 3004 for project launch...
[2026-03-12 00:11:22] ⚠️ Port 3004 is occupied by PID 13556 (node.exe)
[2026-03-12 00:11:22] [CLEAN] Clearing port 3004 for project launch...
[2026-03-12 00:11:27] [START] Launching: project:3004 @ 3004
[2026-03-12 00:11:28] [OK] PID 31896 started for project:3004
[2026-03-12 00:11:30] [RECOVERY] Recovering crashed or new project: project:3002
[2026-03-12 00:11:43] ⚠️ Port 3002 is occupied by PID 32360 (node.exe)
[2026-03-12 00:11:43] [CLEAN] Clearing port 3002 for project launch...
[2026-03-12 00:11:43] ⚠️ Port 3002 is occupied by PID 32360 (node.exe)
[2026-03-12 00:11:43] [CLEAN] Clearing port 3002 for project launch...
[2026-03-12 00:11:43] [START] Launching: project:3002 @ 3002
[2026-03-12 00:11:44] [OK] PID 23712 started for project:3002
[2026-03-12 00:11:45] [RECOVERY] Recovering crashed or new project: project:3005
[2026-03-12 00:11:59] ⚠️ Port 3005 is occupied by PID 32548 (node.exe)
[2026-03-12 00:11:59] [CLEAN] Clearing port 3005 for project launch...
[2026-03-12 00:11:59] ⚠️ Port 3005 is occupied by PID 32548 (node.exe)
[2026-03-12 00:12:01] [CLEAN] Clearing port 3005 for project launch...
[2026-03-12 00:12:01] [START] Launching: project:3005 @ 3005
[2026-03-12 00:12:05] [OK] PID 29756 started for project:3005
[2026-03-12 00:12:06] [RECOVERY] Recovering crashed or new project: project:3006
[2026-03-12 00:12:14] ⚠️ Port 3006 is occupied by PID 11076 (node.exe)
[2026-03-12 00:12:14] [CLEAN] Clearing port 3006 for project launch...
[2026-03-12 00:12:14] ⚠️ Port 3006 is occupied by PID 11076 (node.exe)
[2026-03-12 00:12:14] [CLEAN] Clearing port 3006 for project launch...
[2026-03-12 00:12:20] [START] Launching: project:3006 @ 3006
[2026-03-12 00:12:22] [OK] PID 29728 started for project:3006
[2026-03-12 00:12:23] [RECOVERY] Recovering crashed or new project: project:3007
[2026-03-12 00:12:34] ⚠️ Port 3007 is occupied by PID 12236 (node.exe)
[2026-03-12 00:12:35] [CLEAN] Clearing port 3007 for project launch...
[2026-03-12 00:12:35] ⚠️ Port 3007 is occupied by PID 12236 (node.exe)
[2026-03-12 00:12:35] [CLEAN] Clearing port 3007 for project launch...
[2026-03-12 00:12:40] [START] Launching: project:3007 @ 3007
[2026-03-12 00:12:41] [OK] PID 4372 started for project:3007
[2026-03-12 00:12:43] [RECOVERY] Recovering crashed or new project: project:3001
[2026-03-12 00:12:44] ⚠️ Port 3001 is occupied by PID 0 (System Idle Process)
[2026-03-12 00:12:45] [CLEAN] Clearing port 3001 for project launch...
[2026-03-12 00:12:52] ⚠️ Port 3001 is occupied by PID 17876 (node.exe)
[2026-03-12 00:12:52] [CLEAN] Clearing port 3001 for project launch...
[2026-03-12 00:12:52] ⚠️ Port 3001 is occupied by PID 17876 (node.exe)
[2026-03-12 00:12:53] [CLEAN] Clearing port 3001 for project launch...
[2026-03-12 00:12:56] [START] Launching: project:3001 @ 3001
[2026-03-12 00:12:57] [OK] PID 29600 started for project:3001
[2026-03-12 00:13:01] [RECOVERY] Recovering crashed or new project: project:5175
[2026-03-12 00:13:02] ⚠️ Port 5175 is occupied by PID 0 (System Idle Process)
[2026-03-12 00:13:04] [CLEAN] Clearing port 5175 for project launch...
[2026-03-12 00:13:11] ⚠️ Port 5175 is occupied by PID 26596 (node.exe)
[2026-03-12 00:13:11] [CLEAN] Clearing port 5175 for project launch...
[2026-03-12 00:13:11] ⚠️ Port 5175 is occupied by PID 26596 (node.exe)
[2026-03-12 00:13:11] [CLEAN] Clearing port 5175 for project launch...
[2026-03-12 00:13:11] [START] Launching: project:5175 @ 5175
[2026-03-12 00:13:16] [OK] PID 30936 started for project:5175
[2026-03-12 00:13:30] [RECOVERY] Recovering crashed or new project: project:3004
[2026-03-12 00:13:30] ⚠️ Port 3004 is occupied by PID 0 (System Idle Process)
[2026-03-12 00:13:30] [CLEAN] Clearing port 3004 for project launch...
[2026-03-12 00:13:53] ⚠️ Port 3004 is occupied by PID 26076 (node.exe)
[2026-03-12 00:13:53] [CLEAN] Clearing port 3004 for project launch...
[2026-03-12 00:13:55] [START] Launching: project:3004 @ 3004
[2026-03-12 00:13:58] [OK] PID 30564 started for project:3004
[2026-03-12 00:14:01] [RECOVERY] Recovering crashed or new project: project:3002
[2026-03-12 00:14:19] ⚠️ Port 3002 is occupied by PID 24840 (node.exe)
[2026-03-12 00:14:19] [CLEAN] Clearing port 3002 for project launch...
[2026-03-12 00:14:19] ⚠️ Port 3002 is occupied by PID 24840 (node.exe)
[2026-03-12 00:14:20] [CLEAN] Clearing port 3002 for project launch...
[2026-03-12 00:14:21] [START] Launching: project:3002 @ 3002
[2026-03-12 00:14:24] [OK] PID 26172 started for project:3002
[2026-03-12 00:14:25] [RECOVERY] Recovering crashed or new project: project:3005
[2026-03-12 00:14:26] ⚠️ Port 3005 is occupied by PID 0 (System Idle Process)
[2026-03-12 00:14:26] [CLEAN] Clearing port 3005 for project launch...
[2026-03-12 00:14:37] ⚠️ Port 3005 is occupied by PID 28392 (node.exe)
[2026-03-12 00:14:37] [CLEAN] Clearing port 3005 for project launch...
[2026-03-12 00:14:37] ⚠️ Port 3005 is occupied by PID 28392 (node.exe)
[2026-03-12 00:14:37] [CLEAN] Clearing port 3005 for project launch...
[2026-03-12 00:14:38] [START] Launching: project:3005 @ 3005
[2026-03-12 00:14:38] [OK] PID 29612 started for project:3005
[2026-03-12 00:14:39] [RECOVERY] Recovering crashed or new project: project:3006
[2026-03-12 00:14:39] ⚠️ Port 3006 is occupied by PID 0 (System Idle Process)
[2026-03-12 00:14:40] [CLEAN] Clearing port 3006 for project launch...
[2026-03-12 00:14:54] ⚠️ Port 3006 is occupied by PID 26364 (node.exe)
[2026-03-12 00:14:54] [CLEAN] Clearing port 3006 for project launch...
[2026-03-12 00:14:54] ⚠️ Port 3006 is occupied by PID 26364 (node.exe)
[2026-03-12 00:14:55] [CLEAN] Clearing port 3006 for project launch...
[2026-03-12 00:14:55] [START] Launching: project:3006 @ 3006
[2026-03-12 00:14:56] [OK] PID 4892 started for project:3006
[2026-03-12 00:14:57] [RECOVERY] Recovering crashed or new project: project:3007
[2026-03-12 00:14:57] ⚠️ Port 3007 is occupied by PID 0 (System Idle Process)
[2026-03-12 00:14:57] [CLEAN] Clearing port 3007 for project launch...
[2026-03-12 00:15:09] ⚠️ Port 3007 is occupied by PID 29464 (node.exe)
[2026-03-12 00:15:10] [CLEAN] Clearing port 3007 for project launch...
[2026-03-12 00:15:10] ⚠️ Port 3007 is occupied by PID 29464 (node.exe)
[2026-03-12 00:15:10] [CLEAN] Clearing port 3007 for project launch...
[2026-03-12 00:15:10] [START] Launching: project:3007 @ 3007
[2026-03-12 00:15:11] [OK] PID 6824 started for project:3007
[2026-03-12 00:15:12] [RECOVERY] Recovering crashed or new project: project:3001
[2026-03-12 00:15:12] ⚠️ Port 3001 is occupied by PID 0 (System Idle Process)
[2026-03-12 00:15:12] [CLEAN] Clearing port 3001 for project launch...
[2026-03-12 00:15:21] ⚠️ Port 3001 is occupied by PID 11472 (node.exe)
[2026-03-12 00:15:21] [CLEAN] Clearing port 3001 for project launch...
[2026-03-12 00:15:22] ⚠️ Port 3001 is occupied by PID 11472 (node.exe)
[2026-03-12 00:15:22] [CLEAN] Clearing port 3001 for project launch...
[2026-03-12 00:15:24] [START] Launching: project:3001 @ 3001
[2026-03-12 00:15:24] [OK] PID 32632 started for project:3001
[2026-03-12 00:15:24] [RECOVERY] Recovering crashed or new project: project:5175
[2026-03-12 00:15:24] ⚠️ Port 5175 is occupied by PID 0 (System Idle Process)
[2026-03-12 00:15:24] [CLEAN] Clearing port 5175 for project launch...
[2026-03-12 00:15:34] ⚠️ Port 5175 is occupied by PID 23548 (node.exe)
[2026-03-12 00:15:34] [CLEAN] Clearing port 5175 for project launch...
[2026-03-12 00:15:34] ⚠️ Port 5175 is occupied by PID 23548 (node.exe)
[2026-03-12 00:15:34] [CLEAN] Clearing port 5175 for project launch...
[2026-03-12 00:15:35] [START] Launching: project:5175 @ 5175
[2026-03-12 00:15:35] [OK] PID 23068 started for project:5175
[2026-03-12 00:15:45] [RECOVERY] Recovering crashed or new project: project:3003
[2026-03-12 00:15:45] ⚠️ Port 3003 is occupied by PID 0 (System Idle Process)
[2026-03-12 00:15:45] [CLEAN] Clearing port 3003 for project launch...
[2026-03-12 00:15:52] ⚠️ Port 3003 is occupied by PID 22612 (node.exe)
[2026-03-12 00:15:52] [CLEAN] Clearing port 3003 for project launch...
[2026-03-12 00:15:52] ⚠️ Port 3003 is occupied by PID 22612 (node.exe)
[2026-03-12 00:15:52] [CLEAN] Clearing port 3003 for project launch...
[2026-03-12 00:15:52] [START] Launching: project:3003 @ 3003
[2026-03-12 00:15:52] [OK] PID 23196 started for project:3003
[2026-03-12 00:15:52] [RECOVERY] Recovering crashed or new project: project:3002
[2026-03-12 00:16:00] [START] Launching: project:3002 @ 3002
[2026-03-12 00:16:01] [OK] PID 32348 started for project:3002
[2026-03-12 00:16:01] [RECOVERY] Recovering crashed or new project: project:3005
[2026-03-12 00:16:07] ⚠️ Port 3005 is occupied by PID 27036 (node.exe)
[2026-03-12 00:16:07] [CLEAN] Clearing port 3005 for project launch...
[2026-03-12 00:16:07] ⚠️ Port 3005 is occupied by PID 27036 (node.exe)
[2026-03-12 00:16:07] [CLEAN] Clearing port 3005 for project launch...
[2026-03-12 00:16:07] [START] Launching: project:3005 @ 3005
[2026-03-12 00:16:07] [OK] PID 31412 started for project:3005
[2026-03-12 00:16:07] [RECOVERY] Recovering crashed or new project: project:3006
[2026-03-12 00:16:13] ⚠️ Port 3006 is occupied by PID 30140 (node.exe)
[2026-03-12 00:16:13] [CLEAN] Clearing port 3006 for project launch...
[2026-03-12 00:16:13] ⚠️ Port 3006 is occupied by PID 30140 (node.exe)
[2026-03-12 00:16:13] [CLEAN] Clearing port 3006 for project launch...
[2026-03-12 00:16:13] [START] Launching: project:3006 @ 3006
[2026-03-12 00:16:13] [OK] PID 15684 started for project:3006
[2026-03-12 00:16:13] [RECOVERY] Recovering crashed or new project: project:3007
[2026-03-12 00:16:13] ⚠️ Port 3007 is occupied by PID 0 (System Idle Process)
[2026-03-12 00:16:13] [CLEAN] Clearing port 3007 for project launch...
[2026-03-12 00:16:19] ⚠️ Port 3007 is occupied by PID 17152 (node.exe)
[2026-03-12 00:16:19] [CLEAN] Clearing port 3007 for project launch...
[2026-03-12 00:16:19] ⚠️ Port 3007 is occupied by PID 17152 (node.exe)
[2026-03-12 00:16:19] [CLEAN] Clearing port 3007 for project launch...
[2026-03-12 00:16:20] [START] Launching: project:3007 @ 3007
[2026-03-12 00:16:20] [OK] PID 29224 started for project:3007
[2026-03-12 00:16:20] [RECOVERY] Recovering crashed or new project: project:3001
[2026-03-12 00:16:20] ⚠️ Port 3001 is occupied by PID 0 (System Idle Process)
[2026-03-12 00:16:20] [CLEAN] Clearing port 3001 for project launch...
[2026-03-12 00:16:30] ⚠️ Port 3001 is occupied by PID 11948 (node.exe)
[2026-03-12 00:16:30] [CLEAN] Clearing port 3001 for project launch...
[2026-03-12 00:16:31] ⚠️ Port 3001 is occupied by PID 11948 (node.exe)
[2026-03-12 00:16:31] [CLEAN] Clearing port 3001 for project launch...
[2026-03-12 00:20:33] [START] Performing Magic Startup...
[2026-03-12 00:20:33] Current Base Path: D:\tailscale magic
[2026-03-12 00:20:33] Project Config: D:\tailscale magic\projects.json
[2026-03-12 00:20:33] System PATH: C:\Users\b-qu\AppData\Local\Temp\_MEI231842\pywin32_system32;C:\Program Files\NVIDIA GPU Computing Toolkit\CUDA\v13.1\bin\x64;C:\Program Files\NVIDIA GPU Computing Toolkit\CUDA\v13.1\bin;C:\WINDOWS\system32\image2video\.venv\Scripts;C:\Program Files\Eclipse Adoptium\jdk-21.0.10.7-hotspot\bin;C:\Program Files\Eclipse Adoptium\jdk-8.0.472.8-hotspot\bin;C:\Program Files (x86)\Common Files\Oracle\Java\java8path;C:\Program Files (x86)\Common Files\Oracle\Java\javapath;C:\Program Files\NVIDIA GPU Computing Toolkit\CUDA\v13.0\bin\x64;C:\Program Files\NVIDIA GPU Computing Toolkit\CUDA\v13.0\bin;C:\WINDOWS\system32;C:\WINDOWS;C:\WINDOWS\System32\Wbem;C:\WINDOWS\System32\WindowsPowerShell\v1.0\;C:\WINDOWS\System32\OpenSSH\;C:\Program Files\NVIDIA Corporation\NVIDIA App\NvDLISR;C:\Program Files (x86)\NVIDIA Corporation\PhysX\Common;C:\Program Files\dotnet\;C:\Program Files\Git\cmd;C:\Program Files\PowerShell\7\;C:\Program Files\Tailscale\;C:\Users\b-qu\AppData\Local\Programs\Python\Python312\Scripts\;C:\Users\b-qu\AppData\Local\Programs\Python\Python312\;C:\Users\b-qu\scoop\apps\git\current\cmd;C:\Users\b-qu\scoop\shim;C:\WINDOWS\system32;C:\WINDOWS;C:\WINDOWS\System32\Wbem;C:\WINDOWS\System32\WindowsPowerShell\v1.0\;C:\WINDOWS\System32\OpenSSH\;C:\Program Files\nodejs\;C:\Program Files\NVIDIA Corporation\Nsight Compute 2025.4.1\;C:\Program Files\Go\bin;C:\Program Files\Microsoft SQL Server\170\Tools\Binn\;C:\Program Files\Microsoft SQL Server\Client SDK\ODBC\170\Tools\Binn\;C:\Program Files (x86)\IncrediBuild;C:\Program Files (x86)\Windows Kits\10\Windows Performance Toolkit\;C:\Users\b-qu\AppData\Local\Programs\Python\Python312\Scripts\;C:\Users\b-qu\AppData\Local\Programs\Python\Python312\;C:\Users\b-qu\AppData\Local\Programs\Python\Launcher\;C:\Users\b-qu\scoop\apps\git\current\cmd;C:\Users\b-qu\scoop\shims;C:\Users\b-qu\.local\bin;C:\Users\b-qu\AppData\Local\Microsoft\WindowsApps;C:\Users\b-qu\.dotnet\tools;C:\Users\b-qu\AppData\Local\Microsoft\WinGet\Links;C:\cloudflared;;C:\Users\b-qu\AppData\Local\Programs\Ollama;C:\Users\b-qu\AppData\Local\Programs\Microsoft VS Code\bin;C:\Users\b-qu\AppData\Roaming\npm;C:\Users\b-qu\go\bin;D:\Users\b-qu\AppData\Local\Programs\Antigravity\bin
[2026-03-12 00:20:34] ⚠️ Port 3003 is occupied by PID 31380 (node.exe)
[2026-03-12 00:20:34] [CLEAN] Clearing port 3003 for project launch...
[2026-03-12 00:20:34] ⚠️ Port 3003 is occupied by PID 31380 (node.exe)
[2026-03-12 00:20:34] [CLEAN] Clearing port 3003 for project launch...
[2026-03-12 00:20:34] [START] Launching: project:3003 @ 3003
[2026-03-12 00:20:35] [OK] PID 24040 started for project:3003
[2026-03-12 00:20:36] ⚠️ Port 3004 is occupied by PID 17544 (node.exe)
[2026-03-12 00:20:37] [CLEAN] Clearing port 3004 for project launch...
[2026-03-12 00:20:37] [START] Launching: project:3004 @ 3004
[2026-03-12 00:20:37] [OK] PID 12828 started for project:3004
[2026-03-12 00:20:40] ⚠️ Port 3002 is occupied by PID 26640 (node.exe)
[2026-03-12 00:20:40] [CLEAN] Clearing port 3002 for project launch...
[2026-03-12 00:20:40] ⚠️ Port 3002 is occupied by PID 26640 (node.exe)
[2026-03-12 00:20:40] [CLEAN] Clearing port 3002 for project launch...
[2026-03-12 00:20:40] [START] Launching: project:3002 @ 3002
[2026-03-12 00:20:40] [OK] PID 21908 started for project:3002
[2026-03-12 00:20:42] ⚠️ Port 3005 is occupied by PID 15520 (node.exe)
[2026-03-12 00:20:42] [CLEAN] Clearing port 3005 for project launch...
[2026-03-12 00:20:42] ⚠️ Port 3005 is occupied by PID 15520 (node.exe)
[2026-03-12 00:20:42] [CLEAN] Clearing port 3005 for project launch...
[2026-03-12 00:20:43] [START] Launching: project:3005 @ 3005
[2026-03-12 00:20:43] [OK] PID 26692 started for project:3005
[2026-03-12 00:20:43] [RECOVERY] Recovering crashed or new project: project:3001
[2026-03-12 00:20:47] ⚠️ Port 3006 is occupied by PID 16212 (node.exe)
[2026-03-12 00:20:47] [CLEAN] Clearing port 3006 for project launch...
[2026-03-12 00:20:48] ⚠️ Port 3006 is occupied by PID 16212 (node.exe)
[2026-03-12 00:20:48] [CLEAN] Clearing port 3006 for project launch...
[2026-03-12 00:20:48] [START] Launching: project:3001 @ 3001
[2026-03-12 00:20:48] [START] Launching: project:3006 @ 3006
[2026-03-12 00:20:48] [OK] PID 31284 started for project:3006
[2026-03-12 00:20:49] [OK] PID 30760 started for project:3001
[2026-03-12 00:20:51] ⚠️ Port 3007 is occupied by PID 30104 (node.exe)
[2026-03-12 00:20:51] [CLEAN] Clearing port 3007 for project launch...
[2026-03-12 00:20:51] ⚠️ Port 3007 is occupied by PID 30104 (node.exe)
[2026-03-12 00:20:51] [CLEAN] Clearing port 3007 for project launch...
[2026-03-12 00:20:51] [START] Launching: project:3007 @ 3007
[2026-03-12 00:20:51] [OK] PID 29440 started for project:3007
[2026-03-12 00:20:54] [START] Launching: project:3001 @ 3001
[2026-03-12 00:20:54] [OK] PID 24708 started for project:3001
[2026-03-12 00:20:58] ⚠️ Port 5175 is occupied by PID 25208 (node.exe)
[2026-03-12 00:20:58] [CLEAN] Clearing port 5175 for project launch...
[2026-03-12 00:20:58] [START] Launching: project:5175 @ 5175
[2026-03-12 00:20:58] [OK] PID 23744 started for project:5175
[2026-03-12 00:22:00] [RECOVERY] Recovering crashed or new project: project:3007
[2026-03-12 00:22:02] [START] Launching: project:3007 @ 3007
[2026-03-12 00:22:02] [OK] PID 13532 started for project:3007
[2026-03-12 00:22:32] [RECOVERY] Recovering crashed or new project: project:3003
[2026-03-12 00:22:40] ⚠️ Port 3003 is occupied by PID 30104 (node.exe)
[2026-03-12 00:22:40] [CLEAN] Clearing port 3003 for project launch...
[2026-03-12 00:22:40] ⚠️ Port 3003 is occupied by PID 30104 (node.exe)
[2026-03-12 00:22:40] [CLEAN] Clearing port 3003 for project launch...
[2026-03-12 00:22:41] [START] Launching: project:3003 @ 3003
[2026-03-12 00:22:41] [OK] PID 23888 started for project:3003
[2026-03-12 00:22:41] [RECOVERY] Recovering crashed or new project: project:3004
[2026-03-12 00:22:41] ⚠️ Port 3004 is occupied by PID 0 (System Idle Process)
[2026-03-12 00:22:41] [CLEAN] Clearing port 3004 for project launch...
[2026-03-12 00:22:50] ⚠️ Port 3004 is occupied by PID 27440 (node.exe)
[2026-03-12 00:22:50] [CLEAN] Clearing port 3004 for project launch...
[2026-03-12 00:22:50] [START] Launching: project:3004 @ 3004
[2026-03-12 00:22:50] [OK] PID 29104 started for project:3004
[2026-03-12 00:22:50] [RECOVERY] Recovering crashed or new project: project:3002
[2026-03-12 00:22:50] ⚠️ Port 3002 is occupied by PID 0 (System Idle Process)
[2026-03-12 00:22:50] [CLEAN] Clearing port 3002 for project launch...
[2026-03-12 00:22:58] ⚠️ Port 3002 is occupied by PID 23588 (node.exe)
[2026-03-12 00:22:58] [CLEAN] Clearing port 3002 for project launch...
[2026-03-12 00:22:58] ⚠️ Port 3002 is occupied by PID 23588 (node.exe)
[2026-03-12 00:22:58] [CLEAN] Clearing port 3002 for project launch...
[2026-03-12 00:22:59] [START] Launching: project:3002 @ 3002
[2026-03-12 00:22:59] [OK] PID 3444 started for project:3002
[2026-03-12 00:22:59] [RECOVERY] Recovering crashed or new project: project:3005
[2026-03-12 00:22:59] ⚠️ Port 3005 is occupied by PID 0 (System Idle Process)
[2026-03-12 00:22:59] [CLEAN] Clearing port 3005 for project launch...
[2026-03-12 00:22:59] ⚠️ Port 3005 is occupied by PID 3180 (node.exe)
[2026-03-12 00:22:59] [CLEAN] Clearing port 3005 for project launch...
[2026-03-12 00:22:59] ⚠️ Port 3005 is occupied by PID 3180 (node.exe)
[2026-03-12 00:22:59] [CLEAN] Clearing port 3005 for project launch...
[2026-03-12 00:23:03] [START] Launching: project:3005 @ 3005
[2026-03-12 00:23:03] [OK] PID 31940 started for project:3005
[2026-03-12 00:23:03] [RECOVERY] Recovering crashed or new project: project:3006
[2026-03-12 00:23:03] ⚠️ Port 3006 is occupied by PID 0 (System Idle Process)
[2026-03-12 00:23:03] [CLEAN] Clearing port 3006 for project launch...
[2026-03-12 00:23:03] ⚠️ Port 3006 is occupied by PID 2024 (node.exe)
[2026-03-12 00:23:03] [CLEAN] Clearing port 3006 for project launch...
[2026-03-12 00:23:03] ⚠️ Port 3006 is occupied by PID 2024 (node.exe)
[2026-03-12 00:23:03] [CLEAN] Clearing port 3006 for project launch...
[2026-03-12 00:23:03] ⚠️ Port 3006 is occupied by PID 2024 (node.exe)
[2026-03-12 00:23:03] [CLEAN] Clearing port 3006 for project launch...
[2026-03-12 00:23:12] [START] Launching: project:3006 @ 3006
[2026-03-12 00:23:12] [OK] PID 9308 started for project:3006
[2026-03-12 00:23:13] [RECOVERY] Recovering crashed or new project: project:3007
[2026-03-12 00:23:13] ⚠️ Port 3007 is occupied by PID 0 (System Idle Process)
[2026-03-12 00:23:13] [CLEAN] Clearing port 3007 for project launch...
[2026-03-12 00:23:22] ⚠️ Port 3007 is occupied by PID 14288 (node.exe)
[2026-03-12 00:23:22] [CLEAN] Clearing port 3007 for project launch...
[2026-03-12 00:23:22] ⚠️ Port 3007 is occupied by PID 14288 (node.exe)
[2026-03-12 00:23:22] [CLEAN] Clearing port 3007 for project launch...
[2026-03-12 00:23:27] [START] Launching: project:3007 @ 3007
[2026-03-12 00:23:28] [OK] PID 12584 started for project:3007
[2026-03-12 08:13:07] [START] Performing Magic Startup...
[2026-03-12 08:13:07] Current Base Path: D:\tailscale magic\dist
[2026-03-12 08:13:07] Project Config: D:\tailscale magic\dist\projects.json
[2026-03-12 08:13:07] System PATH: C:\Users\b-qu\AppData\Local\Temp\_MEI223882\pywin32_system32;C:\Program Files\NVIDIA GPU Computing Toolkit\CUDA\v13.1\bin\x64;C:\Program Files\NVIDIA GPU Computing Toolkit\CUDA\v13.1\bin;C:\WINDOWS\system32\image2video\.venv\Scripts;C:\Program Files\Eclipse Adoptium\jdk-21.0.10.7-hotspot\bin;C:\Program Files\Eclipse Adoptium\jdk-8.0.472.8-hotspot\bin;C:\Program Files (x86)\Common Files\Oracle\Java\java8path;C:\Program Files (x86)\Common Files\Oracle\Java\javapath;C:\Program Files\NVIDIA GPU Computing Toolkit\CUDA\v13.0\bin\x64;C:\Program Files\NVIDIA GPU Computing Toolkit\CUDA\v13.0\bin;C:\WINDOWS\system32;C:\WINDOWS;C:\WINDOWS\System32\Wbem;C:\WINDOWS\System32\WindowsPowerShell\v1.0\;C:\WINDOWS\System32\OpenSSH\;C:\Program Files\NVIDIA Corporation\NVIDIA App\NvDLISR;C:\Program Files (x86)\NVIDIA Corporation\PhysX\Common;C:\Program Files\dotnet\;C:\Program Files\Git\cmd;C:\Program Files\PowerShell\7\;C:\Program Files\Tailscale\;C:\Users\b-qu\AppData\Local\Programs\Python\Python312\Scripts\;C:\Users\b-qu\AppData\Local\Programs\Python\Python312\;C:\Users\b-qu\scoop\apps\git\current\cmd;C:\Users\b-qu\scoop\shim;C:\WINDOWS\system32;C:\WINDOWS;C:\WINDOWS\System32\Wbem;C:\WINDOWS\System32\WindowsPowerShell\v1.0\;C:\WINDOWS\System32\OpenSSH\;C:\Program Files\nodejs\;C:\Program Files\NVIDIA Corporation\Nsight Compute 2025.4.1\;C:\Program Files\Go\bin;C:\Program Files\Microsoft SQL Server\170\Tools\Binn\;C:\Program Files\Microsoft SQL Server\Client SDK\ODBC\170\Tools\Binn\;C:\Program Files (x86)\IncrediBuild;C:\Program Files (x86)\Windows Kits\10\Windows Performance Toolkit\;C:\Users\b-qu\AppData\Local\Programs\Python\Python312\Scripts\;C:\Users\b-qu\AppData\Local\Programs\Python\Python312\;C:\Users\b-qu\AppData\Local\Programs\Python\Launcher\;C:\Users\b-qu\scoop\apps\git\current\cmd;C:\Users\b-qu\scoop\shims;C:\Users\b-qu\.local\bin;C:\Users\b-qu\AppData\Local\Microsoft\WindowsApps;C:\Users\b-qu\.dotnet\tools;C:\Users\b-qu\AppData\Local\Microsoft\WinGet\Links;C:\cloudflared;;C:\Users\b-qu\AppData\Local\Programs\Ollama;C:\Users\b-qu\AppData\Local\Programs\Microsoft VS Code\bin;C:\Users\b-qu\AppData\Roaming\npm;C:\Users\b-qu\go\bin;D:\Users\b-qu\AppData\Local\Programs\Antigravity\bin
[2026-03-12 08:13:07] ⚠️ Port 3002 is occupied by PID 1556 (node.exe)
[2026-03-12 08:13:07] [CLEAN] Clearing port 3002 for project launch...
[2026-03-12 08:13:09] [START] Launching: project:3002 @ 3002
[2026-03-12 08:13:09] [OK] PID 4996 started for project:3002
[2026-03-12 08:14:06] [START] Performing Magic Startup...
[2026-03-12 08:14:06] Current Base Path: D:\tailscale magic
[2026-03-12 08:14:06] Project Config: D:\tailscale magic\projects.json
[2026-03-12 08:14:06] System PATH: C:\Users\b-qu\AppData\Local\Temp\_MEI97562\pywin32_system32;C:\Program Files\NVIDIA GPU Computing Toolkit\CUDA\v13.1\bin\x64;C:\Program Files\NVIDIA GPU Computing Toolkit\CUDA\v13.1\bin;C:\WINDOWS\system32\image2video\.venv\Scripts;C:\Program Files\Eclipse Adoptium\jdk-21.0.10.7-hotspot\bin;C:\Program Files\Eclipse Adoptium\jdk-8.0.472.8-hotspot\bin;C:\Program Files (x86)\Common Files\Oracle\Java\java8path;C:\Program Files (x86)\Common Files\Oracle\Java\javapath;C:\Program Files\NVIDIA GPU Computing Toolkit\CUDA\v13.0\bin\x64;C:\Program Files\NVIDIA GPU Computing Toolkit\CUDA\v13.0\bin;C:\WINDOWS\system32;C:\WINDOWS;C:\WINDOWS\System32\Wbem;C:\WINDOWS\System32\WindowsPowerShell\v1.0\;C:\WINDOWS\System32\OpenSSH\;C:\Program Files\NVIDIA Corporation\NVIDIA App\NvDLISR;C:\Program Files (x86)\NVIDIA Corporation\PhysX\Common;C:\Program Files\dotnet\;C:\Program Files\Git\cmd;C:\Program Files\PowerShell\7\;C:\Program Files\Tailscale\;C:\Users\b-qu\AppData\Local\Programs\Python\Python312\Scripts\;C:\Users\b-qu\AppData\Local\Programs\Python\Python312\;C:\Users\b-qu\scoop\apps\git\current\cmd;C:\Users\b-qu\scoop\shim;C:\WINDOWS\system32;C:\WINDOWS;C:\WINDOWS\System32\Wbem;C:\WINDOWS\System32\WindowsPowerShell\v1.0\;C:\WINDOWS\System32\OpenSSH\;C:\Program Files\nodejs\;C:\Program Files\NVIDIA Corporation\Nsight Compute 2025.4.1\;C:\Program Files\Go\bin;C:\Program Files\Microsoft SQL Server\170\Tools\Binn\;C:\Program Files\Microsoft SQL Server\Client SDK\ODBC\170\Tools\Binn\;C:\Program Files (x86)\IncrediBuild;C:\Program Files (x86)\Windows Kits\10\Windows Performance Toolkit\;C:\Users\b-qu\AppData\Local\Programs\Python\Python312\Scripts\;C:\Users\b-qu\AppData\Local\Programs\Python\Python312\;C:\Users\b-qu\AppData\Local\Programs\Python\Launcher\;C:\Users\b-qu\scoop\apps\git\current\cmd;C:\Users\b-qu\scoop\shims;C:\Users\b-qu\.local\bin;C:\Users\b-qu\AppData\Local\Microsoft\WindowsApps;C:\Users\b-qu\.dotnet\tools;C:\Users\b-qu\AppData\Local\Microsoft\WinGet\Links;C:\cloudflared;;C:\Users\b-qu\AppData\Local\Programs\Ollama;C:\Users\b-qu\AppData\Local\Programs\Microsoft VS Code\bin;C:\Users\b-qu\AppData\Roaming\npm;C:\Users\b-qu\go\bin;D:\Users\b-qu\AppData\Local\Programs\Antigravity\bin
[2026-03-12 08:14:08] [START] Launching: project:3002 @ 3002
[2026-03-12 08:14:09] [OK] PID 12164 started for project:3002
[2026-03-12 08:14:11] ⚠️ Port 5180 is occupied by PID 32320 (node.exe)
[2026-03-12 08:14:11] [CLEAN] Clearing port 5180 for project launch...
[2026-03-12 08:14:11] [START] Launching: project:schule_copy_frontend @ 5180
[2026-03-12 08:14:12] [OK] PID 29604 started for project:schule_copy_frontend
[2026-03-12 08:14:16] ⚠️ Port 8001 is occupied by PID 31640 (python.exe)
[2026-03-12 08:14:16] [RECOVERY] Recovering crashed or new project: project:schule_main_backend
[2026-03-12 08:14:16] [CLEAN] Clearing port 8001 for project launch...
[2026-03-12 08:14:16] [START] Launching: project:schule_copy_backend @ 8001
[2026-03-12 08:14:17] [OK] PID 20596 started for project:schule_copy_backend
[2026-03-12 08:14:17] ⚠️ Port 5185 is occupied by PID 1472 (node.exe)
[2026-03-12 08:14:17] [CLEAN] Clearing port 5185 for project launch...
[2026-03-12 08:14:20] [START] Launching: project:schule_main_backend @ 8005
[2026-03-12 08:14:20] [OK] PID 3496 started for project:schule_main_backend
[2026-03-12 08:14:20] [START] Launching: project:schule_main_frontend @ 5185
[2026-03-12 08:14:20] [OK] PID 23796 started for project:schule_main_frontend
[2026-03-12 08:14:23] [START] Launching: project:schule_main_backend @ 8005
[2026-03-12 08:14:23] [OK] PID 11892 started for project:schule_main_backend
[2026-03-12 08:14:30] [RECOVERY] Recovering crashed or new project: project:schule_main_backend
[2026-03-12 08:14:31] ⚠️ Port 8005 is occupied by PID 3944 (python.exe)
[2026-03-12 08:14:31] [CLEAN] Clearing port 8005 for project launch...
[2026-03-12 08:14:33] [START] Launching: project:schule_main_backend @ 8005
[2026-03-12 08:14:33] [OK] PID 12932 started for project:schule_main_backend
[2026-03-12 17:57:15] [START] Performing Magic Startup...
[2026-03-12 17:57:15] Current Base Path: D:\tailscale magic
[2026-03-12 17:57:15] Project Config: D:\tailscale magic\projects.json
[2026-03-12 17:57:15] System PATH: C:\Users\b-qu\AppData\Local\Temp\_MEI362042\pywin32_system32;C:\Program Files\NVIDIA GPU Computing Toolkit\CUDA\v13.1\bin\x64;C:\Program Files\NVIDIA GPU Computing Toolkit\CUDA\v13.1\bin;C:\WINDOWS\system32\image2video\.venv\Scripts;C:\Program Files\Eclipse Adoptium\jdk-21.0.10.7-hotspot\bin;C:\Program Files\Eclipse Adoptium\jdk-8.0.472.8-hotspot\bin;C:\Program Files (x86)\Common Files\Oracle\Java\java8path;C:\Program Files (x86)\Common Files\Oracle\Java\javapath;C:\Program Files\NVIDIA GPU Computing Toolkit\CUDA\v13.0\bin\x64;C:\Program Files\NVIDIA GPU Computing Toolkit\CUDA\v13.0\bin;C:\WINDOWS\system32;C:\WINDOWS;C:\WINDOWS\System32\Wbem;C:\WINDOWS\System32\WindowsPowerShell\v1.0\;C:\WINDOWS\System32\OpenSSH\;C:\Program Files\NVIDIA Corporation\NVIDIA App\NvDLISR;C:\Program Files (x86)\NVIDIA Corporation\PhysX\Common;C:\Program Files\dotnet\;C:\Program Files\Git\cmd;C:\Program Files\PowerShell\7\;C:\Program Files\Tailscale\;C:\Users\b-qu\AppData\Local\Programs\Python\Python312\Scripts\;C:\Users\b-qu\AppData\Local\Programs\Python\Python312\;C:\Users\b-qu\scoop\apps\git\current\cmd;C:\Users\b-qu\scoop\shim;C:\WINDOWS\system32;C:\WINDOWS;C:\WINDOWS\System32\Wbem;C:\WINDOWS\System32\WindowsPowerShell\v1.0\;C:\WINDOWS\System32\OpenSSH\;C:\Program Files\nodejs\;C:\Program Files\NVIDIA Corporation\Nsight Compute 2025.4.1\;C:\Program Files\Go\bin;C:\Program Files\Microsoft SQL Server\170\Tools\Binn\;C:\Program Files\Microsoft SQL Server\Client SDK\ODBC\170\Tools\Binn\;C:\Program Files (x86)\IncrediBuild;C:\Program Files (x86)\Windows Kits\10\Windows Performance Toolkit\;C:\Users\b-qu\AppData\Local\Programs\Python\Python312\Scripts\;C:\Users\b-qu\AppData\Local\Programs\Python\Python312\;C:\Users\b-qu\AppData\Local\Programs\Python\Launcher\;C:\Users\b-qu\scoop\apps\git\current\cmd;C:\Users\b-qu\scoop\shims;C:\Users\b-qu\.local\bin;C:\Users\b-qu\AppData\Local\Microsoft\WindowsApps;C:\Users\b-qu\.dotnet\tools;C:\Users\b-qu\AppData\Local\Microsoft\WinGet\Links;C:\cloudflared;;C:\Users\b-qu\AppData\Local\Programs\Ollama;C:\Users\b-qu\AppData\Local\Programs\Microsoft VS Code\bin;C:\Users\b-qu\AppData\Roaming\npm;C:\Users\b-qu\go\bin;D:\Users\b-qu\AppData\Local\Programs\Antigravity\bin
[2026-03-12 17:57:17] ⚠️ Port 3002 is occupied by PID 18104 (node.exe)
[2026-03-12 17:57:17] [CLEAN] Clearing port 3002 for project launch...
[2026-03-12 17:57:18] [START] Launching: project:3002 @ 3002
[2026-03-12 17:57:19] [OK] PID 11668 started for project:3002
[2026-03-12 17:57:19] ⚠️ Port 5180 is occupied by PID 0 (System Idle Process)
[2026-03-12 17:57:19] [CLEAN] Clearing port 5180 for project launch...
[2026-03-12 17:57:19] [START] Performing Magic Startup...
[2026-03-12 17:57:19] Current Base Path: D:\tailscale magic
[2026-03-12 17:57:19] Project Config: D:\tailscale magic\projects.json
[2026-03-12 17:57:19] System PATH: C:\Users\b-qu\AppData\Local\Temp\_MEI363522\pywin32_system32;C:\Program Files\NVIDIA GPU Computing Toolkit\CUDA\v13.1\bin\x64;C:\Program Files\NVIDIA GPU Computing Toolkit\CUDA\v13.1\bin;C:\WINDOWS\system32\image2video\.venv\Scripts;C:\Program Files\Eclipse Adoptium\jdk-21.0.10.7-hotspot\bin;C:\Program Files\Eclipse Adoptium\jdk-8.0.472.8-hotspot\bin;C:\Program Files (x86)\Common Files\Oracle\Java\java8path;C:\Program Files (x86)\Common Files\Oracle\Java\javapath;C:\Program Files\NVIDIA GPU Computing Toolkit\CUDA\v13.0\bin\x64;C:\Program Files\NVIDIA GPU Computing Toolkit\CUDA\v13.0\bin;C:\WINDOWS\system32;C:\WINDOWS;C:\WINDOWS\System32\Wbem;C:\WINDOWS\System32\WindowsPowerShell\v1.0\;C:\WINDOWS\System32\OpenSSH\;C:\Program Files\NVIDIA Corporation\NVIDIA App\NvDLISR;C:\Program Files (x86)\NVIDIA Corporation\PhysX\Common;C:\Program Files\dotnet\;C:\Program Files\Git\cmd;C:\Program Files\PowerShell\7\;C:\Program Files\Tailscale\;C:\Users\b-qu\AppData\Local\Programs\Python\Python312\Scripts\;C:\Users\b-qu\AppData\Local\Programs\Python\Python312\;C:\Users\b-qu\scoop\apps\git\current\cmd;C:\Users\b-qu\scoop\shim;C:\WINDOWS\system32;C:\WINDOWS;C:\WINDOWS\System32\Wbem;C:\WINDOWS\System32\WindowsPowerShell\v1.0\;C:\WINDOWS\System32\OpenSSH\;C:\Program Files\nodejs\;C:\Program Files\NVIDIA Corporation\Nsight Compute 2025.4.1\;C:\Program Files\Go\bin;C:\Program Files\Microsoft SQL Server\170\Tools\Binn\;C:\Program Files\Microsoft SQL Server\Client SDK\ODBC\170\Tools\Binn\;C:\Program Files (x86)\IncrediBuild;C:\Program Files (x86)\Windows Kits\10\Windows Performance Toolkit\;C:\Users\b-qu\AppData\Local\Programs\Python\Python312\Scripts\;C:\Users\b-qu\AppData\Local\Programs\Python\Python312\;C:\Users\b-qu\AppData\Local\Programs\Python\Launcher\;C:\Users\b-qu\scoop\apps\git\current\cmd;C:\Users\b-qu\scoop\shims;C:\Users\b-qu\.local\bin;C:\Users\b-qu\AppData\Local\Microsoft\WindowsApps;C:\Users\b-qu\.dotnet\tools;C:\Users\b-qu\AppData\Local\Microsoft\WinGet\Links;C:\cloudflared;;C:\Users\b-qu\AppData\Local\Programs\Ollama;C:\Users\b-qu\AppData\Local\Programs\Microsoft VS Code\bin;C:\Users\b-qu\AppData\Roaming\npm;C:\Users\b-qu\go\bin;D:\Users\b-qu\AppData\Local\Programs\Antigravity\bin
[2026-03-12 17:57:22] ⚠️ Port 5180 is occupied by PID 17564 (node.exe)
[2026-03-12 17:57:22] [CLEAN] Clearing port 5180 for project launch...
[2026-03-12 17:57:22] ⚠️ Port 5180 is occupied by PID 17564 (node.exe)
[2026-03-12 17:57:22] [CLEAN] Clearing port 5180 for project launch...
[2026-03-12 17:57:22] ⚠️ Port 5180 is occupied by PID 17564 (node.exe)
[2026-03-12 17:57:22] [CLEAN] Clearing port 5180 for project launch...
[2026-03-12 17:57:22] ⚠️ Port 5180 is occupied by PID 17564 (node.exe)
[2026-03-12 17:57:22] [CLEAN] Clearing port 5180 for project launch...
[2026-03-12 17:57:23] [START] Launching: project:schule_copy_frontend @ 5180
[2026-03-12 17:57:23] [OK] PID 36152 started for project:schule_copy_frontend
[2026-03-12 17:57:26] ⚠️ Port 3002 is occupied by PID 34392 (node.exe)
[2026-03-12 17:57:26] [CLEAN] Clearing port 3002 for project launch...
[2026-03-12 17:57:26] [START] Launching: project:3002 @ 3002
[2026-03-12 17:57:26] [OK] PID 7868 started for project:3002
[2026-03-12 17:57:27] ⚠️ Port 5180 is occupied by PID 0 (System Idle Process)
[2026-03-12 17:57:27] [CLEAN] Clearing port 5180 for project launch...
[2026-03-12 17:57:29] [RECOVERY] Recovering crashed or new project: project:schule_copy_frontend
[2026-03-12 17:57:29] ⚠️ Port 5180 is occupied by PID 0 (System Idle Process)
[2026-03-12 17:57:29] [CLEAN] Clearing port 5180 for project launch...
[2026-03-12 17:57:31] ⚠️ Port 8001 is occupied by PID 17700 (python.exe)
[2026-03-12 17:57:31] [CLEAN] Clearing port 8001 for project launch...
[2026-03-12 17:57:31] [START] Launching: project:schule_copy_backend @ 8001
[2026-03-12 17:57:32] [OK] PID 32660 started for project:schule_copy_backend
[2026-03-12 17:57:35] [START] Launching: project:schule_copy_frontend @ 5180
[2026-03-12 17:57:36] [OK] PID 37356 started for project:schule_copy_frontend
[2026-03-12 17:57:36] [RECOVERY] Recovering crashed or new project: project:3002
[2026-03-12 17:57:37] [START] Launching: project:schule_copy_frontend @ 5180
[2026-03-12 17:57:37] [OK] PID 36276 started for project:schule_copy_frontend
[2026-03-12 17:57:37] ⚠️ Port 5185 is occupied by PID 15240 (node.exe)
[2026-03-12 17:57:38] [CLEAN] Clearing port 5185 for project launch...
[2026-03-12 17:57:38] [RECOVERY] Recovering crashed or new project: project:schule_copy_backend
[2026-03-12 17:57:41] [START] Launching: project:schule_main_frontend @ 5185
[2026-03-12 17:57:42] [OK] PID 23480 started for project:schule_main_frontend
[2026-03-12 17:57:51] ⚠️ Port 8001 is occupied by PID 36108 (python.exe)
[2026-03-12 17:57:51] [CLEAN] Clearing port 8001 for project launch...
[2026-03-12 17:57:51] ⚠️ Port 8001 is occupied by PID 36108 (python.exe)
[2026-03-12 17:57:51] [CLEAN] Clearing port 8001 for project launch...
[2026-03-12 17:57:51] [START] Launching: project:schule_copy_backend @ 8001
[2026-03-12 17:57:52] [OK] PID 26860 started for project:schule_copy_backend
[2026-03-12 17:57:52] [START] Launching: project:schule_copy_backend @ 8001
[2026-03-12 17:57:53] ⚠️ Port 3002 is occupied by PID 29460 (node.exe)
[2026-03-12 17:57:53] [OK] PID 31364 started for project:schule_copy_backend
[2026-03-12 17:57:53] [RECOVERY] Recovering crashed or new project: project:schule_main_frontend
[2026-03-12 17:57:53] [CLEAN] Clearing port 3002 for project launch...
[2026-03-12 17:57:54] [START] Launching: project:3002 @ 3002
[2026-03-12 17:57:55] [OK] PID 6124 started for project:3002
[2026-03-12 17:57:56] [RECOVERY] Recovering crashed or new project: project:schule_copy_frontend
[2026-03-12 17:57:57] ⚠️ Port 5180 is occupied by PID 0 (System Idle Process)
[2026-03-12 17:57:57] [CLEAN] Clearing port 5180 for project launch...
[2026-03-12 17:58:01] ⚠️ Port 8005 is occupied by PID 37844 (python.exe)
[2026-03-12 17:58:01] [CLEAN] Clearing port 8005 for project launch...
[2026-03-12 17:58:02] [START] Launching: project:schule_main_backend @ 8005
[2026-03-12 17:58:03] [OK] PID 35888 started for project:schule_main_backend
[2026-03-12 17:58:11] [START] Launching: project:schule_copy_frontend @ 5180
[2026-03-12 17:58:11] [OK] PID 26012 started for project:schule_copy_frontend
[2026-03-12 17:58:11] [RECOVERY] Recovering crashed or new project: project:schule_copy_backend
[2026-03-12 17:58:20] ⚠️ Port 8001 is occupied by PID 29708 (python.exe)
[2026-03-12 17:58:20] [CLEAN] Clearing port 8001 for project launch...
[2026-03-12 17:58:21] [START] Launching: project:schule_copy_backend @ 8001
[2026-03-12 17:58:22] [OK] PID 37820 started for project:schule_copy_backend
[2026-03-12 17:58:23] [RECOVERY] Recovering crashed or new project: project:schule_main_frontend
[2026-03-12 17:58:36] [START] Launching: project:schule_main_frontend @ 5185
[2026-03-12 17:58:38] [START] Launching: project:3003 @ 3003
[2026-03-12 17:58:38] [OK] PID 10440 started for project:schule_main_frontend
[2026-03-12 17:58:38] [OK] PID 37688 started for project:3003
[2026-03-12 17:58:48] [RECOVERY] Recovering crashed or new project: project:schule_copy_frontend
[2026-03-12 17:58:48] ⚠️ Port 5180 is occupied by PID 0 (System Idle Process)
[2026-03-12 17:58:48] [CLEAN] Clearing port 5180 for project launch...
[2026-03-12 17:58:55] [START] Launching: project:schule_copy_frontend @ 5180
[2026-03-12 17:58:56] [OK] PID 9464 started for project:schule_copy_frontend
[2026-03-12 17:58:57] [RECOVERY] Recovering crashed or new project: project:schule_main_frontend
[2026-03-12 17:59:06] [START] Launching: project:schule_main_frontend @ 5185
[2026-03-12 17:59:06] [OK] PID 25792 started for project:schule_main_frontend
[2026-03-12 17:59:17] [RECOVERY] Recovering crashed or new project: project:schule_copy_frontend
[2026-03-12 17:59:17] ⚠️ Port 5180 is occupied by PID 0 (System Idle Process)
[2026-03-12 17:59:17] [CLEAN] Clearing port 5180 for project launch...
[2026-03-12 17:59:20] [START] Launching: project:schule_copy_frontend @ 5180
[2026-03-12 17:59:21] [OK] PID 33256 started for project:schule_copy_frontend
[2026-03-12 17:59:21] [RECOVERY] Recovering crashed or new project: project:schule_main_frontend
[2026-03-12 17:59:24] [START] Launching: project:schule_main_frontend @ 5185
[2026-03-12 17:59:24] [OK] PID 36020 started for project:schule_main_frontend
[2026-03-12 17:59:34] [RECOVERY] Recovering crashed or new project: project:schule_copy_frontend
[2026-03-12 17:59:37] [START] Launching: project:schule_copy_frontend @ 5180
[2026-03-12 17:59:37] [OK] PID 25432 started for project:schule_copy_frontend
[2026-03-12 17:59:37] [RECOVERY] Recovering crashed or new project: project:schule_main_frontend
[2026-03-12 17:59:43] [START] Launching: project:schule_main_frontend @ 5185
[2026-03-12 17:59:43] [OK] PID 34420 started for project:schule_main_frontend
[2026-03-12 17:59:53] [RECOVERY] Recovering crashed or new project: project:schule_copy_frontend
[2026-03-12 17:59:56] [START] Launching: project:schule_copy_frontend @ 5180
[2026-03-12 17:59:56] [OK] PID 36412 started for project:schule_copy_frontend
[2026-03-12 17:59:56] [RECOVERY] Recovering crashed or new project: project:schule_main_frontend
[2026-03-12 18:00:01] [START] Launching: project:schule_main_frontend @ 5185
[2026-03-12 18:00:01] [OK] PID 29760 started for project:schule_main_frontend
[2026-03-12 18:00:11] [RECOVERY] Recovering crashed or new project: project:schule_copy_frontend
[2026-03-12 18:00:14] [START] Launching: project:schule_copy_frontend @ 5180
[2026-03-12 18:00:14] [OK] PID 16920 started for project:schule_copy_frontend
[2026-03-12 18:00:15] [RECOVERY] Recovering crashed or new project: project:schule_main_frontend
[2026-03-12 18:00:18] [START] Launching: project:schule_main_frontend @ 5185
[2026-03-12 18:00:19] [OK] PID 37272 started for project:schule_main_frontend
[2026-03-12 18:00:30] [RECOVERY] Recovering crashed or new project: project:schule_copy_frontend
[2026-03-12 18:00:32] [START] Launching: project:schule_copy_frontend @ 5180
[2026-03-12 18:00:32] [OK] PID 16472 started for project:schule_copy_frontend
[2026-03-12 18:00:32] [RECOVERY] Recovering crashed or new project: project:schule_main_frontend
[2026-03-12 18:00:37] [START] Launching: project:schule_main_frontend @ 5185
[2026-03-12 18:00:37] [OK] PID 28516 started for project:schule_main_frontend
[2026-03-12 18:00:47] [RECOVERY] Recovering crashed or new project: project:schule_copy_frontend
[2026-03-12 18:00:50] [START] Launching: project:schule_copy_frontend @ 5180
[2026-03-12 18:00:50] [OK] PID 14972 started for project:schule_copy_frontend
[2026-03-12 18:00:50] [RECOVERY] Recovering crashed or new project: project:schule_main_frontend
[2026-03-12 18:00:52] [START] Launching: project:schule_main_frontend @ 5185
[2026-03-12 18:00:52] [OK] PID 35076 started for project:schule_main_frontend
[2026-03-12 18:01:03] [RECOVERY] Recovering crashed or new project: project:schule_copy_frontend
[2026-03-12 18:01:05] [START] Launching: project:schule_copy_frontend @ 5180
[2026-03-12 18:01:05] [OK] PID 37496 started for project:schule_copy_frontend
[2026-03-12 18:01:05] [RECOVERY] Recovering crashed or new project: project:schule_main_frontend
[2026-03-12 18:01:08] [START] Launching: project:schule_main_frontend @ 5185
[2026-03-12 18:01:08] [OK] PID 36956 started for project:schule_main_frontend
[2026-03-12 18:01:18] [RECOVERY] Recovering crashed or new project: project:schule_copy_frontend
[2026-03-12 18:01:21] [START] Launching: project:schule_copy_frontend @ 5180
[2026-03-12 18:01:21] [OK] PID 26748 started for project:schule_copy_frontend
[2026-03-12 18:01:21] [RECOVERY] Recovering crashed or new project: project:schule_main_frontend
[2026-03-12 18:01:25] [START] Launching: project:schule_main_frontend @ 5185
[2026-03-12 18:01:25] [OK] PID 18192 started for project:schule_main_frontend
[2026-03-12 18:01:35] [RECOVERY] Recovering crashed or new project: project:schule_copy_frontend
[2026-03-12 18:01:38] [START] Launching: project:schule_copy_frontend @ 5180
[2026-03-12 18:01:38] [OK] PID 31596 started for project:schule_copy_frontend
[2026-03-12 18:01:38] [RECOVERY] Recovering crashed or new project: project:schule_main_frontend
[2026-03-12 18:01:45] [START] Launching: project:schule_main_frontend @ 5185
[2026-03-12 18:01:46] [OK] PID 35088 started for project:schule_main_frontend
[2026-03-12 18:01:56] [RECOVERY] Recovering crashed or new project: project:schule_copy_frontend
[2026-03-12 18:01:59] [START] Launching: project:schule_copy_frontend @ 5180
[2026-03-12 18:01:59] [OK] PID 19448 started for project:schule_copy_frontend
[2026-03-12 18:01:59] [RECOVERY] Recovering crashed or new project: project:schule_main_frontend
[2026-03-12 18:02:03] [START] Launching: project:schule_main_frontend @ 5185
[2026-03-12 18:02:04] [OK] PID 15992 started for project:schule_main_frontend
[2026-03-12 18:02:14] [RECOVERY] Recovering crashed or new project: project:schule_copy_frontend
[2026-03-12 18:02:17] [START] Launching: project:schule_copy_frontend @ 5180
[2026-03-12 18:02:17] [OK] PID 30620 started for project:schule_copy_frontend
[2026-03-12 18:02:17] [RECOVERY] Recovering crashed or new project: project:schule_main_frontend
[2026-03-12 18:02:22] [START] Launching: project:schule_main_frontend @ 5185
[2026-03-12 18:02:22] [OK] PID 16148 started for project:schule_main_frontend
[2026-03-12 18:02:32] [RECOVERY] Recovering crashed or new project: project:schule_copy_frontend
[2026-03-12 18:02:38] [START] Launching: project:schule_copy_frontend @ 5180
[2026-03-12 18:02:38] [OK] PID 36388 started for project:schule_copy_frontend
[2026-03-12 18:02:38] [RECOVERY] Recovering crashed or new project: project:schule_main_frontend
[2026-03-12 18:02:43] [START] Launching: project:schule_main_frontend @ 5185
[2026-03-12 18:02:43] [OK] PID 23320 started for project:schule_main_frontend
[2026-03-12 18:02:53] [RECOVERY] Recovering crashed or new project: project:schule_copy_frontend
[2026-03-12 18:02:56] [START] Launching: project:schule_copy_frontend @ 5180
[2026-03-12 18:02:56] [OK] PID 25568 started for project:schule_copy_frontend
[2026-03-12 18:02:56] [RECOVERY] Recovering crashed or new project: project:schule_main_frontend
[2026-03-12 18:03:01] [START] Launching: project:schule_main_frontend @ 5185
[2026-03-12 18:03:01] [OK] PID 32496 started for project:schule_main_frontend
[2026-03-12 18:03:11] [RECOVERY] Recovering crashed or new project: project:schule_copy_frontend
[2026-03-12 18:03:14] [START] Launching: project:schule_copy_frontend @ 5180
[2026-03-12 18:03:14] [OK] PID 30852 started for project:schule_copy_frontend
[2026-03-12 18:03:15] [RECOVERY] Recovering crashed or new project: project:schule_main_frontend
[2026-03-12 18:03:18] [START] Launching: project:schule_main_frontend @ 5185
[2026-03-12 18:03:18] [OK] PID 27992 started for project:schule_main_frontend
[2026-03-12 18:03:29] [RECOVERY] Recovering crashed or new project: project:schule_copy_frontend
[2026-03-12 18:03:32] [START] Launching: project:schule_copy_frontend @ 5180
[2026-03-12 18:03:32] [OK] PID 22156 started for project:schule_copy_frontend
[2026-03-12 18:03:32] [RECOVERY] Recovering crashed or new project: project:schule_main_frontend
[2026-03-12 18:03:37] [START] Launching: project:schule_main_frontend @ 5185
[2026-03-12 18:03:37] [OK] PID 8548 started for project:schule_main_frontend
[2026-03-12 18:03:47] [RECOVERY] Recovering crashed or new project: project:schule_copy_frontend
[2026-03-12 18:03:51] [START] Launching: project:schule_copy_frontend @ 5180
[2026-03-12 18:03:51] [OK] PID 37424 started for project:schule_copy_frontend
[2026-03-12 18:03:51] [RECOVERY] Recovering crashed or new project: project:schule_main_frontend
[2026-03-12 18:03:54] [START] Launching: project:schule_main_frontend @ 5185
[2026-03-12 18:03:55] [OK] PID 37016 started for project:schule_main_frontend
[2026-03-12 18:04:02] [START] Launching: project:3004 @ 3004
[2026-03-12 18:04:02] [OK] PID 32764 started for project:3004
[2026-03-12 18:04:05] [RECOVERY] Recovering crashed or new project: project:schule_copy_frontend
[2026-03-12 18:04:13] [START] Launching: project:schule_copy_frontend @ 5180
[2026-03-12 18:04:13] [OK] PID 37040 started for project:schule_copy_frontend
[2026-03-12 18:04:13] [RECOVERY] Recovering crashed or new project: project:schule_main_frontend
[2026-03-12 18:04:22] [START] Launching: project:schule_main_frontend @ 5185
[2026-03-12 18:04:22] [OK] PID 28044 started for project:schule_main_frontend
[2026-03-12 18:04:32] [RECOVERY] Recovering crashed or new project: project:schule_copy_frontend
[2026-03-12 18:04:40] [START] Launching: project:schule_copy_frontend @ 5180
[2026-03-12 18:04:40] [OK] PID 28572 started for project:schule_copy_frontend
[2026-03-12 18:04:40] [RECOVERY] Recovering crashed or new project: project:schule_main_frontend
[2026-03-12 18:04:51] [START] Launching: project:schule_main_frontend @ 5185
[2026-03-12 18:04:51] [OK] PID 33864 started for project:schule_main_frontend
[2026-03-12 18:05:01] [RECOVERY] Recovering crashed or new project: project:schule_copy_frontend
[2026-03-12 18:05:09] [START] Launching: project:schule_copy_frontend @ 5180
[2026-03-12 18:05:10] [OK] PID 30564 started for project:schule_copy_frontend
[2026-03-12 18:05:10] [RECOVERY] Recovering crashed or new project: project:schule_main_frontend
[2026-03-12 18:05:19] [START] Launching: project:schule_main_frontend @ 5185
[2026-03-12 18:05:19] [OK] PID 10512 started for project:schule_main_frontend
[2026-03-12 18:05:30] [RECOVERY] Recovering crashed or new project: project:schule_copy_frontend
[2026-03-12 18:05:36] [START] Launching: project:schule_copy_frontend @ 5180
[2026-03-12 18:05:36] [OK] PID 36152 started for project:schule_copy_frontend
[2026-03-12 18:05:37] [RECOVERY] Recovering crashed or new project: project:schule_main_frontend
[2026-03-12 18:05:46] [START] Launching: project:schule_main_frontend @ 5185
[2026-03-12 18:05:47] [OK] PID 31568 started for project:schule_main_frontend
[2026-03-12 18:05:58] [RECOVERY] Recovering crashed or new project: project:schule_copy_frontend
[2026-03-12 18:06:05] [START] Launching: project:schule_copy_frontend @ 5180
[2026-03-12 18:06:06] [OK] PID 32392 started for project:schule_copy_frontend
[2026-03-12 18:06:06] [RECOVERY] Recovering crashed or new project: project:schule_main_frontend
[2026-03-12 18:06:16] [START] Launching: project:schule_main_frontend @ 5185
[2026-03-12 18:06:16] [OK] PID 19672 started for project:schule_main_frontend
[2026-03-12 18:06:27] [RECOVERY] Recovering crashed or new project: project:schule_copy_frontend
[2026-03-12 18:06:35] [START] Launching: project:schule_copy_frontend @ 5180
[2026-03-12 18:06:36] [OK] PID 14132 started for project:schule_copy_frontend
[2026-03-12 18:06:36] [RECOVERY] Recovering crashed or new project: project:schule_main_frontend
[2026-03-12 18:06:47] [START] Launching: project:schule_main_frontend @ 5185
[2026-03-12 18:06:47] [OK] PID 32228 started for project:schule_main_frontend
[2026-03-12 18:06:58] [RECOVERY] Recovering crashed or new project: project:schule_copy_frontend
[2026-03-12 18:07:07] [START] Launching: project:schule_copy_frontend @ 5180
[2026-03-12 18:07:07] [OK] PID 10752 started for project:schule_copy_frontend
[2026-03-12 18:07:08] [RECOVERY] Recovering crashed or new project: project:schule_main_frontend
[2026-03-12 18:07:19] [START] Launching: project:schule_main_frontend @ 5185
[2026-03-12 18:07:20] [OK] PID 20040 started for project:schule_main_frontend
[2026-03-12 18:07:32] [RECOVERY] Recovering crashed or new project: project:schule_copy_frontend
[2026-03-12 18:07:43] [START] Launching: project:schule_copy_frontend @ 5180
[2026-03-12 18:07:44] [OK] PID 30032 started for project:schule_copy_frontend
[2026-03-12 18:07:44] [RECOVERY] Recovering crashed or new project: project:schule_main_frontend
[2026-03-12 18:07:55] [START] Launching: project:schule_main_frontend @ 5185
[2026-03-12 18:07:55] [OK] PID 27532 started for project:schule_main_frontend
[2026-03-12 18:08:07] [RECOVERY] Recovering crashed or new project: project:schule_copy_frontend
[2026-03-12 18:08:16] [START] Launching: project:schule_copy_frontend @ 5180
[2026-03-12 18:08:16] [OK] PID 33364 started for project:schule_copy_frontend
[2026-03-12 18:08:16] [RECOVERY] Recovering crashed or new project: project:schule_main_frontend
[2026-03-12 18:08:24] [START] Launching: project:schule_main_frontend @ 5185
[2026-03-12 18:08:25] [OK] PID 37092 started for project:schule_main_frontend
[2026-03-12 18:08:35] [RECOVERY] Recovering crashed or new project: project:schule_copy_frontend
[2026-03-12 18:08:42] [START] Launching: project:schule_copy_frontend @ 5180
[2026-03-12 18:08:43] [OK] PID 8976 started for project:schule_copy_frontend
[2026-03-12 18:08:44] [RECOVERY] Recovering crashed or new project: project:schule_main_frontend
[2026-03-12 18:08:54] [START] Launching: project:schule_main_frontend @ 5185
[2026-03-12 18:08:54] [OK] PID 17152 started for project:schule_main_frontend
[2026-03-12 18:09:04] [RECOVERY] Recovering crashed or new project: project:schule_copy_frontend
[2026-03-12 18:09:12] [START] Launching: project:schule_copy_frontend @ 5180
[2026-03-12 18:09:13] [OK] PID 9152 started for project:schule_copy_frontend
[2026-03-12 18:09:13] [RECOVERY] Recovering crashed or new project: project:schule_main_frontend
[2026-03-12 18:09:21] [START] Launching: project:schule_main_frontend @ 5185
[2026-03-12 18:09:22] [OK] PID 36472 started for project:schule_main_frontend
[2026-03-12 18:09:32] [RECOVERY] Recovering crashed or new project: project:schule_copy_frontend
[2026-03-12 18:09:41] [START] Launching: project:schule_copy_frontend @ 5180
[2026-03-12 18:09:42] [OK] PID 19948 started for project:schule_copy_frontend
[2026-03-12 18:09:43] [RECOVERY] Recovering crashed or new project: project:schule_copy_backend
[2026-03-12 18:09:52] [START] Launching: project:schule_copy_backend @ 8001
[2026-03-12 18:09:52] [OK] PID 34308 started for project:schule_copy_backend
[2026-03-12 18:09:52] [RECOVERY] Recovering crashed or new project: project:schule_main_frontend
[2026-03-12 18:10:00] [START] Launching: project:schule_main_frontend @ 5185
[2026-03-12 18:10:00] [OK] PID 24436 started for project:schule_main_frontend
[2026-03-12 18:10:11] [RECOVERY] Recovering crashed or new project: project:schule_copy_frontend
[2026-03-12 18:10:14] [START] Launching: project:3005 @ 3005
[2026-03-12 18:10:16] [OK] PID 13076 started for project:3005
[2026-03-12 18:10:17] [START] Launching: project:schule_copy_frontend @ 5180
[2026-03-12 18:10:17] [OK] PID 37788 started for project:schule_copy_frontend
[2026-03-12 18:10:17] [RECOVERY] Recovering crashed or new project: project:schule_copy_backend
[2026-03-12 18:10:24] [START] Launching: project:schule_copy_backend @ 8001
[2026-03-12 18:10:24] [OK] PID 28720 started for project:schule_copy_backend
[2026-03-12 18:10:24] [RECOVERY] Recovering crashed or new project: project:schule_main_frontend
[2026-03-12 18:10:32] [START] Launching: project:schule_main_frontend @ 5185
[2026-03-12 18:10:32] [OK] PID 36264 started for project:schule_main_frontend
[2026-03-12 18:10:44] [RECOVERY] Recovering crashed or new project: project:schule_copy_frontend
[2026-03-12 18:10:50] [START] Launching: project:schule_copy_frontend @ 5180
[2026-03-12 18:10:50] [OK] PID 29948 started for project:schule_copy_frontend
[2026-03-12 18:10:51] [RECOVERY] Recovering crashed or new project: project:schule_main_frontend
[2026-03-12 18:11:01] [START] Launching: project:schule_main_frontend @ 5185
[2026-03-12 18:11:02] [OK] PID 19116 started for project:schule_main_frontend
[2026-03-12 18:11:13] [RECOVERY] Recovering crashed or new project: project:schule_copy_frontend
[2026-03-12 18:11:27] [START] Launching: project:schule_copy_frontend @ 5180
[2026-03-12 18:11:27] [OK] PID 36924 started for project:schule_copy_frontend
[2026-03-12 18:11:27] [RECOVERY] Recovering crashed or new project: project:schule_copy_backend
[2026-03-12 18:11:43] [START] Launching: project:schule_copy_backend @ 8001
[2026-03-12 18:11:43] [OK] PID 35844 started for project:schule_copy_backend
[2026-03-12 18:11:44] [RECOVERY] Recovering crashed or new project: project:schule_main_frontend
[2026-03-12 18:12:06] [START] Launching: project:schule_main_frontend @ 5185
[2026-03-12 18:12:08] [OK] PID 31020 started for project:schule_main_frontend
[2026-03-12 18:12:21] [RECOVERY] Recovering crashed or new project: project:schule_copy_frontend
[2026-03-12 18:12:47] [START] Launching: project:schule_copy_frontend @ 5180
[2026-03-12 18:12:52] [OK] PID 4380 started for project:schule_copy_frontend
[2026-03-12 18:12:55] [RECOVERY] Recovering crashed or new project: project:schule_copy_backend
[2026-03-12 18:13:08] [START] Launching: project:schule_copy_backend @ 8001
[2026-03-12 18:13:09] [OK] PID 31816 started for project:schule_copy_backend
[2026-03-12 18:13:10] [RECOVERY] Recovering crashed or new project: project:schule_main_frontend
[2026-03-12 18:13:32] [START] Launching: project:schule_main_frontend @ 5185
[2026-03-12 18:13:33] [OK] PID 31760 started for project:schule_main_frontend
[2026-03-12 18:13:47] [RECOVERY] Recovering crashed or new project: project:schule_copy_frontend
[2026-03-12 18:14:02] [START] Launching: project:schule_copy_frontend @ 5180
[2026-03-12 18:14:04] [OK] PID 37240 started for project:schule_copy_frontend
[2026-03-12 18:14:05] [RECOVERY] Recovering crashed or new project: project:schule_copy_backend
[2026-03-12 18:14:14] ⚠️ Port 8001 is occupied by PID 13252 (python.exe)
[2026-03-12 18:14:14] [CLEAN] Clearing port 8001 for project launch...
[2026-03-12 18:14:18] [START] Launching: project:schule_copy_backend @ 8001
[2026-03-12 18:14:19] [OK] PID 7800 started for project:schule_copy_backend
[2026-03-12 18:14:21] [RECOVERY] Recovering crashed or new project: project:schule_main_frontend
[2026-03-12 18:14:45] [START] Launching: project:schule_main_frontend @ 5185
[2026-03-12 18:14:46] [OK] PID 16688 started for project:schule_main_frontend
[2026-03-12 18:14:58] [RECOVERY] Recovering crashed or new project: project:schule_copy_frontend
[2026-03-12 18:15:15] [START] Launching: project:schule_copy_frontend @ 5180
[2026-03-12 18:15:15] [OK] PID 25148 started for project:schule_copy_frontend
[2026-03-12 18:15:15] [RECOVERY] Recovering crashed or new project: project:schule_copy_backend
[2026-03-12 18:15:30] ⚠️ Port 8001 is occupied by PID 37744 (python.exe)
[2026-03-12 18:15:30] [CLEAN] Clearing port 8001 for project launch...
[2026-03-12 18:15:31] [START] Launching: project:schule_copy_backend @ 8001
[2026-03-12 18:15:32] [OK] PID 37724 started for project:schule_copy_backend
[2026-03-12 18:15:33] [RECOVERY] Recovering crashed or new project: project:schule_main_frontend
[2026-03-12 18:15:41] [START] Launching: project:schule_main_frontend @ 5185
[2026-03-12 18:15:41] [OK] PID 7368 started for project:schule_main_frontend
[2026-03-12 18:15:52] [RECOVERY] Recovering crashed or new project: project:schule_copy_frontend
[2026-03-12 18:16:03] [START] Launching: project:schule_copy_frontend @ 5180
[2026-03-12 18:16:05] [OK] PID 34112 started for project:schule_copy_frontend
[2026-03-12 18:16:08] [RECOVERY] Recovering crashed or new project: project:schule_copy_backend
[2026-03-12 18:16:29] ⚠️ Port 8001 is occupied by PID 37728 (python.exe)
[2026-03-12 18:16:30] [CLEAN] Clearing port 8001 for project launch...
[2026-03-12 18:16:30] [START] Launching: project:schule_copy_backend @ 8001
[2026-03-12 18:16:30] [OK] PID 21716 started for project:schule_copy_backend
[2026-03-12 18:16:32] [RECOVERY] Recovering crashed or new project: project:schule_main_frontend
[2026-03-12 18:16:48] [START] Launching: project:schule_main_frontend @ 5185
[2026-03-12 18:16:50] [OK] PID 36416 started for project:schule_main_frontend
[2026-03-12 18:17:02] [RECOVERY] Recovering crashed or new project: project:schule_copy_frontend
[2026-03-12 18:17:19] [START] Launching: project:schule_copy_frontend @ 5180
[2026-03-12 18:17:20] [OK] PID 3976 started for project:schule_copy_frontend
[2026-03-12 18:17:21] [RECOVERY] Recovering crashed or new project: project:schule_main_frontend
[2026-03-12 18:17:34] [START] Launching: project:schule_main_frontend @ 5185
[2026-03-12 18:17:35] [OK] PID 33600 started for project:schule_main_frontend
[2026-03-12 18:17:36] [RECOVERY] Recovering crashed or new project: project:schule_main_backend
[2026-03-12 18:17:36] ⚠️ Port 8005 is occupied by PID 0 (System Idle Process)
[2026-03-12 18:17:36] [CLEAN] Clearing port 8005 for project launch...
[2026-03-12 18:17:47] [START] Launching: project:schule_main_backend @ 8005
[2026-03-12 18:17:48] [OK] PID 1828 started for project:schule_main_backend
[2026-03-12 18:18:20] [START] Performing Magic Startup...
[2026-03-12 18:18:20] Current Base Path: D:\tailscale magic
[2026-03-12 18:18:20] Project Config: D:\tailscale magic\projects.json
[2026-03-12 18:18:20] System PATH: C:\Users\b-qu\AppData\Local\Temp\_MEI11402\pywin32_system32;C:\Program Files\NVIDIA GPU Computing Toolkit\CUDA\v13.1\bin\x64;C:\Program Files\NVIDIA GPU Computing Toolkit\CUDA\v13.1\bin;C:\WINDOWS\system32\image2video\.venv\Scripts;C:\Program Files\Eclipse Adoptium\jdk-21.0.10.7-hotspot\bin;C:\Program Files\Eclipse Adoptium\jdk-8.0.472.8-hotspot\bin;C:\Program Files (x86)\Common Files\Oracle\Java\java8path;C:\Program Files (x86)\Common Files\Oracle\Java\javapath;C:\Program Files\NVIDIA GPU Computing Toolkit\CUDA\v13.0\bin\x64;C:\Program Files\NVIDIA GPU Computing Toolkit\CUDA\v13.0\bin;C:\WINDOWS\system32;C:\WINDOWS;C:\WINDOWS\System32\Wbem;C:\WINDOWS\System32\WindowsPowerShell\v1.0\;C:\WINDOWS\System32\OpenSSH\;C:\Program Files\NVIDIA Corporation\NVIDIA App\NvDLISR;C:\Program Files (x86)\NVIDIA Corporation\PhysX\Common;C:\Program Files\dotnet\;C:\Program Files\Git\cmd;C:\Program Files\PowerShell\7\;C:\Program Files\Tailscale\;C:\Users\b-qu\AppData\Local\Programs\Python\Python312\Scripts\;C:\Users\b-qu\AppData\Local\Programs\Python\Python312\;C:\Users\b-qu\scoop\apps\git\current\cmd;C:\Users\b-qu\scoop\shim;C:\WINDOWS\system32;C:\WINDOWS;C:\WINDOWS\System32\Wbem;C:\WINDOWS\System32\WindowsPowerShell\v1.0\;C:\WINDOWS\System32\OpenSSH\;C:\Program Files\nodejs\;C:\Program Files\NVIDIA Corporation\Nsight Compute 2025.4.1\;C:\Program Files\Go\bin;C:\Program Files\Microsoft SQL Server\170\Tools\Binn\;C:\Program Files\Microsoft SQL Server\Client SDK\ODBC\170\Tools\Binn\;C:\Program Files (x86)\IncrediBuild;C:\Program Files (x86)\Windows Kits\10\Windows Performance Toolkit\;C:\Users\b-qu\AppData\Local\Programs\Python\Python312\Scripts\;C:\Users\b-qu\AppData\Local\Programs\Python\Python312\;C:\Users\b-qu\AppData\Local\Programs\Python\Launcher\;C:\Users\b-qu\scoop\apps\git\current\cmd;C:\Users\b-qu\scoop\shims;C:\Users\b-qu\.local\bin;C:\Users\b-qu\AppData\Local\Microsoft\WindowsApps;C:\Users\b-qu\.dotnet\tools;C:\Users\b-qu\AppData\Local\Microsoft\WinGet\Links;C:\cloudflared;;C:\Users\b-qu\AppData\Local\Programs\Ollama;C:\Users\b-qu\AppData\Local\Programs\Microsoft VS Code\bin;C:\Users\b-qu\AppData\Roaming\npm;C:\Users\b-qu\go\bin;D:\Users\b-qu\AppData\Local\Programs\Antigravity\bin
[2026-03-12 18:18:22] ⚠️ Port 3002 is occupied by PID 24416 (node.exe)
[2026-03-12 18:18:22] [CLEAN] Clearing port 3002 for project launch...
[2026-03-12 18:18:23] [START] Launching: project:3002 @ 3002
[2026-03-12 18:18:23] [OK] PID 36212 started for project:3002
[2026-03-12 18:18:26] ⚠️ Port 3003 is occupied by PID 37036 (node.exe)
[2026-03-12 18:18:26] [CLEAN] Clearing port 3003 for project launch...
[2026-03-12 18:18:26] ⚠️ Port 3003 is occupied by PID 37036 (node.exe)
[2026-03-12 18:18:26] [CLEAN] Clearing port 3003 for project launch...
[2026-03-12 18:18:26] [START] Launching: project:3003 @ 3003
[2026-03-12 18:18:26] [OK] PID 11668 started for project:3003
[2026-03-12 18:18:26] ⚠️ Port 3004 is occupied by PID 0 (System Idle Process)
[2026-03-12 18:18:26] [CLEAN] Clearing port 3004 for project launch...
[2026-03-12 18:18:31] ⚠️ Port 3004 is occupied by PID 22076 (node.exe)
[2026-03-12 18:18:31] [CLEAN] Clearing port 3004 for project launch...
[2026-03-12 18:18:31] ⚠️ Port 3004 is occupied by PID 22076 (node.exe)
[2026-03-12 18:18:31] [CLEAN] Clearing port 3004 for project launch...
[2026-03-12 18:18:32] [START] Launching: project:3004 @ 3004
[2026-03-12 18:18:32] [OK] PID 8656 started for project:3004
[2026-03-12 18:18:32] ⚠️ Port 3005 is occupied by PID 0 (System Idle Process)
[2026-03-12 18:18:32] [CLEAN] Clearing port 3005 for project launch...
[2026-03-12 18:18:32] ⚠️ Port 3005 is occupied by PID 2004 (node.exe)
[2026-03-12 18:18:32] [CLEAN] Clearing port 3005 for project launch...
[2026-03-12 18:18:32] ⚠️ Port 3005 is occupied by PID 2004 (node.exe)
[2026-03-12 18:18:32] [CLEAN] Clearing port 3005 for project launch...
[2026-03-12 18:18:38] [START] Launching: project:3005 @ 3005
[2026-03-12 18:18:38] [OK] PID 34148 started for project:3005
[2026-03-12 18:23:34] [START] Performing Magic Startup...
[2026-03-12 18:23:34] Current Base Path: D:\tailscale magic
[2026-03-12 18:23:34] Project Config: D:\tailscale magic\projects.json
[2026-03-12 18:23:34] System PATH: C:\Users\b-qu\AppData\Local\Temp\_MEI203842\pywin32_system32;C:\Program Files\NVIDIA GPU Computing Toolkit\CUDA\v13.1\bin\x64;C:\Program Files\NVIDIA GPU Computing Toolkit\CUDA\v13.1\bin;C:\WINDOWS\system32\image2video\.venv\Scripts;C:\Program Files\Eclipse Adoptium\jdk-21.0.10.7-hotspot\bin;C:\Program Files\Eclipse Adoptium\jdk-8.0.472.8-hotspot\bin;C:\Program Files (x86)\Common Files\Oracle\Java\java8path;C:\Program Files (x86)\Common Files\Oracle\Java\javapath;C:\Program Files\NVIDIA GPU Computing Toolkit\CUDA\v13.0\bin\x64;C:\Program Files\NVIDIA GPU Computing Toolkit\CUDA\v13.0\bin;C:\WINDOWS\system32;C:\WINDOWS;C:\WINDOWS\System32\Wbem;C:\WINDOWS\System32\WindowsPowerShell\v1.0\;C:\WINDOWS\System32\OpenSSH\;C:\Program Files\NVIDIA Corporation\NVIDIA App\NvDLISR;C:\Program Files (x86)\NVIDIA Corporation\PhysX\Common;C:\Program Files\dotnet\;C:\Program Files\Git\cmd;C:\Program Files\PowerShell\7\;C:\Program Files\Tailscale\;C:\Users\b-qu\AppData\Local\Programs\Python\Python312\Scripts\;C:\Users\b-qu\AppData\Local\Programs\Python\Python312\;C:\Users\b-qu\scoop\apps\git\current\cmd;C:\Users\b-qu\scoop\shim;C:\WINDOWS\system32;C:\WINDOWS;C:\WINDOWS\System32\Wbem;C:\WINDOWS\System32\WindowsPowerShell\v1.0\;C:\WINDOWS\System32\OpenSSH\;C:\Program Files\nodejs\;C:\Program Files\NVIDIA Corporation\Nsight Compute 2025.4.1\;C:\Program Files\Go\bin;C:\Program Files\Microsoft SQL Server\170\Tools\Binn\;C:\Program Files\Microsoft SQL Server\Client SDK\ODBC\170\Tools\Binn\;C:\Program Files (x86)\IncrediBuild;C:\Program Files (x86)\Windows Kits\10\Windows Performance Toolkit\;C:\Users\b-qu\AppData\Local\Programs\Python\Python312\Scripts\;C:\Users\b-qu\AppData\Local\Programs\Python\Python312\;C:\Users\b-qu\AppData\Local\Programs\Python\Launcher\;C:\Users\b-qu\scoop\apps\git\current\cmd;C:\Users\b-qu\scoop\shims;C:\Users\b-qu\.local\bin;C:\Users\b-qu\AppData\Local\Microsoft\WindowsApps;C:\Users\b-qu\.dotnet\tools;C:\Users\b-qu\AppData\Local\Microsoft\WinGet\Links;C:\cloudflared;;C:\Users\b-qu\AppData\Local\Programs\Ollama;C:\Users\b-qu\AppData\Local\Programs\Microsoft VS Code\bin;C:\Users\b-qu\AppData\Roaming\npm;C:\Users\b-qu\go\bin;D:\Users\b-qu\AppData\Local\Programs\Antigravity\bin
[2026-03-12 18:23:35] ⚠️ Port 3002 is occupied by PID 2072 (node.exe)
[2026-03-12 18:23:35] [CLEAN] Clearing port 3002 for project launch...
[2026-03-12 18:23:37] [START] Launching: project:3002 @ 3002
[2026-03-12 18:23:38] [OK] PID 8604 started for project:3002
[2026-03-12 18:23:39] ⚠️ Port 3003 is occupied by PID 5412 (node.exe)
[2026-03-12 18:23:39] [CLEAN] Clearing port 3003 for project launch...
[2026-03-12 18:23:39] ⚠️ Port 3003 is occupied by PID 5412 (node.exe)
[2026-03-12 18:23:39] [CLEAN] Clearing port 3003 for project launch...
[2026-03-12 18:23:40] [START] Launching: project:3003 @ 3003
[2026-03-12 18:23:40] [OK] PID 20380 started for project:3003
[2026-03-12 18:23:41] ⚠️ Port 3004 is occupied by PID 4132 (node.exe)
[2026-03-12 18:23:41] [CLEAN] Clearing port 3004 for project launch...
[2026-03-12 18:23:41] ⚠️ Port 3004 is occupied by PID 4132 (node.exe)
[2026-03-12 18:23:41] [CLEAN] Clearing port 3004 for project launch...
[2026-03-12 18:23:42] [START] Launching: project:3004 @ 3004
[2026-03-12 18:23:42] [OK] PID 3644 started for project:3004
[2026-03-12 18:23:44] ⚠️ Port 3005 is occupied by PID 11420 (node.exe)
[2026-03-12 18:23:44] [CLEAN] Clearing port 3005 for project launch...
[2026-03-12 18:23:44] ⚠️ Port 3005 is occupied by PID 11420 (node.exe)
[2026-03-12 18:23:44] [CLEAN] Clearing port 3005 for project launch...
[2026-03-12 18:23:44] [START] Launching: project:3005 @ 3005
[2026-03-12 18:23:44] [OK] PID 16244 started for project:3005
[2026-03-12 18:23:45] [FUNNEL-HEAL] Dashboard Funnel DOWN. Re-establishing on port 8443...
[2026-03-12 18:23:45] [FUNNEL-HEAL] Funnel DOWN for existing:3001 (port 3001). Re-establishing...
[2026-03-12 18:23:45] [FUNNEL-HEAL] FAILED to restore existing:3001: unexpected state: NoState

[2026-03-12 18:24:15] [FUNNEL-HEAL] Dashboard Funnel DOWN. Re-establishing on port 8443...
[2026-03-12 18:24:15] [FUNNEL-HEAL] Funnel DOWN for existing:3001 (port 3001). Re-establishing...
[2026-03-12 18:24:15] [FUNNEL-HEAL] FAILED to restore existing:3001: unexpected state: NoState

[2026-03-12 18:24:45] [FUNNEL-HEAL] Dashboard Funnel DOWN. Re-establishing on port 8443...
[2026-03-12 18:25:14] [START] Performing Magic Startup...
[2026-03-12 18:25:14] Current Base Path: D:\tailscale magic
[2026-03-12 18:25:14] Project Config: D:\tailscale magic\projects.json
[2026-03-12 18:25:14] System PATH: C:\Users\b-qu\AppData\Local\Temp\_MEI27642\pywin32_system32;C:\Program Files\NVIDIA GPU Computing Toolkit\CUDA\v13.1\bin\x64;C:\Program Files\NVIDIA GPU Computing Toolkit\CUDA\v13.1\bin;C:\WINDOWS\system32\image2video\.venv\Scripts;C:\Program Files\Eclipse Adoptium\jdk-21.0.10.7-hotspot\bin;C:\Program Files\Eclipse Adoptium\jdk-8.0.472.8-hotspot\bin;C:\Program Files (x86)\Common Files\Oracle\Java\java8path;C:\Program Files (x86)\Common Files\Oracle\Java\javapath;C:\Program Files\NVIDIA GPU Computing Toolkit\CUDA\v13.0\bin\x64;C:\Program Files\NVIDIA GPU Computing Toolkit\CUDA\v13.0\bin;C:\WINDOWS\system32;C:\WINDOWS;C:\WINDOWS\System32\Wbem;C:\WINDOWS\System32\WindowsPowerShell\v1.0\;C:\WINDOWS\System32\OpenSSH\;C:\Program Files\NVIDIA Corporation\NVIDIA App\NvDLISR;C:\Program Files (x86)\NVIDIA Corporation\PhysX\Common;C:\Program Files\dotnet\;C:\Program Files\Git\cmd;C:\Program Files\PowerShell\7\;C:\Program Files\Tailscale\;C:\Users\b-qu\AppData\Local\Programs\Python\Python312\Scripts\;C:\Users\b-qu\AppData\Local\Programs\Python\Python312\;C:\Users\b-qu\scoop\apps\git\current\cmd;C:\Users\b-qu\scoop\shim;C:\WINDOWS\system32;C:\WINDOWS;C:\WINDOWS\System32\Wbem;C:\WINDOWS\System32\WindowsPowerShell\v1.0\;C:\WINDOWS\System32\OpenSSH\;C:\Program Files\nodejs\;C:\Program Files\NVIDIA Corporation\Nsight Compute 2025.4.1\;C:\Program Files\Go\bin;C:\Program Files\Microsoft SQL Server\170\Tools\Binn\;C:\Program Files\Microsoft SQL Server\Client SDK\ODBC\170\Tools\Binn\;C:\Program Files (x86)\IncrediBuild;C:\Program Files (x86)\Windows Kits\10\Windows Performance Toolkit\;C:\Users\b-qu\AppData\Local\Programs\Python\Python312\Scripts\;C:\Users\b-qu\AppData\Local\Programs\Python\Python312\;C:\Users\b-qu\AppData\Local\Programs\Python\Launcher\;C:\Users\b-qu\scoop\apps\git\current\cmd;C:\Users\b-qu\scoop\shims;C:\Users\b-qu\.local\bin;C:\Users\b-qu\AppData\Local\Microsoft\WindowsApps;C:\Users\b-qu\.dotnet\tools;C:\Users\b-qu\AppData\Local\Microsoft\WinGet\Links;C:\cloudflared;;C:\Users\b-qu\AppData\Local\Programs\Ollama;C:\Users\b-qu\AppData\Local\Programs\Microsoft VS Code\bin;C:\Users\b-qu\AppData\Roaming\npm;C:\Users\b-qu\go\bin;D:\Users\b-qu\AppData\Local\Programs\Antigravity\bin
[2026-03-12 18:25:56] [START] Launching: project:3002 @ 3002
[2026-03-12 18:25:56] [OK] PID 23900 started for project:3002
[2026-03-12 18:26:35] [START] Launching: project:3003 @ 3003
[2026-03-12 18:26:35] [OK] PID 22852 started for project:3003
[2026-03-12 18:26:54] [START] Launching: project:3004 @ 3004
[2026-03-12 18:26:54] [OK] PID 24848 started for project:3004
[2026-03-12 18:27:08] [START] Launching: project:3005 @ 3005
[2026-03-12 18:27:09] [OK] PID 13508 started for project:3005
[2026-03-12 18:28:05] [START] Launching: project:3006 @ 3006
[2026-03-12 18:28:05] [OK] PID 10464 started for project:3006
[2026-03-12 22:27:03] [START] Launching: project:3007 @ 3007
[2026-03-12 22:27:04] [OK] PID 11196 started for project:3007
[2026-03-12 22:28:01] [START] Launching: project:3008 @ 3008
[2026-03-12 22:28:01] [OK] PID 27264 started for project:3008
[2026-03-12 22:29:56] [START] Launching: project:3004 @ 3004
[2026-03-12 22:29:56] [OK] PID 18792 started for project:3004
[2026-03-12 22:41:06] [START] Launching: project:3007 @ 3007
[2026-03-12 22:41:06] [OK] PID 29648 started for project:3007
[2026-03-12 22:41:15] [RECOVERY] Recovering crashed or new project: project:3007
[2026-03-12 22:41:17] [START] Launching: project:3007 @ 3007
[2026-03-12 22:41:17] [OK] PID 9848 started for project:3007
[2026-03-12 22:41:27] [RECOVERY] Recovering crashed or new project: project:3007
[2026-03-12 22:41:31] [START] Launching: project:3007 @ 3007
[2026-03-12 22:41:31] [OK] PID 19200 started for project:3007
[2026-03-12 22:41:41] [RECOVERY] Recovering crashed or new project: project:3007
[2026-03-12 22:41:44] [START] Launching: project:3007 @ 3007
[2026-03-12 22:41:45] [OK] PID 5116 started for project:3007
[2026-03-12 22:41:55] [RECOVERY] Recovering crashed or new project: project:3007
[2026-03-12 22:41:57] [START] Launching: project:3007 @ 3007
[2026-03-12 22:41:57] [OK] PID 18312 started for project:3007
[2026-03-12 22:42:07] [RECOVERY] Recovering crashed or new project: project:3007
[2026-03-12 22:42:11] [START] Launching: project:3007 @ 3007
[2026-03-12 22:42:11] [OK] PID 6096 started for project:3007
[2026-03-12 22:42:21] [RECOVERY] Recovering crashed or new project: project:3007
[2026-03-12 22:42:24] [START] Launching: project:3007 @ 3007
[2026-03-12 22:42:24] [OK] PID 29488 started for project:3007
[2026-03-12 22:42:32] [START] Launching: project:3008 @ 3008
[2026-03-12 22:42:32] [OK] PID 11824 started for project:3008
[2026-03-12 22:42:34] [RECOVERY] Recovering crashed or new project: project:3007
[2026-03-12 22:42:37] [START] Launching: project:3007 @ 3007
[2026-03-12 22:42:37] [OK] PID 25800 started for project:3007
[2026-03-12 22:42:37] [RECOVERY] Recovering crashed or new project: project:3008
[2026-03-12 22:42:42] [START] Launching: project:3008 @ 3008
[2026-03-12 22:42:42] [OK] PID 26108 started for project:3008
[2026-03-12 22:42:52] [RECOVERY] Recovering crashed or new project: project:3008
[2026-03-12 22:42:55] [START] Launching: project:3008 @ 3008
[2026-03-12 22:42:55] [OK] PID 23336 started for project:3008
[2026-03-12 22:43:05] [RECOVERY] Recovering crashed or new project: project:3008
[2026-03-12 22:43:08] [START] Launching: project:3008 @ 3008
[2026-03-12 22:43:08] [OK] PID 12392 started for project:3008
[2026-03-12 22:43:19] [RECOVERY] Recovering crashed or new project: project:3008
[2026-03-12 22:43:21] [START] Launching: project:3008 @ 3008
[2026-03-12 22:43:21] [OK] PID 10056 started for project:3008
[2026-03-12 22:43:31] [RECOVERY] Recovering crashed or new project: project:3008
[2026-03-12 22:43:33] [START] Launching: project:3008 @ 3008
[2026-03-12 22:43:34] [OK] PID 22296 started for project:3008
[2026-03-12 22:43:53] [START] Launching: project:3005 @ 3005
[2026-03-12 22:43:53] [OK] PID 18312 started for project:3005
[2026-03-13 10:31:12] [RECOVERY] Recovering crashed or new project: project:3002
[2026-03-13 10:31:15] [START] Launching: project:3002 @ 3002
[2026-03-13 10:31:15] [OK] PID 35116 started for project:3002
[2026-03-13 10:31:15] [RECOVERY] Recovering crashed or new project: project:3003
[2026-03-16 22:43:33] [START] Performing Magic Startup...
[2026-03-16 22:43:33] Current Base Path: D:\tailscale magic
[2026-03-16 22:43:33] Project Config: D:\tailscale magic\projects.json
[2026-03-16 22:43:33] System PATH: C:\Users\b-qu\AppData\Local\Temp\_MEI375762\pywin32_system32;C:\Program Files\NVIDIA GPU Computing Toolkit\CUDA\v13.1\bin\x64;C:\Program Files\NVIDIA GPU Computing Toolkit\CUDA\v13.1\bin;C:\WINDOWS\system32\image2video\.venv\Scripts;C:\Program Files\Eclipse Adoptium\jdk-21.0.10.7-hotspot\bin;C:\Program Files\Eclipse Adoptium\jdk-8.0.472.8-hotspot\bin;C:\Program Files (x86)\Common Files\Oracle\Java\java8path;C:\Program Files (x86)\Common Files\Oracle\Java\javapath;C:\Program Files\NVIDIA GPU Computing Toolkit\CUDA\v13.0\bin\x64;C:\Program Files\NVIDIA GPU Computing Toolkit\CUDA\v13.0\bin;C:\WINDOWS\system32;C:\WINDOWS;C:\WINDOWS\System32\Wbem;C:\WINDOWS\System32\WindowsPowerShell\v1.0\;C:\WINDOWS\System32\OpenSSH\;C:\Program Files\NVIDIA Corporation\NVIDIA App\NvDLISR;C:\Program Files (x86)\NVIDIA Corporation\PhysX\Common;C:\Program Files\dotnet\;C:\Program Files\Git\cmd;C:\Program Files\PowerShell\7\;C:\Program Files\Tailscale\;C:\Users\b-qu\AppData\Local\Programs\Python\Python312\Scripts\;C:\Users\b-qu\AppData\Local\Programs\Python\Python312\;C:\Users\b-qu\scoop\apps\git\current\cmd;C:\Users\b-qu\scoop\shim;C:\WINDOWS\system32;C:\WINDOWS;C:\WINDOWS\System32\Wbem;C:\WINDOWS\System32\WindowsPowerShell\v1.0\;C:\WINDOWS\System32\OpenSSH\;C:\Program Files\nodejs\;C:\Program Files\NVIDIA Corporation\Nsight Compute 2025.4.1\;C:\Program Files\Go\bin;C:\Program Files\Microsoft SQL Server\170\Tools\Binn\;C:\Program Files\Microsoft SQL Server\Client SDK\ODBC\170\Tools\Binn\;C:\Program Files (x86)\IncrediBuild;C:\Program Files (x86)\Windows Kits\10\Windows Performance Toolkit\;C:\Users\b-qu\AppData\Local\Programs\Python\Python312\Scripts\;C:\Users\b-qu\AppData\Local\Programs\Python\Python312\;C:\Users\b-qu\AppData\Local\Programs\Python\Launcher\;C:\Users\b-qu\scoop\apps\git\current\cmd;C:\Users\b-qu\scoop\shims;C:\Users\b-qu\.local\bin;C:\Users\b-qu\AppData\Local\Microsoft\WindowsApps;C:\Users\b-qu\.dotnet\tools;C:\Users\b-qu\AppData\Local\Microsoft\WinGet\Links;C:\cloudflared;;C:\Users\b-qu\AppData\Local\Programs\Ollama;C:\Users\b-qu\AppData\Local\Programs\Microsoft VS Code\bin;C:\Users\b-qu\AppData\Roaming\npm;C:\Users\b-qu\go\bin;D:\Users\b-qu\AppData\Local\Programs\Antigravity\bin
[2026-03-16 22:43:35] ⚠️ Port 3002 is occupied by PID 18536 (node.exe)
[2026-03-16 22:43:35] [CLEAN] Clearing port 3002 for project launch...
[2026-03-16 22:43:35] ⚠️ Port 3002 is occupied by PID 18536 (node.exe)
[2026-03-16 22:43:35] [CLEAN] Clearing port 3002 for project launch...
[2026-03-16 22:43:36] [START] Launching: project:3002 @ 3002
[2026-03-16 22:43:36] [OK] PID 55760 started for project:3002
[2026-03-16 22:43:40] ⚠️ Port 3003 is occupied by PID 21312 (node.exe)
[2026-03-16 22:43:40] [CLEAN] Clearing port 3003 for project launch...
[2026-03-16 22:43:40] ⚠️ Port 3003 is occupied by PID 21312 (node.exe)
[2026-03-16 22:43:40] [CLEAN] Clearing port 3003 for project launch...
[2026-03-16 22:43:41] [START] Launching: project:3003 @ 3003
[2026-03-16 22:43:41] [OK] PID 57092 started for project:3003
[2026-03-16 22:43:47] ⚠️ Port 3006 is occupied by PID 23872 (node.exe)
[2026-03-16 22:43:47] [CLEAN] Clearing port 3006 for project launch...
[2026-03-16 22:43:47] ⚠️ Port 3006 is occupied by PID 23872 (node.exe)
[2026-03-16 22:43:47] [CLEAN] Clearing port 3006 for project launch...
[2026-03-16 22:43:49] [START] Launching: project:3006 @ 3006
[2026-03-16 22:43:49] [OK] PID 7284 started for project:3006
[2026-03-16 22:43:55] ⚠️ Port 3004 is occupied by PID 24512 (node.exe)
[2026-03-16 22:43:55] [CLEAN] Clearing port 3004 for project launch...
[2026-03-16 22:43:55] ⚠️ Port 3004 is occupied by PID 24512 (node.exe)
[2026-03-16 22:43:55] [CLEAN] Clearing port 3004 for project launch...
[2026-03-16 22:43:56] [START] Launching: project:3004 @ 3004
[2026-03-16 22:43:57] [OK] PID 15176 started for project:3004
[2026-03-16 22:43:59] ⚠️ Port 3005 is occupied by PID 1564 (node.exe)
[2026-03-16 22:43:59] [CLEAN] Clearing port 3005 for project launch...
[2026-03-16 22:43:59] ⚠️ Port 3005 is occupied by PID 1564 (node.exe)
[2026-03-16 22:43:59] [CLEAN] Clearing port 3005 for project launch...
[2026-03-16 22:44:02] [START] Launching: project:3005 @ 3005
[2026-03-16 22:44:03] [OK] PID 52160 started for project:3005
[2026-03-16 22:56:44] [RECOVERY] Recovering crashed or new project: project:3002
[2026-03-16 22:56:56] [START] Launching: project:3002 @ 3002
[2026-03-16 22:56:56] [OK] PID 40000 started for project:3002
[2026-03-16 22:56:57] [RECOVERY] Recovering crashed or new project: project:3003
[2026-03-16 22:57:10] [START] Launching: project:3003 @ 3003
[2026-03-16 22:57:10] [OK] PID 52328 started for project:3003
[2026-03-16 22:57:10] [RECOVERY] Recovering crashed or new project: project:3006
[2026-03-16 22:57:35] [START] Launching: project:3006 @ 3006
[2026-03-16 22:57:37] [OK] PID 56764 started for project:3006
[2026-03-16 22:57:38] [RECOVERY] Recovering crashed or new project: project:3004
[2026-03-16 22:57:53] [START] Launching: project:3004 @ 3004
[2026-03-16 22:57:54] [OK] PID 2268 started for project:3004
[2026-03-16 22:57:55] [RECOVERY] Recovering crashed or new project: project:3005
[2026-03-16 22:58:07] [START] Launching: project:3005 @ 3005
[2026-03-16 22:58:08] [OK] PID 55884 started for project:3005
[2026-03-16 23:08:55] [RECOVERY] Recovering crashed or new project: project:3002
[2026-03-16 23:09:00] [START] Launching: project:3002 @ 3002
[2026-03-16 23:09:00] [OK] PID 35300 started for project:3002
[2026-03-16 23:09:00] [RECOVERY] Recovering crashed or new project: project:3003
[2026-03-16 23:09:10] [START] Launching: project:3003 @ 3003
[2026-03-16 23:09:10] [OK] PID 57560 started for project:3003
[2026-03-16 23:09:11] [RECOVERY] Recovering crashed or new project: project:3006
[2026-03-16 23:09:19] [START] Launching: project:3006 @ 3006
[2026-03-16 23:09:19] [OK] PID 56244 started for project:3006
[2026-03-16 23:09:19] [RECOVERY] Recovering crashed or new project: project:3004
[2026-03-16 23:09:27] [START] Launching: project:3004 @ 3004
[2026-03-16 23:09:28] [OK] PID 57700 started for project:3004
[2026-03-16 23:09:28] [RECOVERY] Recovering crashed or new project: project:3005
[2026-03-16 23:09:39] [START] Launching: project:3005 @ 3005
[2026-03-16 23:09:39] [OK] PID 14448 started for project:3005
[2026-03-16 23:26:05] [RECOVERY] Recovering crashed or new project: project:3002
[2026-03-16 23:26:09] [START] Launching: project:3002 @ 3002
[2026-03-16 23:26:09] [OK] PID 29228 started for project:3002
[2026-03-16 23:26:09] [RECOVERY] Recovering crashed or new project: project:3003
[2026-03-16 23:26:15] [START] Launching: project:3003 @ 3003
[2026-03-16 23:26:15] [OK] PID 29824 started for project:3003
[2026-03-16 23:26:15] [RECOVERY] Recovering crashed or new project: project:3006
[2026-03-16 23:26:50] [START] Launching: project:3006 @ 3006
[2026-03-16 23:26:50] [OK] PID 34872 started for project:3006
[2026-03-16 23:26:50] [RECOVERY] Recovering crashed or new project: project:3004
[2026-03-16 23:27:02] [START] Launching: project:3004 @ 3004
[2026-03-16 23:27:02] [OK] PID 35240 started for project:3004
[2026-03-16 23:27:02] [RECOVERY] Recovering crashed or new project: project:3005
[2026-03-16 23:27:08] [START] Launching: project:3005 @ 3005
[2026-03-16 23:27:08] [OK] PID 17848 started for project:3005
[2026-03-17 08:43:54] [RECOVERY] Recovering crashed or new project: project:3002
[2026-03-17 08:44:00] [START] Launching: project:3002 @ 3002
[2026-03-17 08:44:00] [OK] PID 84932 started for project:3002
[2026-03-17 08:44:00] [RECOVERY] Recovering crashed or new project: project:3003
[2026-03-17 08:44:05] [START] Launching: project:3003 @ 3003
[2026-03-17 08:44:05] [OK] PID 84160 started for project:3003
[2026-03-17 08:44:05] [RECOVERY] Recovering crashed or new project: project:3006
[2026-03-17 08:44:13] [START] Launching: project:3006 @ 3006
[2026-03-17 08:44:13] [OK] PID 83336 started for project:3006
[2026-03-17 08:44:14] [RECOVERY] Recovering crashed or new project: project:3004
[2026-03-17 08:44:20] [START] Launching: project:3004 @ 3004
[2026-03-17 08:44:20] [OK] PID 74924 started for project:3004
[2026-03-17 08:44:20] [RECOVERY] Recovering crashed or new project: project:3005
[2026-03-17 08:44:24] [START] Launching: project:3005 @ 3005
[2026-03-17 08:44:24] [OK] PID 76444 started for project:3005
[2026-03-17 08:59:43] [START] Performing Magic Startup...
[2026-03-17 08:59:43] Current Base Path: D:\tailscale magic
[2026-03-17 08:59:43] Project Config: D:\tailscale magic\projects.json
[2026-03-17 08:59:43] System PATH: C:\Users\b-qu\AppData\Local\Temp\_MEI862442\pywin32_system32;C:\Program Files\NVIDIA GPU Computing Toolkit\CUDA\v13.1\bin\x64;C:\Program Files\NVIDIA GPU Computing Toolkit\CUDA\v13.1\bin;C:\WINDOWS\system32\image2video\.venv\Scripts;C:\Program Files\Eclipse Adoptium\jdk-21.0.10.7-hotspot\bin;C:\Program Files\Eclipse Adoptium\jdk-8.0.472.8-hotspot\bin;C:\Program Files (x86)\Common Files\Oracle\Java\java8path;C:\Program Files (x86)\Common Files\Oracle\Java\javapath;C:\Program Files\NVIDIA GPU Computing Toolkit\CUDA\v13.0\bin\x64;C:\Program Files\NVIDIA GPU Computing Toolkit\CUDA\v13.0\bin;C:\WINDOWS\system32;C:\WINDOWS;C:\WINDOWS\System32\Wbem;C:\WINDOWS\System32\WindowsPowerShell\v1.0\;C:\WINDOWS\System32\OpenSSH\;C:\Program Files\NVIDIA Corporation\NVIDIA App\NvDLISR;C:\Program Files (x86)\NVIDIA Corporation\PhysX\Common;C:\Program Files\dotnet\;C:\Program Files\Git\cmd;C:\Program Files\PowerShell\7\;C:\Program Files\Tailscale\;C:\Users\b-qu\AppData\Local\Programs\Python\Python312\Scripts\;C:\Users\b-qu\AppData\Local\Programs\Python\Python312\;C:\Users\b-qu\scoop\apps\git\current\cmd;C:\Users\b-qu\scoop\shim;C:\WINDOWS\system32;C:\WINDOWS;C:\WINDOWS\System32\Wbem;C:\WINDOWS\System32\WindowsPowerShell\v1.0\;C:\WINDOWS\System32\OpenSSH\;C:\Program Files\nodejs\;C:\Program Files\NVIDIA Corporation\Nsight Compute 2025.4.1\;C:\Program Files\Go\bin;C:\Program Files\Microsoft SQL Server\170\Tools\Binn\;C:\Program Files\Microsoft SQL Server\Client SDK\ODBC\170\Tools\Binn\;C:\Program Files (x86)\IncrediBuild;C:\Program Files (x86)\Windows Kits\10\Windows Performance Toolkit\;C:\Users\b-qu\AppData\Local\Programs\Python\Python312\Scripts\;C:\Users\b-qu\AppData\Local\Programs\Python\Python312\;C:\Users\b-qu\AppData\Local\Programs\Python\Launcher\;C:\Users\b-qu\scoop\apps\git\current\cmd;C:\Users\b-qu\scoop\shims;C:\Users\b-qu\.local\bin;C:\Users\b-qu\AppData\Local\Microsoft\WindowsApps;C:\Users\b-qu\.dotnet\tools;C:\Users\b-qu\AppData\Local\Microsoft\WinGet\Links;C:\cloudflared;;C:\Users\b-qu\AppData\Local\Programs\Ollama;C:\Users\b-qu\AppData\Local\Programs\Microsoft VS Code\bin;C:\Users\b-qu\AppData\Roaming\npm;C:\Users\b-qu\go\bin;D:\Users\b-qu\AppData\Local\Programs\Antigravity\bin
[2026-03-17 08:59:49] [START] Launching: project:3002 @ 3002
[2026-03-17 08:59:49] [OK] PID 86432 started for project:3002
[2026-03-17 08:59:54] [RECOVERY] Recovering crashed or new project: project:3003
[2026-03-17 08:59:58] [START] Launching: project:3003 @ 3003
[2026-03-17 08:59:59] [OK] PID 87864 started for project:3003
[2026-03-17 09:00:11] [START] Launching: project:3003 @ 3003
[2026-03-17 09:00:14] [OK] PID 87696 started for project:3003
[2026-03-17 09:00:17] [RECOVERY] Recovering crashed or new project: project:3006
[2026-03-17 09:00:18] [START] Launching: project:3006 @ 3006
[2026-03-17 09:00:20] [OK] PID 82292 started for project:3006
[2026-03-17 09:00:45] [START] Launching: project:3006 @ 3006
[2026-03-17 09:00:50] [OK] PID 89076 started for project:3006
[2026-03-17 09:00:54] [RECOVERY] Recovering crashed or new project: project:3004
[2026-03-17 09:01:01] [START] Launching: project:3004 @ 3004
[2026-03-17 09:01:12] [OK] PID 81412 started for project:3004
[2026-03-17 09:01:57] [START] Launching: project:3004 @ 3004
[2026-03-17 09:02:04] [OK] PID 81700 started for project:3004
[2026-03-17 09:02:07] [RECOVERY] Recovering crashed or new project: project:3005
[2026-03-17 09:02:10] [START] Launching: project:3005 @ 3005
[2026-03-17 09:02:14] [OK] PID 33612 started for project:3005
[2026-03-17 09:02:50] [START] Launching: project:3005 @ 3005
[2026-03-17 09:02:54] [OK] PID 83336 started for project:3005
[2026-03-17 09:03:13] [RECOVERY] Recovering crashed or new project: project:3006
[2026-03-17 09:03:51] ⚠️ Port 3006 is occupied by PID 87560 (node.exe)
[2026-03-17 09:03:52] [CLEAN] Clearing port 3006 for project launch...
[2026-03-17 09:03:52] ⚠️ Port 3006 is occupied by PID 87560 (node.exe)
[2026-03-17 09:03:55] [CLEAN] Clearing port 3006 for project launch...
[2026-03-17 09:03:57] [START] Launching: project:3006 @ 3006
[2026-03-17 09:04:00] [OK] PID 68696 started for project:3006
[2026-03-17 09:40:09] [RECOVERY] Recovering crashed or new project: project:3002
[2026-03-17 09:40:15] [START] Launching: project:3002 @ 3002
[2026-03-17 09:40:15] [OK] PID 58096 started for project:3002
[2026-03-17 09:40:15] [RECOVERY] Recovering crashed or new project: project:3003
[2026-03-17 09:40:22] [START] Launching: project:3003 @ 3003
[2026-03-17 09:40:22] [OK] PID 89124 started for project:3003
[2026-03-17 09:40:22] [RECOVERY] Recovering crashed or new project: project:3006
[2026-03-17 09:40:30] [START] Launching: project:3006 @ 3006
[2026-03-17 09:40:31] [OK] PID 82008 started for project:3006
[2026-03-17 09:40:31] [RECOVERY] Recovering crashed or new project: project:3004
[2026-03-17 09:40:38] [START] Launching: project:3004 @ 3004
[2026-03-17 09:40:39] [OK] PID 46140 started for project:3004
[2026-03-17 09:40:39] [RECOVERY] Recovering crashed or new project: project:3005
[2026-03-17 09:40:48] [START] Launching: project:3005 @ 3005
[2026-03-17 09:40:48] [OK] PID 57288 started for project:3005
[2026-03-17 09:40:58] [RECOVERY] Recovering crashed or new project: project:3002
[2026-03-17 09:41:03] [START] Launching: project:3002 @ 3002
[2026-03-17 09:41:04] [OK] PID 2748 started for project:3002
[2026-03-17 09:41:05] [RECOVERY] Recovering crashed or new project: project:3003
[2026-03-17 09:41:11] [START] Launching: project:3003 @ 3003
[2026-03-17 09:41:11] [OK] PID 67260 started for project:3003
[2026-03-17 09:41:11] [RECOVERY] Recovering crashed or new project: project:3006
[2026-03-17 09:41:18] [START] Launching: project:3006 @ 3006
[2026-03-17 09:41:18] [OK] PID 84528 started for project:3006
[2026-03-17 09:41:19] [RECOVERY] Recovering crashed or new project: project:3004
[2026-03-17 09:41:25] [START] Launching: project:3004 @ 3004
[2026-03-17 09:41:25] [OK] PID 60372 started for project:3004
[2026-03-17 09:41:25] [RECOVERY] Recovering crashed or new project: project:3005
[2026-03-17 09:41:30] [START] Launching: project:3005 @ 3005
[2026-03-17 09:41:30] [OK] PID 59736 started for project:3005
[2026-03-17 09:44:03] [RECOVERY] Recovering crashed or new project: project:3002
[2026-03-17 09:44:12] [START] Launching: project:3002 @ 3002
[2026-03-17 09:44:13] [OK] PID 71684 started for project:3002
[2026-03-17 09:44:13] [RECOVERY] Recovering crashed or new project: project:3003
[2026-03-17 09:44:24] [START] Launching: project:3003 @ 3003
[2026-03-17 09:44:25] [OK] PID 56256 started for project:3003
[2026-03-17 09:44:25] [RECOVERY] Recovering crashed or new project: project:3006
[2026-03-17 09:44:35] [START] Launching: project:3006 @ 3006
[2026-03-17 09:44:35] [OK] PID 78364 started for project:3006
[2026-03-17 09:44:36] [RECOVERY] Recovering crashed or new project: project:3004
[2026-03-17 09:44:48] [START] Launching: project:3004 @ 3004
[2026-03-17 09:44:49] [OK] PID 82396 started for project:3004
[2026-03-17 09:44:49] [RECOVERY] Recovering crashed or new project: project:3005
[2026-03-17 09:44:58] [START] Launching: project:3005 @ 3005
[2026-03-17 09:44:59] [OK] PID 79460 started for project:3005
[2026-03-17 09:55:25] [RECOVERY] Recovering crashed or new project: project:3002
[2026-03-17 09:55:32] [START] Launching: project:3002 @ 3002
[2026-03-17 09:55:32] [OK] PID 56764 started for project:3002
[2026-03-17 09:55:32] [RECOVERY] Recovering crashed or new project: project:3003
[2026-03-17 09:55:40] [START] Launching: project:3003 @ 3003
[2026-03-17 09:55:41] [OK] PID 80608 started for project:3003
[2026-03-17 09:55:41] [RECOVERY] Recovering crashed or new project: project:3006
[2026-03-17 09:55:50] [START] Launching: project:3006 @ 3006
[2026-03-17 09:55:50] [OK] PID 88416 started for project:3006
[2026-03-17 09:55:50] [RECOVERY] Recovering crashed or new project: project:3004
[2026-03-17 09:55:58] [START] Launching: project:3004 @ 3004
[2026-03-17 09:55:58] [OK] PID 62776 started for project:3004
[2026-03-17 09:55:59] [RECOVERY] Recovering crashed or new project: project:3005
[2026-03-17 09:56:07] [START] Launching: project:3005 @ 3005
[2026-03-17 09:56:07] [OK] PID 60108 started for project:3005
[2026-03-17 09:59:59] [RECOVERY] Recovering crashed or new project: project:3002
[2026-03-17 10:00:06] [START] Launching: project:3002 @ 3002
[2026-03-17 10:00:06] [OK] PID 71092 started for project:3002
[2026-03-17 10:00:06] [RECOVERY] Recovering crashed or new project: project:3003
[2026-03-17 10:00:16] [START] Launching: project:3003 @ 3003
[2026-03-17 10:00:16] [OK] PID 87524 started for project:3003
[2026-03-17 10:00:17] [RECOVERY] Recovering crashed or new project: project:3006
[2026-03-17 10:00:27] [START] Launching: project:3006 @ 3006
[2026-03-17 10:00:27] [OK] PID 70884 started for project:3006
[2026-03-17 10:00:27] [RECOVERY] Recovering crashed or new project: project:3004
[2026-03-17 10:00:36] [START] Launching: project:3004 @ 3004
[2026-03-17 10:00:37] [OK] PID 11816 started for project:3004
[2026-03-17 10:00:37] [RECOVERY] Recovering crashed or new project: project:3005
[2026-03-17 10:00:46] [START] Launching: project:3005 @ 3005
[2026-03-17 10:00:46] [OK] PID 82228 started for project:3005
[2026-03-17 10:20:14] [RECOVERY] Recovering crashed or new project: project:3002
[2026-03-17 10:20:26] [START] Launching: project:3002 @ 3002
[2026-03-17 10:20:26] [OK] PID 29716 started for project:3002
[2026-03-17 10:20:26] [RECOVERY] Recovering crashed or new project: project:3003
[2026-03-17 10:20:38] [START] Launching: project:3003 @ 3003
[2026-03-17 10:20:39] [OK] PID 50152 started for project:3003
[2026-03-17 10:20:39] [RECOVERY] Recovering crashed or new project: project:3006
[2026-03-17 10:20:53] [START] Launching: project:3006 @ 3006
[2026-03-17 10:20:53] [OK] PID 36580 started for project:3006
[2026-03-17 10:20:53] [RECOVERY] Recovering crashed or new project: project:3004
[2026-03-17 10:21:07] [START] Launching: project:3004 @ 3004
[2026-03-17 10:21:09] [OK] PID 84368 started for project:3004
[2026-03-17 10:21:10] [RECOVERY] Recovering crashed or new project: project:3005
[2026-03-17 10:21:24] [START] Launching: project:3005 @ 3005
[2026-03-17 10:21:25] [OK] PID 53360 started for project:3005
[2026-03-17 10:56:08] [RECOVERY] Recovering crashed or new project: project:3002
[2026-03-17 10:56:17] [START] Launching: project:3002 @ 3002
[2026-03-17 10:56:17] [OK] PID 82656 started for project:3002
[2026-03-17 10:56:17] [RECOVERY] Recovering crashed or new project: project:3003
[2026-03-17 10:56:28] [START] Launching: project:3003 @ 3003
[2026-03-17 10:56:29] [OK] PID 62916 started for project:3003
[2026-03-17 10:56:29] [RECOVERY] Recovering crashed or new project: project:3006
[2026-03-17 10:56:40] [START] Launching: project:3006 @ 3006
[2026-03-17 10:56:40] [OK] PID 82860 started for project:3006
[2026-03-17 10:56:40] [RECOVERY] Recovering crashed or new project: project:3004
[2026-03-17 10:56:50] [START] Launching: project:3004 @ 3004
[2026-03-17 10:56:50] [OK] PID 87324 started for project:3004
[2026-03-17 10:56:51] [RECOVERY] Recovering crashed or new project: project:3005
[2026-03-17 10:57:00] [START] Launching: project:3005 @ 3005
[2026-03-17 10:57:01] [OK] PID 66388 started for project:3005
[2026-03-17 10:57:22] [RECOVERY] Recovering crashed or new project: project:3002
[2026-03-17 10:57:29] [START] Launching: project:3002 @ 3002
[2026-03-17 10:57:30] [OK] PID 55336 started for project:3002
[2026-03-17 10:57:31] [RECOVERY] Recovering crashed or new project: project:3003
[2026-03-17 10:57:40] [START] Launching: project:3003 @ 3003
[2026-03-17 10:57:40] [OK] PID 82432 started for project:3003
[2026-03-17 10:57:40] [RECOVERY] Recovering crashed or new project: project:3006
[2026-03-17 10:57:51] [START] Launching: project:3006 @ 3006
[2026-03-17 10:57:51] [OK] PID 65096 started for project:3006
[2026-03-17 10:57:52] [RECOVERY] Recovering crashed or new project: project:3004
[2026-03-17 10:58:02] [START] Launching: project:3004 @ 3004
[2026-03-17 10:58:02] [OK] PID 65764 started for project:3004
[2026-03-17 10:58:02] [RECOVERY] Recovering crashed or new project: project:3005
[2026-03-17 10:58:12] [START] Launching: project:3005 @ 3005
[2026-03-17 10:58:13] [OK] PID 75404 started for project:3005
[2026-03-17 10:58:44] [RECOVERY] Recovering crashed or new project: project:3002
[2026-03-17 10:58:52] [START] Launching: project:3002 @ 3002
[2026-03-17 10:58:52] [OK] PID 55624 started for project:3002
[2026-03-17 10:58:52] [RECOVERY] Recovering crashed or new project: project:3003
[2026-03-17 10:59:02] [START] Launching: project:3003 @ 3003
[2026-03-17 10:59:02] [OK] PID 15176 started for project:3003
[2026-03-17 10:59:03] [RECOVERY] Recovering crashed or new project: project:3006
[2026-03-17 10:59:15] [START] Launching: project:3006 @ 3006
[2026-03-17 10:59:17] [OK] PID 62832 started for project:3006
[2026-03-17 10:59:17] [RECOVERY] Recovering crashed or new project: project:3004
[2026-03-17 10:59:28] [START] Launching: project:3004 @ 3004
[2026-03-17 10:59:28] [OK] PID 81684 started for project:3004
[2026-03-17 10:59:29] [RECOVERY] Recovering crashed or new project: project:3005
[2026-03-17 10:59:36] [START] Launching: project:3005 @ 3005
[2026-03-17 10:59:36] [OK] PID 82716 started for project:3005
[2026-03-17 10:59:47] [RECOVERY] Recovering crashed or new project: project:3002
[2026-03-17 10:59:53] [START] Launching: project:3002 @ 3002
[2026-03-17 10:59:53] [OK] PID 59812 started for project:3002
[2026-03-17 10:59:53] [RECOVERY] Recovering crashed or new project: project:3003
[2026-03-17 10:59:58] [START] Launching: project:3003 @ 3003
[2026-03-17 10:59:59] [OK] PID 61392 started for project:3003
[2026-03-17 10:59:59] [RECOVERY] Recovering crashed or new project: project:3006
[2026-03-17 11:00:06] [START] Launching: project:3006 @ 3006
[2026-03-17 11:00:06] [OK] PID 68908 started for project:3006
[2026-03-17 11:00:06] [RECOVERY] Recovering crashed or new project: project:3004
[2026-03-17 11:00:13] [START] Launching: project:3004 @ 3004
[2026-03-17 11:00:14] [OK] PID 40144 started for project:3004
[2026-03-17 11:00:14] [RECOVERY] Recovering crashed or new project: project:3005
[2026-03-17 11:00:22] [START] Launching: project:3005 @ 3005
[2026-03-17 11:00:22] [OK] PID 25236 started for project:3005
[2026-03-17 11:09:10] [RECOVERY] Recovering crashed or new project: project:3002
[2026-03-17 11:09:18] [START] Launching: project:3002 @ 3002
[2026-03-17 11:09:18] [OK] PID 61200 started for project:3002
[2026-03-17 11:09:19] [RECOVERY] Recovering crashed or new project: project:3003
[2026-03-17 11:09:28] [START] Launching: project:3003 @ 3003
[2026-03-17 11:09:28] [OK] PID 83172 started for project:3003
[2026-03-17 11:09:28] [RECOVERY] Recovering crashed or new project: project:3006
[2026-03-17 11:09:42] [START] Launching: project:3006 @ 3006
[2026-03-17 11:09:42] [OK] PID 70208 started for project:3006
[2026-03-17 11:09:43] [RECOVERY] Recovering crashed or new project: project:3004
[2026-03-17 11:09:57] [START] Launching: project:3004 @ 3004
[2026-03-17 11:09:57] [OK] PID 52624 started for project:3004
[2026-03-17 11:09:57] [RECOVERY] Recovering crashed or new project: project:3005
[2026-03-17 11:10:15] [START] Launching: project:3005 @ 3005
[2026-03-17 11:10:16] [OK] PID 35812 started for project:3005
[2026-03-17 11:50:14] [RECOVERY] Recovering crashed or new project: project:3002
[2026-03-17 11:50:25] [START] Launching: project:3002 @ 3002
[2026-03-17 11:50:25] [OK] PID 6824 started for project:3002
[2026-03-17 11:50:25] [RECOVERY] Recovering crashed or new project: project:3003
[2026-03-17 11:50:47] [START] Launching: project:3003 @ 3003
[2026-03-17 11:50:48] [OK] PID 43152 started for project:3003
[2026-03-17 11:50:50] [RECOVERY] Recovering crashed or new project: project:3006
[2026-03-17 11:51:24] [START] Launching: project:3006 @ 3006
[2026-03-17 11:51:27] [OK] PID 60376 started for project:3006
[2026-03-17 11:51:32] [RECOVERY] Recovering crashed or new project: project:3004
[2026-03-17 11:52:21] [START] Launching: project:3004 @ 3004
[2026-03-17 11:52:25] [OK] PID 67096 started for project:3004
[2026-03-17 11:52:28] [RECOVERY] Recovering crashed or new project: project:3005
[2026-03-17 11:53:15] [START] Launching: project:3005 @ 3005
[2026-03-17 11:53:18] [OK] PID 84472 started for project:3005
[2026-03-17 11:56:45] [RECOVERY] Recovering crashed or new project: project:3002
[2026-03-17 11:57:03] [START] Launching: project:3002 @ 3002
[2026-03-17 11:57:04] [OK] PID 69720 started for project:3002
[2026-03-17 11:57:06] [RECOVERY] Recovering crashed or new project: project:3003
[2026-03-17 11:57:26] [START] Launching: project:3003 @ 3003
[2026-03-17 11:57:27] [OK] PID 65004 started for project:3003
[2026-03-17 11:57:27] [RECOVERY] Recovering crashed or new project: project:3006
[2026-03-17 11:57:37] [START] Launching: project:3006 @ 3006
[2026-03-17 11:57:37] [OK] PID 71992 started for project:3006
[2026-03-17 11:57:38] [RECOVERY] Recovering crashed or new project: project:3004
[2026-03-17 11:57:45] [START] Launching: project:3004 @ 3004
[2026-03-17 11:57:45] [OK] PID 65548 started for project:3004
[2026-03-17 11:57:45] [RECOVERY] Recovering crashed or new project: project:3005
[2026-03-17 11:57:51] [START] Launching: project:3005 @ 3005
[2026-03-17 11:57:52] [OK] PID 86352 started for project:3005
[2026-03-17 12:09:20] [RECOVERY] Recovering crashed or new project: project:3002
[2026-03-17 12:09:28] [START] Launching: project:3002 @ 3002
[2026-03-17 12:09:28] [OK] PID 20872 started for project:3002
[2026-03-17 12:09:28] [RECOVERY] Recovering crashed or new project: project:3003
[2026-03-17 12:09:41] [START] Launching: project:3003 @ 3003
[2026-03-17 12:09:42] [OK] PID 35188 started for project:3003
[2026-03-17 12:09:43] [RECOVERY] Recovering crashed or new project: project:3006
[2026-03-17 12:09:51] [START] Launching: project:3006 @ 3006
[2026-03-17 12:09:51] [OK] PID 3104 started for project:3006
[2026-03-17 12:09:52] [RECOVERY] Recovering crashed or new project: project:3004
[2026-03-17 12:09:59] [START] Launching: project:3004 @ 3004
[2026-03-17 12:09:59] [OK] PID 59548 started for project:3004
[2026-03-17 12:09:59] [RECOVERY] Recovering crashed or new project: project:3005
[2026-03-17 12:10:07] [START] Launching: project:3005 @ 3005
[2026-03-17 12:10:07] [OK] PID 78528 started for project:3005
[2026-03-17 12:42:41] [RECOVERY] Recovering crashed or new project: project:3002
[2026-03-17 12:43:16] [START] Launching: project:3002 @ 3002
[2026-03-17 12:43:20] [OK] PID 63660 started for project:3002
[2026-03-17 12:43:23] [RECOVERY] Recovering crashed or new project: project:3003
[2026-03-17 12:44:18] [START] Launching: project:3003 @ 3003
[2026-03-17 12:44:22] [OK] PID 53360 started for project:3003
[2026-03-17 12:44:28] [RECOVERY] Recovering crashed or new project: project:3006
[2026-03-17 12:45:03] [START] Launching: project:3006 @ 3006
[2026-03-17 12:45:09] [OK] PID 63560 started for project:3006
[2026-03-17 12:45:13] [RECOVERY] Recovering crashed or new project: project:3004
[2026-03-17 12:45:57] [START] Launching: project:3004 @ 3004
[2026-03-17 12:46:02] [OK] PID 59896 started for project:3004
[2026-03-17 12:46:04] [RECOVERY] Recovering crashed or new project: project:3005
[2026-03-17 12:46:47] [START] Launching: project:3005 @ 3005
[2026-03-17 12:46:48] [OK] PID 75676 started for project:3005
[2026-03-17 12:47:40] [RECOVERY] Recovering crashed or new project: project:3002
[2026-03-17 13:15:57] [START] Performing Magic Startup...
[2026-03-17 13:15:57] Current Base Path: D:\tailscale magic
[2026-03-17 13:15:57] Project Config: D:\tailscale magic\projects.json
[2026-03-17 13:15:57] System PATH: C:\Users\b-qu\AppData\Local\Temp\_MEI213762\pywin32_system32;C:\Program Files\NVIDIA GPU Computing Toolkit\CUDA\v13.1\bin\x64;C:\Program Files\NVIDIA GPU Computing Toolkit\CUDA\v13.1\bin;C:\WINDOWS\system32\image2video\.venv\Scripts;C:\Program Files\Eclipse Adoptium\jdk-21.0.10.7-hotspot\bin;C:\Program Files\Eclipse Adoptium\jdk-8.0.472.8-hotspot\bin;C:\Program Files (x86)\Common Files\Oracle\Java\java8path;C:\Program Files (x86)\Common Files\Oracle\Java\javapath;C:\Program Files\NVIDIA GPU Computing Toolkit\CUDA\v13.0\bin\x64;C:\Program Files\NVIDIA GPU Computing Toolkit\CUDA\v13.0\bin;C:\WINDOWS\system32;C:\WINDOWS;C:\WINDOWS\System32\Wbem;C:\WINDOWS\System32\WindowsPowerShell\v1.0\;C:\WINDOWS\System32\OpenSSH\;C:\Program Files\NVIDIA Corporation\NVIDIA App\NvDLISR;C:\Program Files (x86)\NVIDIA Corporation\PhysX\Common;C:\Program Files\dotnet\;C:\Program Files\Git\cmd;C:\Program Files\PowerShell\7\;C:\Program Files\Tailscale\;C:\Users\b-qu\AppData\Local\Programs\Python\Python312\Scripts\;C:\Users\b-qu\AppData\Local\Programs\Python\Python312\;C:\Users\b-qu\scoop\apps\git\current\cmd;C:\Users\b-qu\scoop\shim;C:\WINDOWS\system32;C:\WINDOWS;C:\WINDOWS\System32\Wbem;C:\WINDOWS\System32\WindowsPowerShell\v1.0\;C:\WINDOWS\System32\OpenSSH\;C:\Program Files\nodejs\;C:\Program Files\NVIDIA Corporation\Nsight Compute 2025.4.1\;C:\Program Files\Go\bin;C:\Program Files\Microsoft SQL Server\170\Tools\Binn\;C:\Program Files\Microsoft SQL Server\Client SDK\ODBC\170\Tools\Binn\;C:\Program Files (x86)\IncrediBuild;C:\Program Files (x86)\Windows Kits\10\Windows Performance Toolkit\;C:\Users\b-qu\AppData\Local\Programs\Python\Python312\Scripts\;C:\Users\b-qu\AppData\Local\Programs\Python\Python312\;C:\Users\b-qu\AppData\Local\Programs\Python\Launcher\;C:\Users\b-qu\scoop\apps\git\current\cmd;C:\Users\b-qu\scoop\shims;C:\Users\b-qu\.local\bin;C:\Users\b-qu\AppData\Local\Microsoft\WindowsApps;C:\Users\b-qu\.dotnet\tools;C:\Users\b-qu\AppData\Local\Microsoft\WinGet\Links;C:\cloudflared;;C:\Users\b-qu\AppData\Local\Programs\Ollama;C:\Users\b-qu\AppData\Local\Programs\Microsoft VS Code\bin;C:\Users\b-qu\AppData\Roaming\npm;C:\Users\b-qu\go\bin;D:\Users\b-qu\AppData\Local\Programs\Antigravity\bin
[2026-03-17 13:16:00] [START] Launching: project:3002 @ 3002
[2026-03-17 13:16:01] [OK] PID 19960 started for project:3002
[2026-03-17 13:16:04] [START] Launching: project:3003 @ 3003
[2026-03-17 13:16:04] [OK] PID 23864 started for project:3003
[2026-03-17 13:16:06] [START] Launching: project:3006 @ 3006
[2026-03-17 13:16:06] [OK] PID 22508 started for project:3006
[2026-03-17 13:16:07] [RECOVERY] Recovering crashed or new project: project:3004
[2026-03-17 13:16:11] [START] Launching: project:3004 @ 3004
[2026-03-17 13:16:11] [OK] PID 18816 started for project:3004
[2026-03-17 13:16:13] [START] Launching: project:3004 @ 3004
[2026-03-17 13:16:13] [OK] PID 9052 started for project:3004
[2026-03-17 13:16:13] [RECOVERY] Recovering crashed or new project: project:3005
[2026-03-17 13:16:18] [START] Launching: project:3005 @ 3005
[2026-03-17 13:16:18] [OK] PID 2816 started for project:3005
[2026-03-17 13:16:21] [START] Launching: project:3005 @ 3005
[2026-03-17 13:16:21] [OK] PID 4888 started for project:3005
[2026-03-17 14:15:51] [RECOVERY] Recovering crashed or new project: project:3002
[2026-03-17 14:15:55] [START] Launching: project:3002 @ 3002
[2026-03-17 14:15:55] [OK] PID 24204 started for project:3002
[2026-03-17 14:15:55] [RECOVERY] Recovering crashed or new project: project:3003
[2026-03-17 14:16:00] [START] Launching: project:3003 @ 3003
[2026-03-17 14:16:00] [OK] PID 13244 started for project:3003
[2026-03-17 14:16:00] [RECOVERY] Recovering crashed or new project: project:3006
[2026-03-17 14:16:03] [START] Launching: project:3006 @ 3006
[2026-03-17 14:16:04] [OK] PID 12248 started for project:3006
[2026-03-17 14:16:04] [RECOVERY] Recovering crashed or new project: project:3004
[2026-03-17 14:16:07] [START] Launching: project:3004 @ 3004
[2026-03-17 14:16:07] [OK] PID 16536 started for project:3004
[2026-03-17 14:16:08] [RECOVERY] Recovering crashed or new project: project:3005
[2026-03-17 14:16:12] [START] Launching: project:3005 @ 3005
[2026-03-17 14:16:12] [OK] PID 5900 started for project:3005
[2026-03-17 14:39:18] [RECOVERY] Recovering crashed or new project: project:3002
[2026-03-17 14:39:21] [START] Launching: project:3002 @ 3002
[2026-03-17 14:39:21] [OK] PID 24548 started for project:3002
[2026-03-17 14:39:21] [RECOVERY] Recovering crashed or new project: project:3003
[2026-03-17 14:39:25] [START] Launching: project:3003 @ 3003
[2026-03-17 14:39:25] [OK] PID 10996 started for project:3003
[2026-03-17 14:39:25] [RECOVERY] Recovering crashed or new project: project:3006
[2026-03-17 14:39:28] [START] Launching: project:3006 @ 3006
[2026-03-17 14:39:28] [OK] PID 23980 started for project:3006
[2026-03-17 14:39:29] [RECOVERY] Recovering crashed or new project: project:3004
[2026-03-17 14:39:31] [START] Launching: project:3004 @ 3004
[2026-03-17 14:39:31] [OK] PID 25632 started for project:3004
[2026-03-17 14:39:31] [RECOVERY] Recovering crashed or new project: project:3005
[2026-03-17 14:39:35] [START] Launching: project:3005 @ 3005
[2026-03-17 14:39:35] [OK] PID 29428 started for project:3005
[2026-03-17 14:39:55] [RECOVERY] Recovering crashed or new project: project:3002
[2026-03-17 14:39:59] [START] Launching: project:3002 @ 3002
[2026-03-17 14:39:59] [OK] PID 24792 started for project:3002
[2026-03-17 14:39:59] [RECOVERY] Recovering crashed or new project: project:3003
[2026-03-17 14:40:01] [START] Launching: project:3003 @ 3003
[2026-03-17 14:40:01] [OK] PID 27820 started for project:3003
[2026-03-17 14:40:01] [RECOVERY] Recovering crashed or new project: project:3006
[2026-03-17 14:40:04] [START] Launching: project:3006 @ 3006
[2026-03-17 14:40:04] [OK] PID 26752 started for project:3006
[2026-03-17 14:40:04] [RECOVERY] Recovering crashed or new project: project:3004
[2026-03-17 14:40:08] [START] Launching: project:3004 @ 3004
[2026-03-17 14:40:09] [OK] PID 25848 started for project:3004
[2026-03-17 14:40:09] [RECOVERY] Recovering crashed or new project: project:3005
[2026-03-17 14:40:11] [START] Launching: project:3005 @ 3005
[2026-03-17 14:40:11] [OK] PID 5536 started for project:3005
[2026-03-17 19:47:44] [START] Performing Magic Startup...
[2026-03-17 19:47:44] Current Base Path: D:\tailscale magic
[2026-03-17 19:47:44] Project Config: D:\tailscale magic\projects.json
[2026-03-17 19:47:44] System PATH: C:\Users\b-qu\AppData\Local\Temp\_MEI91522\pywin32_system32;C:\Program Files\NVIDIA GPU Computing Toolkit\CUDA\v13.1\bin\x64;C:\Program Files\NVIDIA GPU Computing Toolkit\CUDA\v13.1\bin;C:\WINDOWS\system32\image2video\.venv\Scripts;C:\Program Files\Eclipse Adoptium\jdk-21.0.10.7-hotspot\bin;C:\Program Files\Eclipse Adoptium\jdk-8.0.472.8-hotspot\bin;C:\Program Files (x86)\Common Files\Oracle\Java\java8path;C:\Program Files (x86)\Common Files\Oracle\Java\javapath;C:\Program Files\NVIDIA GPU Computing Toolkit\CUDA\v13.0\bin\x64;C:\Program Files\NVIDIA GPU Computing Toolkit\CUDA\v13.0\bin;C:\WINDOWS\system32;C:\WINDOWS;C:\WINDOWS\System32\Wbem;C:\WINDOWS\System32\WindowsPowerShell\v1.0\;C:\WINDOWS\System32\OpenSSH\;C:\Program Files\NVIDIA Corporation\NVIDIA App\NvDLISR;C:\Program Files (x86)\NVIDIA Corporation\PhysX\Common;C:\Program Files\dotnet\;C:\Program Files\Git\cmd;C:\Program Files\PowerShell\7\;C:\Program Files\Tailscale\;C:\Users\b-qu\AppData\Local\Programs\Python\Python312\Scripts\;C:\Users\b-qu\AppData\Local\Programs\Python\Python312\;C:\Users\b-qu\scoop\apps\git\current\cmd;C:\Users\b-qu\scoop\shim;C:\WINDOWS\system32;C:\WINDOWS;C:\WINDOWS\System32\Wbem;C:\WINDOWS\System32\WindowsPowerShell\v1.0\;C:\WINDOWS\System32\OpenSSH\;C:\Program Files\nodejs\;C:\Program Files\NVIDIA Corporation\Nsight Compute 2025.4.1\;C:\Program Files\Go\bin;C:\Program Files\Microsoft SQL Server\170\Tools\Binn\;C:\Program Files\Microsoft SQL Server\Client SDK\ODBC\170\Tools\Binn\;C:\Program Files (x86)\IncrediBuild;C:\Program Files (x86)\Windows Kits\10\Windows Performance Toolkit\;C:\Users\b-qu\AppData\Local\Programs\Python\Python312\Scripts\;C:\Users\b-qu\AppData\Local\Programs\Python\Python312\;C:\Users\b-qu\AppData\Local\Programs\Python\Launcher\;C:\Users\b-qu\scoop\apps\git\current\cmd;C:\Users\b-qu\scoop\shims;C:\Users\b-qu\.local\bin;C:\Users\b-qu\AppData\Local\Microsoft\WindowsApps;C:\Users\b-qu\.dotnet\tools;C:\Users\b-qu\AppData\Local\Microsoft\WinGet\Links;C:\cloudflared;;C:\Users\b-qu\AppData\Local\Programs\Ollama;C:\Users\b-qu\AppData\Local\Programs\Microsoft VS Code\bin;C:\Users\b-qu\AppData\Roaming\npm;C:\Users\b-qu\go\bin;D:\Users\b-qu\AppData\Local\Programs\Antigravity\bin
[2026-03-17 19:47:46] [START] Launching: project:3002 @ 3002
[2026-03-17 19:47:47] [OK] PID 20948 started for project:3002
[2026-03-17 19:47:48] [START] Launching: project:3003 @ 3003
[2026-03-17 19:47:48] [OK] PID 36500 started for project:3003
[2026-03-17 19:47:50] [START] Launching: project:3006 @ 3006
[2026-03-17 19:47:50] [OK] PID 17564 started for project:3006
[2026-03-17 19:47:53] [START] Launching: project:3004 @ 3004
[2026-03-17 19:47:54] [OK] PID 35444 started for project:3004
[2026-03-17 19:47:54] [RECOVERY] Recovering crashed or new project: project:3005
[2026-03-17 19:47:58] [START] Launching: project:3005 @ 3005
[2026-03-17 19:47:58] [OK] PID 27148 started for project:3005
[2026-03-17 19:47:59] [START] Launching: project:3005 @ 3005
[2026-03-17 19:47:59] [OK] PID 31836 started for project:3005
[2026-03-24 10:31:12] [START] Performing Magic Startup...
[2026-03-24 10:31:12] Current Base Path: D:\tailscale magic
[2026-03-24 10:31:12] Project Config: D:\tailscale magic\projects.json
[2026-03-24 10:31:12] System PATH: C:\Users\b-qu\AppData\Local\Temp\_MEI54002\pywin32_system32;C:\Program Files\NVIDIA GPU Computing Toolkit\CUDA\v13.1\bin\x64;C:\Program Files\NVIDIA GPU Computing Toolkit\CUDA\v13.1\bin;C:\WINDOWS\system32\image2video\.venv\Scripts;C:\Program Files\Eclipse Adoptium\jdk-21.0.10.7-hotspot\bin;C:\Program Files\Eclipse Adoptium\jdk-8.0.472.8-hotspot\bin;C:\Program Files (x86)\Common Files\Oracle\Java\java8path;C:\Program Files (x86)\Common Files\Oracle\Java\javapath;C:\Program Files\NVIDIA GPU Computing Toolkit\CUDA\v13.0\bin\x64;C:\Program Files\NVIDIA GPU Computing Toolkit\CUDA\v13.0\bin;C:\WINDOWS\system32;C:\WINDOWS;C:\WINDOWS\System32\Wbem;C:\WINDOWS\System32\WindowsPowerShell\v1.0\;C:\WINDOWS\System32\OpenSSH\;C:\Program Files\NVIDIA Corporation\NVIDIA App\NvDLISR;C:\Program Files (x86)\NVIDIA Corporation\PhysX\Common;C:\Program Files\dotnet\;C:\Program Files\Git\cmd;C:\Program Files\PowerShell\7\;C:\Program Files\Tailscale\;C:\Users\b-qu\AppData\Local\Programs\Python\Python312\Scripts\;C:\Users\b-qu\AppData\Local\Programs\Python\Python312\;C:\Users\b-qu\scoop\apps\git\current\cmd;C:\Users\b-qu\scoop\shim;C:\WINDOWS\system32;C:\WINDOWS;C:\WINDOWS\System32\Wbem;C:\WINDOWS\System32\WindowsPowerShell\v1.0\;C:\WINDOWS\System32\OpenSSH\;C:\Program Files\nodejs\;C:\Program Files\NVIDIA Corporation\Nsight Compute 2025.4.1\;C:\Program Files\Go\bin;C:\Program Files\Microsoft SQL Server\170\Tools\Binn\;C:\Program Files\Microsoft SQL Server\Client SDK\ODBC\170\Tools\Binn\;C:\Program Files (x86)\IncrediBuild;C:\Program Files (x86)\Windows Kits\10\Windows Performance Toolkit\;C:\Users\b-qu\.cargo\bin;C:\Users\b-qu\AppData\Local\Programs\Python\Python312\Scripts\;C:\Users\b-qu\AppData\Local\Programs\Python\Python312\;C:\Users\b-qu\AppData\Local\Programs\Python\Launcher\;C:\Users\b-qu\scoop\apps\git\current\cmd;C:\Users\b-qu\scoop\shims;C:\Users\b-qu\.local\bin;C:\Users\b-qu\AppData\Local\Microsoft\WindowsApps;C:\Users\b-qu\.dotnet\tools;C:\Users\b-qu\AppData\Local\Microsoft\WinGet\Links;C:\cloudflared;;C:\Users\b-qu\AppData\Local\Programs\Ollama;C:\Users\b-qu\AppData\Local\Programs\Microsoft VS Code\bin;C:\Users\b-qu\AppData\Roaming\npm;C:\Users\b-qu\go\bin;D:\Users\b-qu\AppData\Local\Programs\Antigravity\bin
[2026-03-24 10:31:16] [START] Launching: project:3002 @ 3002
[2026-03-24 10:31:16] [OK] PID 55616 started for project:3002
[2026-03-24 10:31:20] [START] Launching: project:3003 @ 3003
[2026-03-24 10:31:20] [OK] PID 56144 started for project:3003
[2026-03-24 10:31:22] [RECOVERY] Recovering crashed or new project: project:3006
[2026-03-24 10:31:27] [START] Launching: project:3006 @ 3006
[2026-03-24 10:31:27] [OK] PID 12700 started for project:3006
[2026-03-24 10:31:33] [START] Launching: project:3006 @ 3006
[2026-03-24 10:31:34] [OK] PID 19084 started for project:3006
[2026-03-24 10:31:35] [RECOVERY] Recovering crashed or new project: project:3004
[2026-03-24 10:31:39] [START] Launching: project:3004 @ 3004
[2026-03-24 10:31:39] [OK] PID 53644 started for project:3004
[2026-03-24 10:31:47] [START] Launching: project:3004 @ 3004
[2026-03-24 10:31:48] [OK] PID 52608 started for project:3004
[2026-03-24 10:31:49] [RECOVERY] Recovering crashed or new project: project:3005
[2026-03-24 10:31:50] [START] Launching: project:3005 @ 3005
[2026-03-24 10:31:51] [OK] PID 50908 started for project:3005
[2026-03-24 10:31:57] [START] Launching: project:3005 @ 3005
[2026-03-24 10:31:58] [OK] PID 53948 started for project:3005
[2026-03-24 10:32:09] [RECOVERY] Recovering crashed or new project: project:3006
[2026-03-24 10:32:15] ⚠️ Port 3006 is occupied by PID 51604 (node.exe)
[2026-03-24 10:32:15] [CLEAN] Clearing port 3006 for project launch...
[2026-03-24 10:32:15] ⚠️ Port 3006 is occupied by PID 51604 (node.exe)
[2026-03-24 10:32:15] [CLEAN] Clearing port 3006 for project launch...
[2026-03-24 10:32:16] [START] Launching: project:3006 @ 3006
[2026-03-24 10:32:17] [OK] PID 27888 started for project:3006
[2026-03-24 11:09:30] [START] Launching: project:3007 @ 3007
[2026-03-24 11:09:30] [OK] PID 24936 started for project:3007
[2026-03-24 11:09:38] [RECOVERY] Recovering crashed or new project: project:3007
[2026-03-24 11:09:44] [START] Launching: project:3007 @ 3007
[2026-03-24 11:09:44] [OK] PID 52152 started for project:3007
[2026-03-24 11:09:54] [RECOVERY] Recovering crashed or new project: project:3007
[2026-03-24 11:10:01] [START] Launching: project:3007 @ 3007
[2026-03-24 11:10:01] [OK] PID 57544 started for project:3007
[2026-03-24 11:10:12] [RECOVERY] Recovering crashed or new project: project:3007
[2026-03-24 11:10:18] [START] Launching: project:3007 @ 3007
[2026-03-24 11:10:18] [OK] PID 21756 started for project:3007
[2026-03-24 11:10:29] [RECOVERY] Recovering crashed or new project: project:3007
[2026-03-24 11:10:35] [START] Launching: project:3007 @ 3007
[2026-03-24 11:10:35] [OK] PID 25576 started for project:3007
[2026-03-24 11:10:45] [RECOVERY] Recovering crashed or new project: project:3007
[2026-03-24 11:10:54] [START] Launching: project:3007 @ 3007
[2026-03-24 11:10:54] [OK] PID 49144 started for project:3007
[2026-03-24 11:11:05] [RECOVERY] Recovering crashed or new project: project:3007
[2026-03-24 11:11:17] [START] Launching: project:3007 @ 3007
[2026-03-24 11:11:18] [OK] PID 34316 started for project:3007
[2026-03-24 11:11:38] [RECOVERY] Recovering crashed or new project: project:3007
[2026-03-24 11:11:48] [START] Launching: project:3007 @ 3007
[2026-03-24 11:11:48] [OK] PID 39760 started for project:3007
[2026-03-24 11:12:08] [RECOVERY] Recovering crashed or new project: project:3007
[2026-03-24 11:12:18] [START] Launching: project:3007 @ 3007
[2026-03-24 11:12:18] [OK] PID 46696 started for project:3007
[2026-03-24 11:12:38] [RECOVERY] Recovering crashed or new project: project:3007
[2026-03-24 11:12:45] [START] Launching: project:3007 @ 3007
[2026-03-24 11:12:45] [OK] PID 32820 started for project:3007
[2026-03-24 11:13:05] [RECOVERY] Recovering crashed or new project: project:3007
[2026-03-24 11:13:12] [START] Launching: project:3007 @ 3007
[2026-03-24 11:13:12] [OK] PID 53288 started for project:3007
[2026-03-24 11:13:23] [RECOVERY] Recovering crashed or new project: project:3007
[2026-03-24 11:13:29] [START] Launching: project:3007 @ 3007
[2026-03-24 11:13:29] [OK] PID 45364 started for project:3007
[2026-03-24 11:14:12] [START] Launching: project:3007 @ 3007
[2026-03-24 11:14:12] [OK] PID 44012 started for project:3007
[2026-03-24 11:15:51] [START] Launching: project:3008 @ 3008
[2026-03-24 11:15:51] [OK] PID 33248 started for project:3008
[2026-03-24 11:16:12] [RECOVERY] Recovering crashed or new project: project:3008
[2026-03-24 11:16:28] [START] Launching: project:3008 @ 3008
[2026-03-24 11:16:28] [OK] PID 35456 started for project:3008
[2026-03-24 11:16:49] [RECOVERY] Recovering crashed or new project: project:3008
[2026-03-24 11:16:59] [START] Launching: project:3008 @ 3008
[2026-03-24 11:17:00] [OK] PID 9396 started for project:3008
[2026-03-24 11:17:21] [RECOVERY] Recovering crashed or new project: project:3008
[2026-03-24 11:17:29] [START] Launching: project:3008 @ 3008
[2026-03-24 11:17:29] [OK] PID 3368 started for project:3008
[2026-03-24 11:17:40] [RECOVERY] Recovering crashed or new project: project:3008
[2026-03-24 11:17:49] [START] Launching: project:3008 @ 3008
[2026-03-24 11:17:49] [OK] PID 6256 started for project:3008
[2026-03-24 11:18:10] [RECOVERY] Recovering crashed or new project: project:3008
[2026-03-24 11:18:17] [START] Launching: project:3008 @ 3008
[2026-03-24 11:18:18] [OK] PID 3360 started for project:3008
[2026-03-24 11:18:28] [RECOVERY] Recovering crashed or new project: project:3008
[2026-03-24 11:18:36] [START] Launching: project:3008 @ 3008
[2026-03-24 11:18:36] [OK] PID 22356 started for project:3008
[2026-03-24 11:18:47] [RECOVERY] Recovering crashed or new project: project:3008
[2026-03-24 11:18:56] [START] Launching: project:3008 @ 3008
[2026-03-24 11:18:56] [OK] PID 34520 started for project:3008
[2026-03-24 11:19:06] [RECOVERY] Recovering crashed or new project: project:3008
[2026-03-24 11:19:10] [START] Launching: project:3008 @ 3008
[2026-03-24 11:19:10] [OK] PID 12664 started for project:3008
[2026-03-24 11:19:20] [RECOVERY] Recovering crashed or new project: project:3008
[2026-03-24 11:19:24] [START] Launching: project:3008 @ 3008
[2026-03-24 11:19:24] [OK] PID 22448 started for project:3008
[2026-03-24 11:19:34] [RECOVERY] Recovering crashed or new project: project:3008
[2026-03-24 11:19:39] [START] Launching: project:3008 @ 3008
[2026-03-24 11:19:39] [OK] PID 28404 started for project:3008
[2026-03-24 11:19:49] [RECOVERY] Recovering crashed or new project: project:3008
[2026-03-24 11:19:55] [START] Launching: project:3008 @ 3008
[2026-03-24 11:19:55] [OK] PID 55624 started for project:3008
[2026-03-24 11:20:05] [RECOVERY] Recovering crashed or new project: project:3008
[2026-03-24 11:20:10] [START] Launching: project:3008 @ 3008
[2026-03-24 11:20:10] [OK] PID 19808 started for project:3008
[2026-03-24 11:20:21] [RECOVERY] Recovering crashed or new project: project:3008
[2026-03-24 11:20:33] [START] Launching: project:3008 @ 3008
[2026-03-24 11:20:34] [OK] PID 16568 started for project:3008
[2026-03-24 11:20:55] [RECOVERY] Recovering crashed or new project: project:3008
[2026-03-24 11:21:09] [START] Launching: project:3008 @ 3008
[2026-03-24 11:21:10] [OK] PID 29924 started for project:3008
[2026-03-24 11:21:31] [RECOVERY] Recovering crashed or new project: project:3008
[2026-03-24 11:21:44] [START] Launching: project:3008 @ 3008
[2026-03-24 11:21:44] [OK] PID 57164 started for project:3008
[2026-03-24 11:22:06] [RECOVERY] Recovering crashed or new project: project:3008
[2026-03-24 11:22:14] [START] Launching: project:3008 @ 3008
[2026-03-24 11:22:15] [OK] PID 57196 started for project:3008
[2026-03-24 11:22:25] [RECOVERY] Recovering crashed or new project: project:3008
[2026-03-24 11:22:34] [START] Launching: project:3008 @ 3008
[2026-03-24 11:22:34] [OK] PID 28844 started for project:3008
[2026-03-24 11:22:54] [RECOVERY] Recovering crashed or new project: project:3008
[2026-03-24 11:23:02] [START] Launching: project:3008 @ 3008
[2026-03-24 11:23:02] [OK] PID 42924 started for project:3008
[2026-03-24 11:23:13] [RECOVERY] Recovering crashed or new project: project:3008
[2026-03-24 11:23:19] [START] Launching: project:3008 @ 3008
[2026-03-24 11:23:19] [OK] PID 50412 started for project:3008
[2026-03-24 11:23:30] [START] Performing Magic Startup...
[2026-03-24 11:23:30] Current Base Path: D:\tailscale magic
[2026-03-24 11:23:30] Project Config: D:\tailscale magic\projects.json
[2026-03-24 11:23:30] System PATH: C:\Users\b-qu\AppData\Local\Temp\_MEI506362\pywin32_system32;C:\Program Files\NVIDIA GPU Computing Toolkit\CUDA\v13.1\bin\x64;C:\Program Files\NVIDIA GPU Computing Toolkit\CUDA\v13.1\bin;C:\WINDOWS\system32\image2video\.venv\Scripts;C:\Program Files\Eclipse Adoptium\jdk-21.0.10.7-hotspot\bin;C:\Program Files\Eclipse Adoptium\jdk-8.0.472.8-hotspot\bin;C:\Program Files (x86)\Common Files\Oracle\Java\java8path;C:\Program Files (x86)\Common Files\Oracle\Java\javapath;C:\Program Files\NVIDIA GPU Computing Toolkit\CUDA\v13.0\bin\x64;C:\Program Files\NVIDIA GPU Computing Toolkit\CUDA\v13.0\bin;C:\WINDOWS\system32;C:\WINDOWS;C:\WINDOWS\System32\Wbem;C:\WINDOWS\System32\WindowsPowerShell\v1.0\;C:\WINDOWS\System32\OpenSSH\;C:\Program Files\NVIDIA Corporation\NVIDIA App\NvDLISR;C:\Program Files (x86)\NVIDIA Corporation\PhysX\Common;C:\Program Files\dotnet\;C:\Program Files\Git\cmd;C:\Program Files\PowerShell\7\;C:\Program Files\Tailscale\;C:\Users\b-qu\AppData\Local\Programs\Python\Python312\Scripts\;C:\Users\b-qu\AppData\Local\Programs\Python\Python312\;C:\Users\b-qu\scoop\apps\git\current\cmd;C:\Users\b-qu\scoop\shim;C:\WINDOWS\system32;C:\WINDOWS;C:\WINDOWS\System32\Wbem;C:\WINDOWS\System32\WindowsPowerShell\v1.0\;C:\WINDOWS\System32\OpenSSH\;C:\Program Files\nodejs\;C:\Program Files\NVIDIA Corporation\Nsight Compute 2025.4.1\;C:\Program Files\Go\bin;C:\Program Files\Microsoft SQL Server\170\Tools\Binn\;C:\Program Files\Microsoft SQL Server\Client SDK\ODBC\170\Tools\Binn\;C:\Program Files (x86)\IncrediBuild;C:\Program Files (x86)\Windows Kits\10\Windows Performance Toolkit\;C:\Users\b-qu\.cargo\bin;C:\Users\b-qu\AppData\Local\Programs\Python\Python312\Scripts\;C:\Users\b-qu\AppData\Local\Programs\Python\Python312\;C:\Users\b-qu\AppData\Local\Programs\Python\Launcher\;C:\Users\b-qu\scoop\apps\git\current\cmd;C:\Users\b-qu\scoop\shims;C:\Users\b-qu\.local\bin;C:\Users\b-qu\AppData\Local\Microsoft\WindowsApps;C:\Users\b-qu\.dotnet\tools;C:\Users\b-qu\AppData\Local\Microsoft\WinGet\Links;C:\cloudflared;;C:\Users\b-qu\AppData\Local\Programs\Ollama;C:\Users\b-qu\AppData\Local\Programs\Microsoft VS Code\bin;C:\Users\b-qu\AppData\Roaming\npm;C:\Users\b-qu\go\bin;D:\Users\b-qu\AppData\Local\Programs\Antigravity\bin
[2026-03-24 11:23:35] ⚠️ Port 3002 is occupied by PID 17448 (node.exe)
[2026-03-24 11:23:35] [CLEAN] Clearing port 3002 for project launch...
[2026-03-24 11:23:35] ⚠️ Port 3002 is occupied by PID 17448 (node.exe)
[2026-03-24 11:23:35] [CLEAN] Clearing port 3002 for project launch...
[2026-03-24 11:23:35] [START] Launching: project:3002 @ 3002
[2026-03-24 11:23:35] [OK] PID 54036 started for project:3002
[2026-03-24 11:23:40] ⚠️ Port 3003 is occupied by PID 39596 (node.exe)
3008
[2026-03-24 11:23:40] [CLEAN] Clearing port 3003 for project launch...
[2026-03-24 11:23:40] ⚠️ Port 3003 is occupied by PID 39596 (node.exe)
[2026-03-24 11:23:40] [CLEAN] Clearing port 3003 for project launch...
[2026-03-24 11:23:41] [START] Launching: project:3003 @ 3003
[2026-03-24 11:23:41] [OK] PID 24008 started for project:3003
[2026-03-24 11:23:42] [START] Performing Magic Startup...
[2026-03-24 11:23:42] Current Base Path: D:\tailscale magic
[2026-03-24 11:23:42] Project Config: D:\tailscale magic\projects.json
[2026-03-24 11:23:42] System PATH: C:\Users\b-qu\AppData\Local\Temp\_MEI569642\pywin32_system32;C:\Program Files\NVIDIA GPU Computing Toolkit\CUDA\v13.1\bin\x64;C:\Program Files\NVIDIA GPU Computing Toolkit\CUDA\v13.1\bin;C:\WINDOWS\system32\image2video\.venv\Scripts;C:\Program Files\Eclipse Adoptium\jdk-21.0.10.7-hotspot\bin;C:\Program Files\Eclipse Adoptium\jdk-8.0.472.8-hotspot\bin;C:\Program Files (x86)\Common Files\Oracle\Java\java8path;C:\Program Files (x86)\Common Files\Oracle\Java\javapath;C:\Program Files\NVIDIA GPU Computing Toolkit\CUDA\v13.0\bin\x64;C:\Program Files\NVIDIA GPU Computing Toolkit\CUDA\v13.0\bin;C:\WINDOWS\system32;C:\WINDOWS;C:\WINDOWS\System32\Wbem;C:\WINDOWS\System32\WindowsPowerShell\v1.0\;C:\WINDOWS\System32\OpenSSH\;C:\Program Files\NVIDIA Corporation\NVIDIA App\NvDLISR;C:\Program Files (x86)\NVIDIA Corporation\PhysX\Common;C:\Program Files\dotnet\;C:\Program Files\Git\cmd;C:\Program Files\PowerShell\7\;C:\Program Files\Tailscale\;C:\Users\b-qu\AppData\Local\Programs\Python\Python312\Scripts\;C:\Users\b-qu\AppData\Local\Programs\Python\Python312\;C:\Users\b-qu\scoop\apps\git\current\cmd;C:\Users\b-qu\scoop\shim;C:\WINDOWS\system32;C:\WINDOWS;C:\WINDOWS\System32\Wbem;C:\WINDOWS\System32\WindowsPowerShell\v1.0\;C:\WINDOWS\System32\OpenSSH\;C:\Program Files\nodejs\;C:\Program Files\NVIDIA Corporation\Nsight Compute 2025.4.1\;C:\Program Files\Go\bin;C:\Program Files\Microsoft SQL Server\170\Tools\Binn\;C:\Program Files\Microsoft SQL Server\Client SDK\ODBC\170\Tools\Binn\;C:\Program Files (x86)\IncrediBuild;C:\Program Files (x86)\Windows Kits\10\Windows Performance Toolkit\;C:\Users\b-qu\.cargo\bin;C:\Users\b-qu\AppData\Local\Programs\Python\Python312\Scripts\;C:\Users\b-qu\AppData\Local\Programs\Python\Python312\;C:\Users\b-qu\AppData\Local\Programs\Python\Launcher\;C:\Users\b-qu\scoop\apps\git\current\cmd;C:\Users\b-qu\scoop\shims;C:\Users\b-qu\.local\bin;C:\Users\b-qu\AppData\Local\Microsoft\WindowsApps;C:\Users\b-qu\.dotnet\tools;C:\Users\b-qu\AppData\Local\Microsoft\WinGet\Links;C:\cloudflared;;C:\Users\b-qu\AppData\Local\Programs\Ollama;C:\Users\b-qu\AppData\Local\Programs\Microsoft VS Code\bin;C:\Users\b-qu\AppData\Roaming\npm;C:\Users\b-qu\go\bin;D:\Users\b-qu\AppData\Local\Programs\Antigravity\bin
[2026-03-24 11:23:47] ⚠️ Port 3002 is occupied by PID 55896 (node.exe)
[2026-03-24 11:23:47] [CLEAN] Clearing port 3002 for project launch...
[2026-03-24 11:23:47] ⚠️ Port 3002 is occupied by PID 55896 (node.exe)
[2026-03-24 11:23:47] [CLEAN] Clearing port 3002 for project launch...
[2026-03-24 11:23:48] [START] Launching: project:3002 @ 3002
[2026-03-24 11:23:48] [OK] PID 56660 started for project:3002
[2026-03-24 11:23:51] ⚠️ Port 3006 is occupied by PID 17348 (node.exe)
[2026-03-24 11:23:51] [CLEAN] Clearing port 3006 for project launch...
[2026-03-24 11:23:51] ⚠️ Port 3006 is occupied by PID 17348 (node.exe)
[2026-03-24 11:23:52] [CLEAN] Clearing port 3006 for project launch...
[2026-03-24 11:23:52] [START] Launching: project:3008 @ 3008
[2026-03-24 11:23:52] [OK] PID 58172 started for project:3008
[2026-03-24 11:23:52] [RECOVERY] Recovering crashed or new project: project:3003
[2026-03-24 11:23:53] [START] Launching: project:3006 @ 3006
[2026-03-24 11:23:53] [OK] PID 24412 started for project:3006
[2026-03-24 11:23:57] ⚠️ Port 3003 is occupied by PID 43680 (node.exe)
[2026-03-24 11:23:57] [CLEAN] Clearing port 3003 for project launch...
[2026-03-24 11:23:58] ⚠️ Port 3003 is occupied by PID 43680 (node.exe)
[2026-03-24 11:23:58] [CLEAN] Clearing port 3003 for project launch...
[2026-03-24 11:23:59] [START] Launching: project:3003 @ 3003
[2026-03-24 11:23:59] [OK] PID 53460 started for project:3003
[2026-03-24 11:24:03] [RECOVERY] Recovering crashed or new project: project:3002
[2026-03-24 11:24:05] ⚠️ Port 3004 is occupied by PID 35792 (node.exe)
[2026-03-24 11:24:05] [CLEAN] Clearing port 3004 for project launch...
[2026-03-24 11:24:05] ⚠️ Port 3004 is occupied by PID 35792 (node.exe)
[2026-03-24 11:24:05] [CLEAN] Clearing port 3004 for project launch...
[2026-03-24 11:24:07] [START] Launching: project:3004 @ 3004
[2026-03-24 11:24:08] [OK] PID 14224 started for project:3004
[2026-03-24 11:24:09] [START] Launching: project:3003 @ 3003
[2026-03-24 11:24:09] [OK] PID 53032 started for project:3003
[2026-03-24 11:24:10] [RECOVERY] Recovering crashed or new project: project:3006
[2026-03-24 11:24:14] ⚠️ Port 3006 is occupied by PID 27040 (node.exe)
[2026-03-24 11:24:14] [CLEAN] Clearing port 3006 for project launch...
[2026-03-24 11:24:15] ⚠️ Port 3006 is occupied by PID 27040 (node.exe)
[2026-03-24 11:24:15] [CLEAN] Clearing port 3006 for project launch...
[2026-03-24 11:24:18] [START] Launching: project:3006 @ 3006
[2026-03-24 11:24:18] [OK] PID 39136 started for project:3006
[2026-03-24 11:24:23] ⚠️ Port 3002 is occupied by PID 50328 (node.exe)
[2026-03-24 11:24:23] [CLEAN] Clearing port 3002 for project launch...
[2026-03-24 11:24:24] ⚠️ Port 3002 is occupied by PID 50328 (node.exe)
[2026-03-24 11:24:25] [CLEAN] Clearing port 3002 for project launch...
[2026-03-24 11:24:29] [START] Launching: project:3002 @ 3002
[2026-03-24 11:24:29] [START] Launching: project:3006 @ 3006
[2026-03-24 11:24:29] [OK] PID 42592 started for project:3006
[2026-03-24 11:24:30] [RECOVERY] Recovering crashed or new project: project:3004
[2026-03-24 11:24:32] [OK] PID 27072 started for project:3002
[2026-03-24 11:24:33] ⚠️ Port 3005 is occupied by PID 26032 (node.exe)
[2026-03-24 11:24:34] [RECOVERY] Recovering crashed or new project: project:3003
[2026-03-24 11:24:34] [CLEAN] Clearing port 3005 for project launch...
[2026-03-24 11:24:35] ⚠️ Port 3005 is occupied by PID 26032 (node.exe)
[2026-03-24 11:24:36] [CLEAN] Clearing port 3005 for project launch...
[2026-03-24 11:24:38] ⚠️ Port 3004 is occupied by PID 39524 (node.exe)
[2026-03-24 11:24:38] [CLEAN] Clearing port 3004 for project launch...
[2026-03-24 11:24:40] [START] Launching: project:3004 @ 3004
[2026-03-24 11:24:41] [OK] PID 59564 started for project:3004
[2026-03-24 11:24:48] [START] Launching: project:3005 @ 3005
[2026-03-24 11:24:49] [START] Launching: project:3004 @ 3004
[2026-03-24 11:24:50] [OK] PID 22712 started for project:3004
[2026-03-24 11:24:51] [RECOVERY] Recovering crashed or new project: project:3008
[2026-03-24 11:24:53] [OK] PID 59972 started for project:3005
[2026-03-24 11:24:59] [START] Launching: project:3005 @ 3005
[2026-03-24 11:25:00] [OK] PID 59428 started for project:3005
[2026-03-24 11:25:11] [START] Launching: project:3008 @ 3008
[2026-03-24 11:25:12] [OK] PID 54476 started for project:3008
[2026-03-24 11:25:16] ⚠️ Port 3007 is occupied by PID 56928 (node.exe)
[2026-03-24 11:25:16] [CLEAN] Clearing port 3007 for project launch...
[2026-03-24 11:25:16] ⚠️ Port 3007 is occupied by PID 56928 (node.exe)
[2026-03-24 11:25:16] [CLEAN] Clearing port 3007 for project launch...
[2026-03-24 11:25:16] [START] Launching: project:3007 @ 3007
[2026-03-24 11:25:16] [OK] PID 59832 started for project:3007
[2026-03-24 11:25:23] [RECOVERY] Recovering crashed or new project: project:3002
[2026-03-24 11:25:39] [START] Launching: project:3008 @ 3008
[2026-03-24 11:25:39] [OK] PID 20548 started for project:3008
[2026-03-24 11:25:42] ⚠️ Port 3003 is occupied by PID 52412 (node.exe)
[2026-03-24 11:25:42] [CLEAN] Clearing port 3003 for project launch...
[2026-03-24 11:25:42] ⚠️ Port 3002 is occupied by PID 59744 (node.exe)
[2026-03-24 11:25:42] [CLEAN] Clearing port 3002 for project launch...
[2026-03-24 11:25:42] ⚠️ Port 3002 is occupied by PID 59744 (node.exe)
[2026-03-24 11:25:42] [CLEAN] Clearing port 3002 for project launch...
[2026-03-24 11:25:42] [START] Launching: project:3002 @ 3002
[2026-03-24 11:25:43] [OK] PID 18700 started for project:3002
[2026-03-24 11:25:43] [RECOVERY] Recovering crashed or new project: project:3006
[2026-03-24 11:25:43] ⚠️ Port 3003 is occupied by PID 52412 (node.exe)
[2026-03-24 11:25:44] [CLEAN] Clearing port 3003 for project launch...
[2026-03-24 11:25:50] [START] Launching: project:3003 @ 3003
[2026-03-24 11:25:52] [OK] PID 20604 started for project:3003
[2026-03-24 11:25:53] [RECOVERY] Recovering crashed or new project: project:3006
[2026-03-24 11:25:56] ⚠️ Port 3006 is occupied by PID 54292 (node.exe)
[2026-03-24 11:25:56] [CLEAN] Clearing port 3006 for project launch...
[2026-03-24 11:25:56] ⚠️ Port 3006 is occupied by PID 54292 (node.exe)
[2026-03-24 11:25:56] [CLEAN] Clearing port 3006 for project launch...
[2026-03-24 11:25:57] [START] Launching: project:3006 @ 3006
[2026-03-24 11:25:57] [OK] PID 59692 started for project:3006
[2026-03-24 11:26:15] [START] Launching: project:3007 @ 3007
[2026-03-24 11:26:18] [RECOVERY] Recovering crashed or new project: project:3008
[2026-03-24 11:26:22] [OK] PID 60064 started for project:3007
[2026-03-24 11:26:31] [START] Launching: project:3008 @ 3008
[2026-03-24 11:26:31] [OK] PID 20600 started for project:3008
[2026-03-24 11:26:48] [START] Launching: project:3006 @ 3006
[2026-03-24 11:26:49] [OK] PID 18952 started for project:3006
[2026-03-24 11:26:50] [RECOVERY] Recovering crashed or new project: project:3004
[2026-03-24 11:26:58] [START] Launching: project:3008 @ 3008
[2026-03-24 11:26:59] [OK] PID 20548 started for project:3008
[2026-03-24 11:26:59] [START] Performing Magic Startup...
[2026-03-24 11:26:59] Current Base Path: D:\tailscale magic
[2026-03-24 11:26:59] Project Config: D:\tailscale magic\projects.json
[2026-03-24 11:26:59] System PATH: C:\Users\b-qu\AppData\Local\Temp\_MEI485922\pywin32_system32;C:\Program Files\NVIDIA GPU Computing Toolkit\CUDA\v13.1\bin\x64;C:\Program Files\NVIDIA GPU Computing Toolkit\CUDA\v13.1\bin;C:\WINDOWS\system32\image2video\.venv\Scripts;C:\Program Files\Eclipse Adoptium\jdk-21.0.10.7-hotspot\bin;C:\Program Files\Eclipse Adoptium\jdk-8.0.472.8-hotspot\bin;C:\Program Files (x86)\Common Files\Oracle\Java\java8path;C:\Program Files (x86)\Common Files\Oracle\Java\javapath;C:\Program Files\NVIDIA GPU Computing Toolkit\CUDA\v13.0\bin\x64;C:\Program Files\NVIDIA GPU Computing Toolkit\CUDA\v13.0\bin;C:\WINDOWS\system32;C:\WINDOWS;C:\WINDOWS\System32\Wbem;C:\WINDOWS\System32\WindowsPowerShell\v1.0\;C:\WINDOWS\System32\OpenSSH\;C:\Program Files\NVIDIA Corporation\NVIDIA App\NvDLISR;C:\Program Files (x86)\NVIDIA Corporation\PhysX\Common;C:\Program Files\dotnet\;C:\Program Files\Git\cmd;C:\Program Files\PowerShell\7\;C:\Program Files\Tailscale\;C:\Users\b-qu\AppData\Local\Programs\Python\Python312\Scripts\;C:\Users\b-qu\AppData\Local\Programs\Python\Python312\;C:\Users\b-qu\scoop\apps\git\current\cmd;C:\Users\b-qu\scoop\shim;C:\WINDOWS\system32;C:\WINDOWS;C:\WINDOWS\System32\Wbem;C:\WINDOWS\System32\WindowsPowerShell\v1.0\;C:\WINDOWS\System32\OpenSSH\;C:\Program Files\nodejs\;C:\Program Files\NVIDIA Corporation\Nsight Compute 2025.4.1\;C:\Program Files\Go\bin;C:\Program Files\Microsoft SQL Server\170\Tools\Binn\;C:\Program Files\Microsoft SQL Server\Client SDK\ODBC\170\Tools\Binn\;C:\Program Files (x86)\IncrediBuild;C:\Program Files (x86)\Windows Kits\10\Windows Performance Toolkit\;C:\Users\b-qu\.cargo\bin;C:\Users\b-qu\AppData\Local\Programs\Python\Python312\Scripts\;C:\Users\b-qu\AppData\Local\Programs\Python\Python312\;C:\Users\b-qu\AppData\Local\Programs\Python\Launcher\;C:\Users\b-qu\scoop\apps\git\current\cmd;C:\Users\b-qu\scoop\shims;C:\Users\b-qu\.local\bin;C:\Users\b-qu\AppData\Local\Microsoft\WindowsApps;C:\Users\b-qu\.dotnet\tools;C:\Users\b-qu\AppData\Local\Microsoft\WinGet\Links;C:\cloudflared;;C:\Users\b-qu\AppData\Local\Programs\Ollama;C:\Users\b-qu\AppData\Local\Programs\Microsoft VS Code\bin;C:\Users\b-qu\AppData\Roaming\npm;C:\Users\b-qu\go\bin;D:\Users\b-qu\AppData\Local\Programs\Antigravity\bin
[2026-03-24 11:27:07] ⚠️ Port 3002 is occupied by PID 19864 (node.exe)
[2026-03-24 11:27:07] [CLEAN] Clearing port 3002 for project launch...
[2026-03-24 11:27:07] ⚠️ Port 3002 is occupied by PID 19864 (node.exe)
[2026-03-24 11:27:07] [CLEAN] Clearing port 3002 for project launch...
[2026-03-24 11:27:08] [START] Launching: project:3002 @ 3002
[2026-03-24 11:27:08] [OK] PID 26984 started for project:3002
[2026-03-24 11:27:10] [RECOVERY] Recovering crashed or new project: project:3003
[2026-03-24 11:27:18] ⚠️ Port 3003 is occupied by PID 59752 (node.exe)
[2026-03-24 11:27:18] [CLEAN] Clearing port 3003 for project launch...
[2026-03-24 11:27:18] ⚠️ Port 3003 is occupied by PID 59752 (node.exe)
[2026-03-24 11:27:18] [CLEAN] Clearing port 3003 for project launch...
[2026-03-24 11:27:19] [START] Launching: project:3003 @ 3003
[2026-03-24 11:27:19] [START] Launching: project:3003 @ 3003
[2026-03-24 11:27:19] [OK] PID 49236 started for project:3003
[2026-03-24 11:27:19] [OK] PID 24112 started for project:3003
[2026-03-24 11:27:19] [RECOVERY] Recovering crashed or new project: project:3006
[2026-03-24 11:27:27] ⚠️ Port 3006 is occupied by PID 54516 (node.exe)
[2026-03-24 11:27:28] [CLEAN] Clearing port 3006 for project launch...
[2026-03-24 11:27:28] ⚠️ Port 3006 is occupied by PID 54516 (node.exe)
[2026-03-24 11:27:28] ⚠️ Port 3006 is occupied by PID 54516 (node.exe)
[2026-03-24 11:27:28] [CLEAN] Clearing port 3006 for project launch...
[2026-03-24 11:27:28] [CLEAN] Clearing port 3006 for project launch...
[2026-03-24 11:27:28] ⚠️ Port 3006 is occupied by PID 54516 (node.exe)
[2026-03-24 11:27:28] [CLEAN] Clearing port 3006 for project launch...
[2026-03-24 11:27:28] [START] Launching: project:3006 @ 3006
[2026-03-24 11:27:28] [START] Launching: project:3006 @ 3006
[2026-03-24 11:27:28] [OK] PID 44776 started for project:3006
[2026-03-24 11:27:28] [RECOVERY] Recovering crashed or new project: project:3004
[2026-03-24 11:27:28] [OK] PID 41808 started for project:3006
[2026-03-24 11:27:36] [START] Launching: project:3004 @ 3004
[2026-03-24 11:27:36] [START] Launching: project:3004 @ 3004
[2026-03-24 11:27:36] [OK] PID 54460 started for project:3004
[2026-03-24 11:27:36] [RECOVERY] Recovering crashed or new project: project:3005
[2026-03-24 11:27:36] [OK] PID 43536 started for project:3004
[2026-03-24 11:27:42] [START] Launching: project:3005 @ 3005
[2026-03-24 11:27:42] [START] Launching: project:3005 @ 3005
[2026-03-24 11:27:42] [OK] PID 53460 started for project:3005
[2026-03-24 11:27:42] [RECOVERY] Recovering crashed or new project: project:3007
[2026-03-24 11:27:42] [OK] PID 21176 started for project:3005
[2026-03-24 11:27:48] [START] Launching: project:3007 @ 3007
[2026-03-24 11:27:48] [START] Launching: project:3007 @ 3007
[2026-03-24 11:27:48] [OK] PID 49812 started for project:3007
[2026-03-24 11:27:48] [RECOVERY] Recovering crashed or new project: project:3008
[2026-03-24 11:27:48] [OK] PID 54516 started for project:3007
[2026-03-24 11:27:56] [START] Launching: project:3008 @ 3008
[2026-03-24 11:27:56] [START] Launching: project:3008 @ 3008
[2026-03-24 11:27:56] [OK] PID 11628 started for project:3008
[2026-03-24 11:27:56] [OK] PID 20924 started for project:3008
[2026-03-24 11:28:06] [RECOVERY] Recovering crashed or new project: project:3002
[2026-03-24 11:28:09] [START] Launching: project:3002 @ 3002
[2026-03-24 11:28:09] [OK] PID 53308 started for project:3002
[2026-03-24 11:28:09] [RECOVERY] Recovering crashed or new project: project:3003
[2026-03-24 11:28:14] [START] Launching: project:3003 @ 3003
[2026-03-24 11:28:14] [OK] PID 27888 started for project:3003
[2026-03-24 11:28:14] [RECOVERY] Recovering crashed or new project: project:3006
[2026-03-24 11:28:18] [START] Launching: project:3006 @ 3006
[2026-03-24 11:28:18] [OK] PID 60132 started for project:3006
[2026-03-24 11:28:18] [RECOVERY] Recovering crashed or new project: project:3008
[2026-03-24 11:28:22] [START] Launching: project:3008 @ 3008
[2026-03-24 11:28:22] [OK] PID 51932 started for project:3008
[2026-03-24 11:28:32] [RECOVERY] Recovering crashed or new project: project:3008
[2026-03-24 11:28:35] [START] Launching: project:3008 @ 3008
[2026-03-24 11:28:35] [OK] PID 18648 started for project:3008
[2026-03-24 11:28:45] [RECOVERY] Recovering crashed or new project: project:3008
[2026-03-24 11:28:48] [START] Launching: project:3008 @ 3008
[2026-03-24 11:28:48] [OK] PID 26984 started for project:3008
[2026-03-24 11:28:58] [RECOVERY] Recovering crashed or new project: project:3008
[2026-03-24 11:29:01] [START] Launching: project:3008 @ 3008
[2026-03-24 11:29:01] [OK] PID 16440 started for project:3008
[2026-03-24 11:29:14] [START] Performing Magic Startup...
[2026-03-24 11:29:14] Current Base Path: D:\tailscale magic
[2026-03-24 11:29:14] Project Config: D:\tailscale magic\projects.json
[2026-03-24 11:29:14] System PATH: C:\Users\b-qu\AppData\Local\Temp\_MEI483082\pywin32_system32;C:\Program Files\NVIDIA GPU Computing Toolkit\CUDA\v13.1\bin\x64;C:\Program Files\NVIDIA GPU Computing Toolkit\CUDA\v13.1\bin;C:\WINDOWS\system32\image2video\.venv\Scripts;C:\Program Files\Eclipse Adoptium\jdk-21.0.10.7-hotspot\bin;C:\Program Files\Eclipse Adoptium\jdk-8.0.472.8-hotspot\bin;C:\Program Files (x86)\Common Files\Oracle\Java\java8path;C:\Program Files (x86)\Common Files\Oracle\Java\javapath;C:\Program Files\NVIDIA GPU Computing Toolkit\CUDA\v13.0\bin\x64;C:\Program Files\NVIDIA GPU Computing Toolkit\CUDA\v13.0\bin;C:\WINDOWS\system32;C:\WINDOWS;C:\WINDOWS\System32\Wbem;C:\WINDOWS\System32\WindowsPowerShell\v1.0\;C:\WINDOWS\System32\OpenSSH\;C:\Program Files\NVIDIA Corporation\NVIDIA App\NvDLISR;C:\Program Files (x86)\NVIDIA Corporation\PhysX\Common;C:\Program Files\dotnet\;C:\Program Files\Git\cmd;C:\Program Files\PowerShell\7\;C:\Program Files\Tailscale\;C:\Users\b-qu\AppData\Local\Programs\Python\Python312\Scripts\;C:\Users\b-qu\AppData\Local\Programs\Python\Python312\;C:\Users\b-qu\scoop\apps\git\current\cmd;C:\Users\b-qu\scoop\shim;C:\WINDOWS\system32;C:\WINDOWS;C:\WINDOWS\System32\Wbem;C:\WINDOWS\System32\WindowsPowerShell\v1.0\;C:\WINDOWS\System32\OpenSSH\;C:\Program Files\nodejs\;C:\Program Files\NVIDIA Corporation\Nsight Compute 2025.4.1\;C:\Program Files\Go\bin;C:\Program Files\Microsoft SQL Server\170\Tools\Binn\;C:\Program Files\Microsoft SQL Server\Client SDK\ODBC\170\Tools\Binn\;C:\Program Files (x86)\IncrediBuild;C:\Program Files (x86)\Windows Kits\10\Windows Performance Toolkit\;C:\Users\b-qu\.cargo\bin;C:\Users\b-qu\AppData\Local\Programs\Python\Python312\Scripts\;C:\Users\b-qu\AppData\Local\Programs\Python\Python312\;C:\Users\b-qu\AppData\Local\Programs\Python\Launcher\;C:\Users\b-qu\scoop\apps\git\current\cmd;C:\Users\b-qu\scoop\shims;C:\Users\b-qu\.local\bin;C:\Users\b-qu\AppData\Local\Microsoft\WindowsApps;C:\Users\b-qu\.dotnet\tools;C:\Users\b-qu\AppData\Local\Microsoft\WinGet\Links;C:\cloudflared;;C:\Users\b-qu\AppData\Local\Programs\Ollama;C:\Users\b-qu\AppData\Local\Programs\Microsoft VS Code\bin;C:\Users\b-qu\AppData\Roaming\npm;C:\Users\b-qu\go\bin;D:\Users\b-qu\AppData\Local\Programs\Antigravity\bin
[2026-03-24 11:29:17] ⚠️ Port 3002 is occupied by PID 57004 (node.exe)
[2026-03-24 11:29:18] [CLEAN] Clearing port 3002 for project launch...
[2026-03-24 11:29:18] ⚠️ Port 3002 is occupied by PID 57004 (node.exe)
[2026-03-24 11:29:18] [CLEAN] Clearing port 3002 for project launch...
[2026-03-24 11:29:18] [START] Launching: project:3002 @ 3002
[2026-03-24 11:29:18] [OK] PID 48680 started for project:3002
[2026-03-24 11:29:21] ⚠️ Port 3003 is occupied by PID 21900 (node.exe)
[2026-03-24 11:29:21] [CLEAN] Clearing port 3003 for project launch...
[2026-03-24 11:29:21] ⚠️ Port 3003 is occupied by PID 21900 (node.exe)
[2026-03-24 11:29:21] [CLEAN] Clearing port 3003 for project launch...
[2026-03-24 11:29:21] [START] Launching: project:3003 @ 3003
[2026-03-24 11:29:21] [OK] PID 55624 started for project:3003
[2026-03-24 11:29:24] [RECOVERY] Recovering crashed or new project: project:3008
[2026-03-24 11:29:28] ⚠️ Port 3006 is occupied by PID 58712 (node.exe)
[2026-03-24 11:29:28] [CLEAN] Clearing port 3006 for project launch...
[2026-03-24 11:29:28] ⚠️ Port 3006 is occupied by PID 58712 (node.exe)
[2026-03-24 11:29:29] [CLEAN] Clearing port 3006 for project launch...
[2026-03-24 11:29:29] [START] Launching: project:3006 @ 3006
[2026-03-24 11:29:30] [OK] PID 59920 started for project:3006
[2026-03-24 11:29:33] [START] Launching: project:3008 @ 3008
[2026-03-24 11:29:34] [OK] PID 21216 started for project:3008
[2026-03-24 11:29:36] ⚠️ Port 3004 is occupied by PID 57660 (node.exe)
[2026-03-24 11:29:36] [CLEAN] Clearing port 3004 for project launch...
[2026-03-24 11:29:36] ⚠️ Port 3004 is occupied by PID 57660 (node.exe)
[2026-03-24 11:29:36] [CLEAN] Clearing port 3004 for project launch...
[2026-03-24 11:29:36] [START] Launching: project:3004 @ 3004
[2026-03-24 11:29:36] [OK] PID 42820 started for project:3004
[2026-03-24 11:29:39] ⚠️ Port 3005 is occupied by PID 59688 (node.exe)
[2026-03-24 11:29:39] [CLEAN] Clearing port 3005 for project launch...
[2026-03-24 11:29:39] ⚠️ Port 3005 is occupied by PID 59688 (node.exe)
[2026-03-24 11:29:39] [CLEAN] Clearing port 3005 for project launch...
[2026-03-24 11:29:40] [START] Launching: project:3005 @ 3005
[2026-03-24 11:29:40] [OK] PID 39180 started for project:3005
[2026-03-24 11:29:45] [RECOVERY] Recovering crashed or new project: project:3008
[2026-03-24 11:29:46] [START] Launching: project:3007 @ 3007
[2026-03-24 11:29:47] [OK] PID 52192 started for project:3007
[2026-03-24 11:29:54] [START] Launching: project:3008 @ 3008
[2026-03-24 11:29:55] [OK] PID 14560 started for project:3008
[2026-03-24 11:29:56] [START] Launching: project:3008 @ 3008
[2026-03-24 11:29:56] [OK] PID 40640 started for project:3008
[2026-03-24 11:30:05] [RECOVERY] Recovering crashed or new project: project:3008
[2026-03-24 11:30:10] [START] Launching: project:3008 @ 3008
[2026-03-24 11:30:10] [OK] PID 60332 started for project:3008
[2026-03-24 11:30:20] [RECOVERY] Recovering crashed or new project: project:3008
[2026-03-24 11:30:23] [START] Launching: project:3008 @ 3008
[2026-03-24 11:30:23] [OK] PID 31924 started for project:3008
[2026-03-24 11:30:34] [RECOVERY] Recovering crashed or new project: project:3008
[2026-03-24 11:30:36] [START] Launching: project:3008 @ 3008
[2026-03-24 11:30:36] [OK] PID 59888 started for project:3008
[2026-03-24 11:30:46] [RECOVERY] Recovering crashed or new project: project:3008
[2026-03-24 11:30:50] [START] Launching: project:3008 @ 3008
[2026-03-24 11:30:50] [OK] PID 49036 started for project:3008
[2026-03-24 11:31:00] [RECOVERY] Recovering crashed or new project: project:3008
[2026-03-24 11:31:04] [START] Launching: project:3008 @ 3008
[2026-03-24 11:31:04] [OK] PID 53656 started for project:3008
[2026-03-24 11:31:14] [RECOVERY] Recovering crashed or new project: project:3008
[2026-03-24 11:31:17] [START] Launching: project:3008 @ 3008
[2026-03-24 11:31:17] [OK] PID 57928 started for project:3008
[2026-03-24 11:31:28] [RECOVERY] Recovering crashed or new project: project:3008
[2026-03-24 11:31:31] [START] Launching: project:3008 @ 3008
[2026-03-24 11:31:31] [OK] PID 884 started for project:3008
[2026-03-24 11:34:28] [START] Launching: project:3007 @ 3007
[2026-03-24 11:34:28] [OK] PID 4508 started for project:3007
[2026-03-24 11:34:31] [FUNNEL-HEAL] Funnel DOWN for existing:3001 (port 3001). Re-establishing...
[2026-03-24 11:34:32] [FUNNEL-HEAL] Funnel RESTORED for existing:3001 -> :443
[2026-03-24 11:35:01] [START] Launching: project:3007 @ 3007
[2026-03-24 11:35:01] [OK] PID 23988 started for project:3007
[2026-03-24 11:35:02] [FUNNEL-HEAL] Funnel DOWN for existing:3001 (port 3001). Re-establishing...
[2026-03-24 11:35:03] [FUNNEL-HEAL] Funnel RESTORED for existing:3001 -> :443
[2026-03-24 11:38:04] [RECOVERY] Recovering crashed or new project: project:3002
[2026-03-24 11:38:08] [START] Launching: project:3002 @ 3002
[2026-03-24 11:38:08] [OK] PID 26348 started for project:3002
[2026-03-24 11:38:09] [RECOVERY] Recovering crashed or new project: project:3003
[2026-03-24 11:38:14] [START] Launching: project:3003 @ 3003
[2026-03-24 11:38:15] [OK] PID 59480 started for project:3003
[2026-03-24 11:38:15] [RECOVERY] Recovering crashed or new project: project:3006
[2026-03-24 11:38:20] [START] Launching: project:3006 @ 3006
[2026-03-24 11:38:21] [OK] PID 46780 started for project:3006
[2026-03-24 11:38:21] [RECOVERY] Recovering crashed or new project: project:3004
[2026-03-24 11:38:29] [START] Launching: project:3004 @ 3004
[2026-03-24 11:38:30] [OK] PID 39920 started for project:3004
[2026-03-24 11:38:30] [RECOVERY] Recovering crashed or new project: project:3005
[2026-03-24 11:38:37] [START] Launching: project:3005 @ 3005
[2026-03-24 11:38:37] [OK] PID 21860 started for project:3005
[2026-03-24 11:38:37] [RECOVERY] Recovering crashed or new project: project:3007
[2026-03-24 11:38:38] ⚠️ Port 3007 is occupied by PID 0 (System Idle Process)
[2026-03-24 11:38:38] [CLEAN] Clearing port 3007 for project launch...
[2026-03-24 11:38:46] [START] Launching: project:3007 @ 3007
[2026-03-24 11:38:47] [OK] PID 22316 started for project:3007
[2026-03-24 11:40:03] [START] Performing Magic Startup...
[2026-03-24 11:40:03] Current Base Path: D:\tailscale magic
[2026-03-24 11:40:03] Project Config: D:\tailscale magic\projects.json
[2026-03-24 11:40:03] System PATH: C:\Users\b-qu\AppData\Local\Temp\_MEI363122\pywin32_system32;C:\Program Files\NVIDIA GPU Computing Toolkit\CUDA\v13.1\bin\x64;C:\Program Files\NVIDIA GPU Computing Toolkit\CUDA\v13.1\bin;C:\WINDOWS\system32\image2video\.venv\Scripts;C:\Program Files\Eclipse Adoptium\jdk-21.0.10.7-hotspot\bin;C:\Program Files\Eclipse Adoptium\jdk-8.0.472.8-hotspot\bin;C:\Program Files (x86)\Common Files\Oracle\Java\java8path;C:\Program Files (x86)\Common Files\Oracle\Java\javapath;C:\Program Files\NVIDIA GPU Computing Toolkit\CUDA\v13.0\bin\x64;C:\Program Files\NVIDIA GPU Computing Toolkit\CUDA\v13.0\bin;C:\WINDOWS\system32;C:\WINDOWS;C:\WINDOWS\System32\Wbem;C:\WINDOWS\System32\WindowsPowerShell\v1.0\;C:\WINDOWS\System32\OpenSSH\;C:\Program Files\NVIDIA Corporation\NVIDIA App\NvDLISR;C:\Program Files (x86)\NVIDIA Corporation\PhysX\Common;C:\Program Files\dotnet\;C:\Program Files\Git\cmd;C:\Program Files\PowerShell\7\;C:\Program Files\Tailscale\;C:\Users\b-qu\AppData\Local\Programs\Python\Python312\Scripts\;C:\Users\b-qu\AppData\Local\Programs\Python\Python312\;C:\Users\b-qu\scoop\apps\git\current\cmd;C:\Users\b-qu\scoop\shim;C:\WINDOWS\system32;C:\WINDOWS;C:\WINDOWS\System32\Wbem;C:\WINDOWS\System32\WindowsPowerShell\v1.0\;C:\WINDOWS\System32\OpenSSH\;C:\Program Files\nodejs\;C:\Program Files\NVIDIA Corporation\Nsight Compute 2025.4.1\;C:\Program Files\Go\bin;C:\Program Files\Microsoft SQL Server\170\Tools\Binn\;C:\Program Files\Microsoft SQL Server\Client SDK\ODBC\170\Tools\Binn\;C:\Program Files (x86)\IncrediBuild;C:\Program Files (x86)\Windows Kits\10\Windows Performance Toolkit\;C:\Users\b-qu\.cargo\bin;C:\Users\b-qu\AppData\Local\Programs\Python\Python312\Scripts\;C:\Users\b-qu\AppData\Local\Programs\Python\Python312\;C:\Users\b-qu\AppData\Local\Programs\Python\Launcher\;C:\Users\b-qu\scoop\apps\git\current\cmd;C:\Users\b-qu\scoop\shims;C:\Users\b-qu\.local\bin;C:\Users\b-qu\AppData\Local\Microsoft\WindowsApps;C:\Users\b-qu\.dotnet\tools;C:\Users\b-qu\AppData\Local\Microsoft\WinGet\Links;C:\cloudflared;;C:\Users\b-qu\AppData\Local\Programs\Ollama;C:\Users\b-qu\AppData\Local\Programs\Microsoft VS Code\bin;C:\Users\b-qu\AppData\Roaming\npm;C:\Users\b-qu\go\bin;D:\Users\b-qu\AppData\Local\Programs\Antigravity\bin
[2026-03-24 11:40:06] ⚠️ Port 3002 is occupied by PID 55396 (node.exe)
[2026-03-24 11:40:06] [CLEAN] Clearing port 3002 for project launch...
[2026-03-24 11:40:06] ⚠️ Port 3002 is occupied by PID 55396 (node.exe)
[2026-03-24 11:40:06] [CLEAN] Clearing port 3002 for project launch...
[2026-03-24 11:40:06] [START] Launching: project:3002 @ 3002
[2026-03-24 11:40:06] [OK] PID 41400 started for project:3002
[2026-03-24 11:40:10] ⚠️ Port 3003 is occupied by PID 59636 (node.exe)
[2026-03-24 11:40:10] [CLEAN] Clearing port 3003 for project launch...
[2026-03-24 11:40:10] ⚠️ Port 3003 is occupied by PID 59636 (node.exe)
[2026-03-24 11:40:10] [CLEAN] Clearing port 3003 for project launch...
[2026-03-24 11:40:10] [START] Launching: project:3003 @ 3003
[2026-03-24 11:40:10] [OK] PID 44832 started for project:3003
[2026-03-24 11:40:14] ⚠️ Port 3006 is occupied by PID 50620 (node.exe)
[2026-03-24 11:40:14] [CLEAN] Clearing port 3006 for project launch...
[2026-03-24 11:40:14] ⚠️ Port 3006 is occupied by PID 50620 (node.exe)
[2026-03-24 11:40:14] [CLEAN] Clearing port 3006 for project launch...
[2026-03-24 11:40:14] [START] Launching: project:3006 @ 3006
[2026-03-24 11:40:14] [OK] PID 26928 started for project:3006
[2026-03-24 11:40:18] ⚠️ Port 3004 is occupied by PID 57672 (node.exe)
[2026-03-24 11:40:18] [CLEAN] Clearing port 3004 for project launch...
[2026-03-24 11:40:18] [START] Launching: project:3004 @ 3004
[2026-03-24 11:40:18] [OK] PID 22544 started for project:3004
[2026-03-24 11:40:21] ⚠️ Port 3005 is occupied by PID 54108 (node.exe)
[2026-03-24 11:40:21] [CLEAN] Clearing port 3005 for project launch...
[2026-03-24 11:40:21] ⚠️ Port 3005 is occupied by PID 54108 (node.exe)
[2026-03-24 11:40:21] [CLEAN] Clearing port 3005 for project launch...
[2026-03-24 11:40:21] ⚠️ Port 3005 is occupied by PID 54108 (node.exe)
[2026-03-24 11:40:21] [CLEAN] Clearing port 3005 for project launch...
[2026-03-24 11:40:21] [START] Launching: project:3005 @ 3005
[2026-03-24 11:40:22] [OK] PID 5316 started for project:3005
[2026-03-24 11:40:29] [START] Launching: project:3007 @ 3007
[2026-03-24 11:40:29] [OK] PID 51948 started for project:3007
[2026-03-24 11:40:39] [START] Launching: project:3008 @ 3008
[2026-03-24 11:40:39] [OK] PID 54844 started for project:3008
[2026-03-24 11:40:44] [FUNNEL-HEAL] Funnel DOWN for existing:3001 (port 3001). Re-establishing...
[2026-03-24 11:40:44] [FUNNEL-HEAL] Funnel RESTORED for existing:3001 -> :443
[2026-03-24 11:41:03] [START] Launching: project:3008 @ 3008
[2026-03-24 11:41:03] [OK] PID 48268 started for project:3008
[2026-03-24 11:41:15] [FUNNEL-HEAL] Funnel DOWN for existing:3001 (port 3001). Re-establishing...
[2026-03-24 11:41:15] [FUNNEL-HEAL] Funnel RESTORED for existing:3001 -> :443
[2026-03-24 11:43:26] [RECOVERY] Recovering crashed or new project: project:3002
[2026-03-24 11:43:30] [START] Launching: project:3002 @ 3002
[2026-03-24 11:43:30] [OK] PID 4508 started for project:3002
[2026-03-24 11:43:30] [RECOVERY] Recovering crashed or new project: project:3003
[2026-03-24 11:43:38] [START] Launching: project:3003 @ 3003
[2026-03-24 11:43:39] [OK] PID 24948 started for project:3003
[2026-03-24 11:43:39] [RECOVERY] Recovering crashed or new project: project:3006
[2026-03-24 11:43:46] [START] Launching: project:3006 @ 3006
[2026-03-24 11:43:46] [OK] PID 48344 started for project:3006
[2026-03-24 11:43:46] [RECOVERY] Recovering crashed or new project: project:3004
[2026-03-24 11:43:52] [START] Launching: project:3004 @ 3004
[2026-03-24 11:43:52] [OK] PID 59868 started for project:3004
[2026-03-24 11:43:53] [RECOVERY] Recovering crashed or new project: project:3005
[2026-03-24 11:43:58] [START] Launching: project:3005 @ 3005
[2026-03-24 11:43:59] [OK] PID 15072 started for project:3005
[2026-03-24 11:43:59] [RECOVERY] Recovering crashed or new project: project:3007
[2026-03-24 11:43:59] ⚠️ Port 3007 is occupied by PID 0 (System Idle Process)
[2026-03-24 11:43:59] [CLEAN] Clearing port 3007 for project launch...
[2026-03-24 11:44:04] [START] Launching: project:3007 @ 3007
[2026-03-24 11:44:04] [OK] PID 52048 started for project:3007
[2026-03-24 11:44:04] [RECOVERY] Recovering crashed or new project: project:3008
[2026-03-24 11:44:11] [START] Launching: project:3008 @ 3008
[2026-03-24 11:44:12] [OK] PID 56500 started for project:3008
[2026-03-24 11:45:28] [START] Performing Magic Startup...
[2026-03-24 11:45:28] Current Base Path: D:\tailscale magic
[2026-03-24 11:45:28] Project Config: D:\tailscale magic\projects.json
[2026-03-24 11:45:28] System PATH: C:\Users\b-qu\AppData\Local\Temp\_MEI118402\pywin32_system32;C:\Program Files\NVIDIA GPU Computing Toolkit\CUDA\v13.1\bin\x64;C:\Program Files\NVIDIA GPU Computing Toolkit\CUDA\v13.1\bin;C:\WINDOWS\system32\image2video\.venv\Scripts;C:\Program Files\Eclipse Adoptium\jdk-21.0.10.7-hotspot\bin;C:\Program Files\Eclipse Adoptium\jdk-8.0.472.8-hotspot\bin;C:\Program Files (x86)\Common Files\Oracle\Java\java8path;C:\Program Files (x86)\Common Files\Oracle\Java\javapath;C:\Program Files\NVIDIA GPU Computing Toolkit\CUDA\v13.0\bin\x64;C:\Program Files\NVIDIA GPU Computing Toolkit\CUDA\v13.0\bin;C:\WINDOWS\system32;C:\WINDOWS;C:\WINDOWS\System32\Wbem;C:\WINDOWS\System32\WindowsPowerShell\v1.0\;C:\WINDOWS\System32\OpenSSH\;C:\Program Files\NVIDIA Corporation\NVIDIA App\NvDLISR;C:\Program Files (x86)\NVIDIA Corporation\PhysX\Common;C:\Program Files\dotnet\;C:\Program Files\Git\cmd;C:\Program Files\PowerShell\7\;C:\Program Files\Tailscale\;C:\Users\b-qu\AppData\Local\Programs\Python\Python312\Scripts\;C:\Users\b-qu\AppData\Local\Programs\Python\Python312\;C:\Users\b-qu\scoop\apps\git\current\cmd;C:\Users\b-qu\scoop\shim;C:\WINDOWS\system32;C:\WINDOWS;C:\WINDOWS\System32\Wbem;C:\WINDOWS\System32\WindowsPowerShell\v1.0\;C:\WINDOWS\System32\OpenSSH\;C:\Program Files\nodejs\;C:\Program Files\NVIDIA Corporation\Nsight Compute 2025.4.1\;C:\Program Files\Go\bin;C:\Program Files\Microsoft SQL Server\170\Tools\Binn\;C:\Program Files\Microsoft SQL Server\Client SDK\ODBC\170\Tools\Binn\;C:\Program Files (x86)\IncrediBuild;C:\Program Files (x86)\Windows Kits\10\Windows Performance Toolkit\;C:\Users\b-qu\.cargo\bin;C:\Users\b-qu\AppData\Local\Programs\Python\Python312\Scripts\;C:\Users\b-qu\AppData\Local\Programs\Python\Python312\;C:\Users\b-qu\AppData\Local\Programs\Python\Launcher\;C:\Users\b-qu\scoop\apps\git\current\cmd;C:\Users\b-qu\scoop\shims;C:\Users\b-qu\.local\bin;C:\Users\b-qu\AppData\Local\Microsoft\WindowsApps;C:\Users\b-qu\.dotnet\tools;C:\Users\b-qu\AppData\Local\Microsoft\WinGet\Links;C:\cloudflared;;C:\Users\b-qu\AppData\Local\Programs\Ollama;C:\Users\b-qu\AppData\Local\Programs\Microsoft VS Code\bin;C:\Users\b-qu\AppData\Roaming\npm;C:\Users\b-qu\go\bin;D:\Users\b-qu\AppData\Local\Programs\Antigravity\bin
[2026-03-24 11:45:31] ⚠️ Port 3002 is occupied by PID 38924 (node.exe)
[2026-03-24 11:45:31] [CLEAN] Clearing port 3002 for project launch...
[2026-03-24 11:45:31] ⚠️ Port 3002 is occupied by PID 38924 (node.exe)
[2026-03-24 11:45:31] [CLEAN] Clearing port 3002 for project launch...
[2026-03-24 11:45:32] [START] Launching: project:3002 @ 3002
[2026-03-24 11:45:32] [OK] PID 7784 started for project:3002
[2026-03-24 11:45:35] ⚠️ Port 3003 is occupied by PID 25520 (node.exe)
[2026-03-24 11:45:35] [CLEAN] Clearing port 3003 for project launch...
[2026-03-24 11:45:35] ⚠️ Port 3003 is occupied by PID 25520 (node.exe)
[2026-03-24 11:45:35] [CLEAN] Clearing port 3003 for project launch...
[2026-03-24 11:45:35] [START] Launching: project:3003 @ 3003
[2026-03-24 11:45:35] [OK] PID 6280 started for project:3003
[2026-03-24 11:45:39] [RECOVERY] Recovering crashed or new project: project:3008
[2026-03-24 11:45:41] ⚠️ Port 3006 is occupied by PID 58172 (node.exe)
[2026-03-24 11:45:41] [CLEAN] Clearing port 3006 for project launch...
[2026-03-24 11:45:41] ⚠️ Port 3006 is occupied by PID 58172 (node.exe)
[2026-03-24 11:45:41] [CLEAN] Clearing port 3006 for project launch...
[2026-03-24 11:45:41] [START] Launching: project:3006 @ 3006
[2026-03-24 11:45:42] [OK] PID 47920 started for project:3006
[2026-03-24 11:45:45] [START] Launching: project:3008 @ 3008
[2026-03-24 11:45:45] [OK] PID 30584 started for project:3008
[2026-03-24 11:45:47] ⚠️ Port 3004 is occupied by PID 51504 (node.exe)
[2026-03-24 11:45:47] [CLEAN] Clearing port 3004 for project launch...
[2026-03-24 11:45:47] ⚠️ Port 3004 is occupied by PID 51504 (node.exe)
[2026-03-24 11:45:47] [CLEAN] Clearing port 3004 for project launch...
[2026-03-24 11:45:47] [START] Launching: project:3004 @ 3004
[2026-03-24 11:45:47] [OK] PID 38156 started for project:3004
[2026-03-24 11:45:52] ⚠️ Port 3005 is occupied by PID 57260 (node.exe)
[2026-03-24 11:45:52] [CLEAN] Clearing port 3005 for project launch...
[2026-03-24 11:45:52] ⚠️ Port 3005 is occupied by PID 57260 (node.exe)
[2026-03-24 11:45:53] [CLEAN] Clearing port 3005 for project launch...
[2026-03-24 11:45:53] [START] Launching: project:3005 @ 3005
[2026-03-24 11:45:53] [OK] PID 60096 started for project:3005
[2026-03-24 11:45:59] [START] Launching: project:3007 @ 3007
[2026-03-24 11:45:59] [OK] PID 22732 started for project:3007
[2026-03-24 11:46:06] ⚠️ Port 3008 is occupied by PID 40792 (node.exe)
[2026-03-24 11:46:06] [CLEAN] Clearing port 3008 for project launch...
[2026-03-24 11:46:06] ⚠️ Port 3008 is occupied by PID 40792 (node.exe)
[2026-03-24 11:46:06] [CLEAN] Clearing port 3008 for project launch...
[2026-03-24 11:46:07] [START] Launching: project:3008 @ 3008
[2026-03-24 11:46:08] [OK] PID 24664 started for project:3008
[2026-03-24 11:52:47] [START] Performing Magic Startup...
[2026-03-24 11:52:47] Current Base Path: D:\tailscale magic
[2026-03-24 11:52:47] Project Config: D:\tailscale magic\projects.json
[2026-03-24 11:52:47] System PATH: C:\Users\b-qu\AppData\Local\Temp\_MEI531802\pywin32_system32;C:\Program Files\NVIDIA GPU Computing Toolkit\CUDA\v13.1\bin\x64;C:\Program Files\NVIDIA GPU Computing Toolkit\CUDA\v13.1\bin;C:\WINDOWS\system32\image2video\.venv\Scripts;C:\Program Files\Eclipse Adoptium\jdk-21.0.10.7-hotspot\bin;C:\Program Files\Eclipse Adoptium\jdk-8.0.472.8-hotspot\bin;C:\Program Files (x86)\Common Files\Oracle\Java\java8path;C:\Program Files (x86)\Common Files\Oracle\Java\javapath;C:\Program Files\NVIDIA GPU Computing Toolkit\CUDA\v13.0\bin\x64;C:\Program Files\NVIDIA GPU Computing Toolkit\CUDA\v13.0\bin;C:\WINDOWS\system32;C:\WINDOWS;C:\WINDOWS\System32\Wbem;C:\WINDOWS\System32\WindowsPowerShell\v1.0\;C:\WINDOWS\System32\OpenSSH\;C:\Program Files\NVIDIA Corporation\NVIDIA App\NvDLISR;C:\Program Files (x86)\NVIDIA Corporation\PhysX\Common;C:\Program Files\dotnet\;C:\Program Files\Git\cmd;C:\Program Files\PowerShell\7\;C:\Program Files\Tailscale\;C:\Users\b-qu\AppData\Local\Programs\Python\Python312\Scripts\;C:\Users\b-qu\AppData\Local\Programs\Python\Python312\;C:\Users\b-qu\scoop\apps\git\current\cmd;C:\Users\b-qu\scoop\shim;C:\WINDOWS\system32;C:\WINDOWS;C:\WINDOWS\System32\Wbem;C:\WINDOWS\System32\WindowsPowerShell\v1.0\;C:\WINDOWS\System32\OpenSSH\;C:\Program Files\nodejs\;C:\Program Files\NVIDIA Corporation\Nsight Compute 2025.4.1\;C:\Program Files\Go\bin;C:\Program Files\Microsoft SQL Server\170\Tools\Binn\;C:\Program Files\Microsoft SQL Server\Client SDK\ODBC\170\Tools\Binn\;C:\Program Files (x86)\IncrediBuild;C:\Program Files (x86)\Windows Kits\10\Windows Performance Toolkit\;C:\Users\b-qu\.cargo\bin;C:\Users\b-qu\AppData\Local\Programs\Python\Python312\Scripts\;C:\Users\b-qu\AppData\Local\Programs\Python\Python312\;C:\Users\b-qu\AppData\Local\Programs\Python\Launcher\;C:\Users\b-qu\scoop\apps\git\current\cmd;C:\Users\b-qu\scoop\shims;C:\Users\b-qu\.local\bin;C:\Users\b-qu\AppData\Local\Microsoft\WindowsApps;C:\Users\b-qu\.dotnet\tools;C:\Users\b-qu\AppData\Local\Microsoft\WinGet\Links;C:\cloudflared;;C:\Users\b-qu\AppData\Local\Programs\Ollama;C:\Users\b-qu\AppData\Local\Programs\Microsoft VS Code\bin;C:\Users\b-qu\AppData\Roaming\npm;C:\Users\b-qu\go\bin;D:\Users\b-qu\AppData\Local\Programs\Antigravity\bin
[2026-03-24 11:52:47] ⚠️ Port 3002 is occupied by PID 0 (System Idle Process)
[2026-03-24 11:52:47] [CLEAN] Clearing port 3002 for project launch...
[2026-03-24 11:52:50] ⚠️ Port 3002 is occupied by PID 17868 (node.exe)
[2026-03-24 11:52:50] [CLEAN] Clearing port 3002 for project launch...
[2026-03-24 11:52:50] ⚠️ Port 3002 is occupied by PID 17868 (node.exe)
[2026-03-24 11:52:50] [CLEAN] Clearing port 3002 for project launch...
[2026-03-24 11:52:51] [START] Launching: project:3002 @ 3002
[2026-03-24 11:52:51] [OK] PID 23040 started for project:3002
[2026-03-24 11:52:51] ⚠️ Port 3003 is occupied by PID 0 (System Idle Process)
[2026-03-24 11:52:51] [CLEAN] Clearing port 3003 for project launch...
[2026-03-24 11:52:54] ⚠️ Port 3003 is occupied by PID 10520 (node.exe)
[2026-03-24 11:52:54] [CLEAN] Clearing port 3003 for project launch...
[2026-03-24 11:52:54] ⚠️ Port 3003 is occupied by PID 10520 (node.exe)
[2026-03-24 11:52:54] [CLEAN] Clearing port 3003 for project launch...
[2026-03-24 11:52:55] [START] Launching: project:3003 @ 3003
[2026-03-24 11:52:55] [OK] PID 53048 started for project:3003
[2026-03-24 11:52:55] ⚠️ Port 3006 is occupied by PID 0 (System Idle Process)
[2026-03-24 11:52:55] [CLEAN] Clearing port 3006 for project launch...
[2026-03-24 11:53:00] ⚠️ Port 3006 is occupied by PID 28324 (node.exe)
[2026-03-24 11:53:00] [CLEAN] Clearing port 3006 for project launch...
[2026-03-24 11:53:00] ⚠️ Port 3006 is occupied by PID 28324 (node.exe)
[2026-03-24 11:53:00] [CLEAN] Clearing port 3006 for project launch...
[2026-03-24 11:53:00] [START] Launching: project:3006 @ 3006
[2026-03-24 11:53:00] [OK] PID 50636 started for project:3006
[2026-03-24 11:53:00] ⚠️ Port 3004 is occupied by PID 0 (System Idle Process)
[2026-03-24 11:53:00] [CLEAN] Clearing port 3004 for project launch...
[2026-03-24 11:53:05] ⚠️ Port 3004 is occupied by PID 40200 (node.exe)
[2026-03-24 11:53:05] [CLEAN] Clearing port 3004 for project launch...
[2026-03-24 11:53:05] [START] Launching: project:3004 @ 3004
[2026-03-24 11:53:05] [OK] PID 26324 started for project:3004
[2026-03-24 11:53:05] ⚠️ Port 3005 is occupied by PID 0 (System Idle Process)
[2026-03-24 11:53:05] [CLEAN] Clearing port 3005 for project launch...
[2026-03-24 11:53:12] ⚠️ Port 3005 is occupied by PID 50732 (node.exe)
[2026-03-24 11:53:12] [CLEAN] Clearing port 3005 for project launch...
[2026-03-24 11:53:12] ⚠️ Port 3005 is occupied by PID 50732 (node.exe)
[2026-03-24 11:53:13] [CLEAN] Clearing port 3005 for project launch...
[2026-03-24 11:53:13] [START] Launching: project:3005 @ 3005
[2026-03-24 11:53:14] [OK] PID 57228 started for project:3005
[2026-03-24 11:53:14] ⚠️ Port 3007 is occupied by PID 0 (System Idle Process)
[2026-03-24 11:53:14] [CLEAN] Clearing port 3007 for project launch...
[2026-03-24 11:53:20] ⚠️ Port 3007 is occupied by PID 41992 (node.exe)
[2026-03-24 11:53:20] [CLEAN] Clearing port 3007 for project launch...
[2026-03-24 11:53:20] ⚠️ Port 3007 is occupied by PID 41992 (node.exe)
[2026-03-24 11:53:20] [CLEAN] Clearing port 3007 for project launch...
[2026-03-24 11:53:20] ⚠️ Port 3007 is occupied by PID 41992 (node.exe)
[2026-03-24 11:53:20] [CLEAN] Clearing port 3007 for project launch...
[2026-03-24 11:53:21] [START] Launching: project:3007 @ 3007
[2026-03-24 11:53:21] [OK] PID 57312 started for project:3007
[2026-03-24 11:53:21] ⚠️ Port 3008 is occupied by PID 0 (System Idle Process)
[2026-03-24 11:53:21] [CLEAN] Clearing port 3008 for project launch...
[2026-03-24 11:53:27] ⚠️ Port 3008 is occupied by PID 24592 (node.exe)
[2026-03-24 11:53:27] [CLEAN] Clearing port 3008 for project launch...
[2026-03-24 11:53:27] ⚠️ Port 3008 is occupied by PID 24592 (node.exe)
[2026-03-24 11:53:27] [CLEAN] Clearing port 3008 for project launch...
[2026-03-24 11:53:27] [START] Launching: project:3008 @ 3008
[2026-03-24 11:53:27] [OK] PID 53004 started for project:3008
[2026-03-24 12:17:49] [RECOVERY] Recovering crashed or new project: project:3002
[2026-03-24 12:17:59] [START] Launching: project:3002 @ 3002
[2026-03-24 12:17:59] [OK] PID 47228 started for project:3002
[2026-03-24 12:20:04] [START] Performing Magic Startup...
[2026-03-24 12:20:04] Current Base Path: D:\tailscale magic
[2026-03-24 12:20:04] Project Config: D:\tailscale magic\projects.json
[2026-03-24 12:20:04] System PATH: C:\Users\b-qu\AppData\Local\Temp\_MEI476842\pywin32_system32;C:\Program Files\NVIDIA GPU Computing Toolkit\CUDA\v13.1\bin\x64;C:\Program Files\NVIDIA GPU Computing Toolkit\CUDA\v13.1\bin;C:\WINDOWS\system32\image2video\.venv\Scripts;C:\Program Files\Eclipse Adoptium\jdk-21.0.10.7-hotspot\bin;C:\Program Files\Eclipse Adoptium\jdk-8.0.472.8-hotspot\bin;C:\Program Files (x86)\Common Files\Oracle\Java\java8path;C:\Program Files (x86)\Common Files\Oracle\Java\javapath;C:\Program Files\NVIDIA GPU Computing Toolkit\CUDA\v13.0\bin\x64;C:\Program Files\NVIDIA GPU Computing Toolkit\CUDA\v13.0\bin;C:\WINDOWS\system32;C:\WINDOWS;C:\WINDOWS\System32\Wbem;C:\WINDOWS\System32\WindowsPowerShell\v1.0\;C:\WINDOWS\System32\OpenSSH\;C:\Program Files\NVIDIA Corporation\NVIDIA App\NvDLISR;C:\Program Files (x86)\NVIDIA Corporation\PhysX\Common;C:\Program Files\dotnet\;C:\Program Files\Git\cmd;C:\Program Files\PowerShell\7\;C:\Program Files\Tailscale\;C:\Users\b-qu\AppData\Local\Programs\Python\Python312\Scripts\;C:\Users\b-qu\AppData\Local\Programs\Python\Python312\;C:\Users\b-qu\scoop\apps\git\current\cmd;C:\Users\b-qu\scoop\shim;C:\WINDOWS\system32;C:\WINDOWS;C:\WINDOWS\System32\Wbem;C:\WINDOWS\System32\WindowsPowerShell\v1.0\;C:\WINDOWS\System32\OpenSSH\;C:\Program Files\nodejs\;C:\Program Files\NVIDIA Corporation\Nsight Compute 2025.4.1\;C:\Program Files\Go\bin;C:\Program Files\Microsoft SQL Server\170\Tools\Binn\;C:\Program Files\Microsoft SQL Server\Client SDK\ODBC\170\Tools\Binn\;C:\Program Files (x86)\IncrediBuild;C:\Program Files (x86)\Windows Kits\10\Windows Performance Toolkit\;C:\Users\b-qu\.cargo\bin;C:\Users\b-qu\AppData\Local\Programs\Python\Python312\Scripts\;C:\Users\b-qu\AppData\Local\Programs\Python\Python312\;C:\Users\b-qu\AppData\Local\Programs\Python\Launcher\;C:\Users\b-qu\scoop\apps\git\current\cmd;C:\Users\b-qu\scoop\shims;C:\Users\b-qu\.local\bin;C:\Users\b-qu\AppData\Local\Microsoft\WindowsApps;C:\Users\b-qu\.dotnet\tools;C:\Users\b-qu\AppData\Local\Microsoft\WinGet\Links;C:\cloudflared;;C:\Users\b-qu\AppData\Local\Programs\Ollama;C:\Users\b-qu\AppData\Local\Programs\Microsoft VS Code\bin;C:\Users\b-qu\AppData\Roaming\npm;C:\Users\b-qu\go\bin;D:\Users\b-qu\AppData\Local\Programs\Antigravity\bin
[2026-03-24 12:20:07] [START] Launching: project:3002 @ 3002
[2026-03-24 12:20:07] [OK] PID 43928 started for project:3002
[2026-03-24 12:20:10] [START] Launching: project:3003 @ 3003
[2026-03-24 12:20:10] [OK] PID 59740 started for project:3003
[2026-03-24 12:20:14] [START] Launching: project:3006 @ 3006
[2026-03-24 12:20:14] [OK] PID 20268 started for project:3006
[2026-03-24 12:20:15] [RECOVERY] Recovering crashed or new project: project:3004
[2026-03-24 12:20:21] [START] Launching: project:3004 @ 3004
[2026-03-24 12:20:21] [OK] PID 56856 started for project:3004
[2026-03-24 12:20:22] [START] Launching: project:3004 @ 3004
[2026-03-24 12:20:22] [OK] PID 52996 started for project:3004
[2026-03-24 12:20:22] [RECOVERY] Recovering crashed or new project: project:3005
[2026-03-24 12:20:28] [START] Launching: project:3005 @ 3005
[2026-03-24 12:20:29] [OK] PID 51616 started for project:3005
[2026-03-24 12:20:29] [START] Launching: project:3005 @ 3005
[2026-03-24 12:20:30] [OK] PID 37316 started for project:3005
[2026-03-24 12:20:30] [RECOVERY] Recovering crashed or new project: project:3007
[2026-03-24 12:20:35] [START] Launching: project:3007 @ 3007
[2026-03-24 12:20:36] [OK] PID 53216 started for project:3007
[2026-03-24 12:20:36] ⚠️ Port 3008 is occupied by PID 0 (System Idle Process)
[2026-03-24 12:20:36] [CLEAN] Clearing port 3008 for project launch...
[2026-03-24 12:20:37] [START] Launching: project:3007 @ 3007
[2026-03-24 12:20:38] [OK] PID 53316 started for project:3007
[2026-03-24 12:20:38] [RECOVERY] Recovering crashed or new project: project:3008
[2026-03-24 12:20:39] ⚠️ Port 3008 is occupied by PID 0 (System Idle Process)
[2026-03-24 12:20:39] [CLEAN] Clearing port 3008 for project launch...
[2026-03-24 12:20:45] [START] Launching: project:3008 @ 3008
[2026-03-24 12:20:46] [OK] PID 54796 started for project:3008
[2026-03-24 12:20:48] [START] Launching: project:3008 @ 3008
[2026-03-24 12:20:48] [OK] PID 33448 started for project:3008
[2026-03-24 12:21:10] [RECOVERY] Recovering crashed or new project: project:3007
[2026-03-24 12:21:10] ⚠️ Port 3007 is occupied by PID 0 (System Idle Process)
[2026-03-24 12:21:10] [CLEAN] Clearing port 3007 for project launch...
[2026-03-24 12:21:17] ⚠️ Port 3007 is occupied by PID 48968 (node.exe)
[2026-03-24 12:21:17] [CLEAN] Clearing port 3007 for project launch...
[2026-03-24 12:21:17] ⚠️ Port 3007 is occupied by PID 48968 (node.exe)
[2026-03-24 12:21:17] [CLEAN] Clearing port 3007 for project launch...
[2026-03-24 12:21:17] ⚠️ Port 3007 is occupied by PID 48968 (node.exe)
[2026-03-24 12:21:17] [CLEAN] Clearing port 3007 for project launch...
[2026-03-24 12:21:17] ⚠️ Port 3007 is occupied by PID 48968 (node.exe)
[2026-03-24 12:21:17] [CLEAN] Clearing port 3007 for project launch...
[2026-03-24 12:21:17] [START] Launching: project:3007 @ 3007
[2026-03-24 12:21:17] [OK] PID 34520 started for project:3007
[2026-03-24 12:21:27] [RECOVERY] Recovering crashed or new project: project:3008
[2026-03-24 12:21:27] ⚠️ Port 3008 is occupied by PID 0 (System Idle Process)
[2026-03-24 12:21:28] [CLEAN] Clearing port 3008 for project launch...
[2026-03-24 12:21:31] ⚠️ Port 3008 is occupied by PID 41068 (node.exe)
[2026-03-24 12:21:31] [CLEAN] Clearing port 3008 for project launch...
[2026-03-24 12:21:31] ⚠️ Port 3008 is occupied by PID 41068 (node.exe)
[2026-03-24 12:21:31] [CLEAN] Clearing port 3008 for project launch...
[2026-03-24 12:21:31] ⚠️ Port 3008 is occupied by PID 41068 (node.exe)
[2026-03-24 12:21:31] [CLEAN] Clearing port 3008 for project launch...
[2026-03-24 12:21:31] ⚠️ Port 3008 is occupied by PID 41068 (node.exe)
[2026-03-24 12:21:31] [CLEAN] Clearing port 3008 for project launch...
[2026-03-24 12:21:31] [START] Launching: project:3008 @ 3008
[2026-03-24 12:21:31] [OK] PID 59284 started for project:3008
[2026-03-24 12:35:54] [RECOVERY] Recovering crashed or new project: project:3002
[2026-03-24 12:35:57] [START] Launching: project:3002 @ 3002
[2026-03-24 12:35:58] [OK] PID 56976 started for project:3002
[2026-03-24 12:35:58] [RECOVERY] Recovering crashed or new project: project:3003
[2026-03-24 12:36:01] [START] Launching: project:3003 @ 3003
[2026-03-24 12:36:01] [OK] PID 43280 started for project:3003
[2026-03-24 12:36:01] [RECOVERY] Recovering crashed or new project: project:3006
[2026-03-24 12:36:05] [START] Launching: project:3006 @ 3006
[2026-03-24 12:36:05] [OK] PID 57124 started for project:3006
[2026-03-24 12:36:05] [RECOVERY] Recovering crashed or new project: project:3004
[2026-03-24 12:36:10] [START] Launching: project:3004 @ 3004
[2026-03-24 12:36:10] [OK] PID 20676 started for project:3004
[2026-03-24 12:36:10] [RECOVERY] Recovering crashed or new project: project:3005
[2026-03-24 12:36:14] [START] Launching: project:3005 @ 3005
[2026-03-24 12:36:14] [OK] PID 36828 started for project:3005
[2026-03-24 12:36:14] [RECOVERY] Recovering crashed or new project: project:3007
[2026-03-24 12:36:17] [START] Launching: project:3007 @ 3007
[2026-03-24 12:36:18] [OK] PID 59312 started for project:3007
[2026-03-24 12:36:18] [RECOVERY] Recovering crashed or new project: project:3008
[2026-03-24 12:36:21] [START] Launching: project:3008 @ 3008
[2026-03-24 12:36:21] [OK] PID 43560 started for project:3008
[2026-03-24 12:53:55] [RECOVERY] Recovering crashed or new project: project:3002
[2026-03-24 12:53:58] [START] Launching: project:3002 @ 3002
[2026-03-24 12:53:58] [OK] PID 18576 started for project:3002
[2026-03-24 12:53:59] [RECOVERY] Recovering crashed or new project: project:3003
[2026-03-24 12:54:01] [START] Launching: project:3003 @ 3003
[2026-03-24 12:54:01] [OK] PID 22716 started for project:3003
[2026-03-24 12:54:01] [RECOVERY] Recovering crashed or new project: project:3006
[2026-03-24 12:54:05] [START] Launching: project:3006 @ 3006
[2026-03-24 12:54:05] [OK] PID 36168 started for project:3006
[2026-03-24 12:54:05] [RECOVERY] Recovering crashed or new project: project:3004
[2026-03-24 12:54:09] [START] Launching: project:3004 @ 3004
[2026-03-24 12:54:09] [OK] PID 20928 started for project:3004
[2026-03-24 12:54:09] [RECOVERY] Recovering crashed or new project: project:3005
[2026-03-24 12:54:13] [START] Launching: project:3005 @ 3005
[2026-03-24 12:54:13] [OK] PID 18556 started for project:3005
[2026-03-24 12:54:13] [RECOVERY] Recovering crashed or new project: project:3007
[2026-03-24 12:54:16] [START] Launching: project:3007 @ 3007
[2026-03-24 12:54:16] [OK] PID 57648 started for project:3007
[2026-03-24 12:54:16] [RECOVERY] Recovering crashed or new project: project:3008
[2026-03-24 12:54:20] [START] Launching: project:3008 @ 3008
[2026-03-24 12:54:20] [OK] PID 4696 started for project:3008
[2026-03-24 13:00:01] [RECOVERY] Recovering crashed or new project: project:3002
[2026-03-24 13:00:05] [START] Launching: project:3002 @ 3002
[2026-03-24 13:00:05] [OK] PID 17240 started for project:3002
[2026-03-24 13:00:05] [RECOVERY] Recovering crashed or new project: project:3003
[2026-03-24 13:00:09] [START] Launching: project:3003 @ 3003
[2026-03-24 13:00:09] [OK] PID 53288 started for project:3003
[2026-03-24 13:00:09] [RECOVERY] Recovering crashed or new project: project:3006
[2026-03-24 13:00:12] [START] Launching: project:3006 @ 3006
[2026-03-24 13:00:12] [OK] PID 48632 started for project:3006
[2026-03-24 13:00:12] [RECOVERY] Recovering crashed or new project: project:3004
[2026-03-24 13:00:17] [START] Launching: project:3004 @ 3004
[2026-03-24 13:00:17] [OK] PID 38388 started for project:3004
[2026-03-24 13:00:18] [RECOVERY] Recovering crashed or new project: project:3005
[2026-03-24 13:00:22] [START] Launching: project:3005 @ 3005
[2026-03-24 13:00:23] [OK] PID 55440 started for project:3005
[2026-03-24 13:00:23] [RECOVERY] Recovering crashed or new project: project:3007
[2026-03-24 13:00:27] [START] Launching: project:3007 @ 3007
[2026-03-24 13:00:27] [OK] PID 59520 started for project:3007
[2026-03-24 13:00:27] [RECOVERY] Recovering crashed or new project: project:3008
[2026-03-24 13:00:31] [START] Launching: project:3008 @ 3008
[2026-03-24 13:00:31] [OK] PID 52772 started for project:3008
[2026-03-24 19:06:40] [RECOVERY] Recovering crashed or new project: project:3002
[2026-03-24 19:06:45] [START] Launching: project:3002 @ 3002
[2026-03-24 19:06:45] [OK] PID 38168 started for project:3002
[2026-03-24 19:06:45] [RECOVERY] Recovering crashed or new project: project:3003
[2026-03-24 19:06:45] ⚠️ Port 3003 is occupied by PID 0 (System Idle Process)
[2026-03-24 19:06:45] [CLEAN] Clearing port 3003 for project launch...
[2026-03-24 19:06:49] [START] Launching: project:3003 @ 3003
[2026-03-24 19:06:49] [OK] PID 42292 started for project:3003
[2026-03-24 19:06:49] [RECOVERY] Recovering crashed or new project: project:3006
[2026-03-24 19:06:53] [START] Launching: project:3006 @ 3006
[2026-03-24 19:06:53] [OK] PID 54096 started for project:3006
[2026-03-24 19:06:54] [RECOVERY] Recovering crashed or new project: project:3004
[2026-03-24 19:06:59] [START] Launching: project:3004 @ 3004
[2026-03-24 19:06:59] [OK] PID 55192 started for project:3004
[2026-03-24 19:06:59] [RECOVERY] Recovering crashed or new project: project:3005
[2026-03-24 19:06:59] ⚠️ Port 3005 is occupied by PID 0 (System Idle Process)
[2026-03-24 19:06:59] [CLEAN] Clearing port 3005 for project launch...
[2026-03-24 19:07:02] [START] Launching: project:3005 @ 3005
[2026-03-24 19:07:03] [OK] PID 6312 started for project:3005
[2026-03-24 19:07:03] [RECOVERY] Recovering crashed or new project: project:3007
[2026-03-24 19:07:03] ⚠️ Port 3007 is occupied by PID 0 (System Idle Process)
[2026-03-24 19:07:03] [CLEAN] Clearing port 3007 for project launch...
[2026-03-24 19:07:06] [START] Launching: project:3007 @ 3007
[2026-03-24 19:07:06] [OK] PID 61412 started for project:3007
[2026-03-24 19:07:06] [RECOVERY] Recovering crashed or new project: project:3008
[2026-03-24 19:07:06] ⚠️ Port 3008 is occupied by PID 0 (System Idle Process)
[2026-03-24 19:07:06] [CLEAN] Clearing port 3008 for project launch...
[2026-03-24 19:07:10] ⚠️ Port 3008 is occupied by PID 61396 (node.exe)
[2026-03-24 19:07:10] [CLEAN] Clearing port 3008 for project launch...
[2026-03-24 19:07:10] ⚠️ Port 3008 is occupied by PID 61396 (node.exe)
[2026-03-24 19:07:10] [CLEAN] Clearing port 3008 for project launch...
[2026-03-24 19:07:10] [START] Launching: project:3008 @ 3008
[2026-03-24 19:07:10] [OK] PID 27544 started for project:3008
[2026-03-24 19:15:53] [RECOVERY] Recovering crashed or new project: project:3002
[2026-03-24 19:15:56] [START] Launching: project:3002 @ 3002
[2026-03-24 19:15:56] [OK] PID 25260 started for project:3002
[2026-03-24 19:15:56] [RECOVERY] Recovering crashed or new project: project:3003
[2026-03-24 19:15:56] ⚠️ Port 3003 is occupied by PID 0 (System Idle Process)
[2026-03-24 19:15:56] [CLEAN] Clearing port 3003 for project launch...
[2026-03-24 19:16:01] [START] Launching: project:3003 @ 3003
[2026-03-24 19:16:01] [OK] PID 46096 started for project:3003
[2026-03-24 19:16:01] [RECOVERY] Recovering crashed or new project: project:3006
[2026-03-24 19:16:06] [START] Launching: project:3006 @ 3006
[2026-03-24 19:16:06] [OK] PID 58900 started for project:3006
[2026-03-24 19:16:06] [RECOVERY] Recovering crashed or new project: project:3004
[2026-03-24 19:16:12] [START] Launching: project:3004 @ 3004
[2026-03-24 19:16:12] [OK] PID 25892 started for project:3004
[2026-03-24 19:16:13] [RECOVERY] Recovering crashed or new project: project:3005
[2026-03-24 19:16:13] ⚠️ Port 3005 is occupied by PID 0 (System Idle Process)
[2026-03-24 19:16:13] [CLEAN] Clearing port 3005 for project launch...
[2026-03-24 19:16:16] [START] Launching: project:3005 @ 3005
[2026-03-24 19:16:16] [OK] PID 55884 started for project:3005
[2026-03-24 19:16:16] [RECOVERY] Recovering crashed or new project: project:3007
[2026-03-24 19:16:16] ⚠️ Port 3007 is occupied by PID 0 (System Idle Process)
[2026-03-24 19:16:16] [CLEAN] Clearing port 3007 for project launch...
[2026-03-24 19:16:20] [START] Launching: project:3007 @ 3007
[2026-03-24 19:16:20] [OK] PID 41340 started for project:3007
[2026-03-24 19:16:20] [RECOVERY] Recovering crashed or new project: project:3008
[2026-03-24 19:16:26] ⚠️ Port 3008 is occupied by PID 60912 (node.exe)
[2026-03-24 19:16:26] [CLEAN] Clearing port 3008 for project launch...
[2026-03-24 19:16:26] ⚠️ Port 3008 is occupied by PID 60912 (node.exe)
[2026-03-24 19:16:26] [CLEAN] Clearing port 3008 for project launch...
[2026-03-24 19:16:26] [START] Launching: project:3008 @ 3008
[2026-03-24 19:16:26] [OK] PID 28236 started for project:3008
[2026-03-24 19:22:18] [RECOVERY] Recovering crashed or new project: project:3002
[2026-03-24 19:22:21] [START] Launching: project:3002 @ 3002
[2026-03-24 19:22:21] [OK] PID 61668 started for project:3002
[2026-03-24 19:22:21] [RECOVERY] Recovering crashed or new project: project:3003
[2026-03-24 19:22:25] [START] Launching: project:3003 @ 3003
[2026-03-24 19:22:25] [OK] PID 54616 started for project:3003
[2026-03-24 19:22:25] [RECOVERY] Recovering crashed or new project: project:3006
[2026-03-24 19:22:30] [START] Launching: project:3006 @ 3006
[2026-03-24 19:22:30] [OK] PID 57928 started for project:3006
[2026-03-24 19:22:30] [RECOVERY] Recovering crashed or new project: project:3004
[2026-03-24 19:22:35] [START] Launching: project:3004 @ 3004
[2026-03-24 19:22:35] [OK] PID 35696 started for project:3004
[2026-03-24 19:22:35] [RECOVERY] Recovering crashed or new project: project:3005
[2026-03-24 19:22:39] [START] Launching: project:3005 @ 3005
[2026-03-24 19:22:39] [OK] PID 24940 started for project:3005
[2026-03-24 19:22:39] [RECOVERY] Recovering crashed or new project: project:3007
[2026-03-24 19:22:43] [START] Launching: project:3007 @ 3007
[2026-03-24 19:22:43] [OK] PID 59816 started for project:3007
[2026-03-24 19:22:44] [RECOVERY] Recovering crashed or new project: project:3008
[2026-03-24 19:22:47] ⚠️ Port 3008 is occupied by PID 61880 (node.exe)
[2026-03-24 19:22:47] [CLEAN] Clearing port 3008 for project launch...
[2026-03-24 19:22:47] ⚠️ Port 3008 is occupied by PID 61880 (node.exe)
[2026-03-24 19:22:47] [CLEAN] Clearing port 3008 for project launch...
[2026-03-24 19:22:47] [START] Launching: project:3008 @ 3008
[2026-03-24 19:22:48] [OK] PID 19688 started for project:3008
[2026-03-24 19:31:40] [RECOVERY] Recovering crashed or new project: project:3002
[2026-03-24 19:31:44] [START] Launching: project:3002 @ 3002
[2026-03-24 19:31:44] [OK] PID 61928 started for project:3002
[2026-03-24 19:31:44] [RECOVERY] Recovering crashed or new project: project:3003
[2026-03-24 19:31:44] ⚠️ Port 3003 is occupied by PID 0 (System Idle Process)
[2026-03-24 19:31:44] [CLEAN] Clearing port 3003 for project launch...
[2026-03-24 19:31:48] [START] Launching: project:3003 @ 3003
[2026-03-24 19:31:48] [OK] PID 52972 started for project:3003
[2026-03-24 19:31:49] [RECOVERY] Recovering crashed or new project: project:3006
[2026-03-24 19:31:52] [START] Launching: project:3006 @ 3006
[2026-03-24 19:31:52] [OK] PID 47528 started for project:3006
[2026-03-24 19:31:53] [RECOVERY] Recovering crashed or new project: project:3004
[2026-03-24 19:31:56] [START] Launching: project:3004 @ 3004
[2026-03-24 19:31:57] [OK] PID 24836 started for project:3004
[2026-03-24 19:31:57] [RECOVERY] Recovering crashed or new project: project:3005
[2026-03-24 19:31:57] ⚠️ Port 3005 is occupied by PID 0 (System Idle Process)
[2026-03-24 19:31:57] [CLEAN] Clearing port 3005 for project launch...
[2026-03-24 19:32:00] [START] Launching: project:3005 @ 3005
[2026-03-24 19:32:00] [OK] PID 4188 started for project:3005
[2026-03-24 19:32:00] [RECOVERY] Recovering crashed or new project: project:3007
[2026-03-24 19:32:00] ⚠️ Port 3007 is occupied by PID 0 (System Idle Process)
[2026-03-24 19:32:00] [CLEAN] Clearing port 3007 for project launch...
[2026-03-24 19:32:04] [START] Launching: project:3007 @ 3007
[2026-03-24 19:32:04] [OK] PID 38168 started for project:3007
[2026-03-24 19:32:04] [RECOVERY] Recovering crashed or new project: project:3008
[2026-03-24 19:32:07] ⚠️ Port 3008 is occupied by PID 57964 (node.exe)
[2026-03-24 19:32:07] [CLEAN] Clearing port 3008 for project launch...
[2026-03-24 19:32:07] ⚠️ Port 3008 is occupied by PID 57964 (node.exe)
[2026-03-24 19:32:07] [CLEAN] Clearing port 3008 for project launch...
[2026-03-24 19:32:07] [START] Launching: project:3008 @ 3008
[2026-03-24 19:32:07] [OK] PID 44656 started for project:3008
[2026-03-24 19:32:19] [START] Performing Magic Startup...
[2026-03-24 19:32:19] Current Base Path: D:\tailscale magic
[2026-03-24 19:32:19] Project Config: D:\tailscale magic\projects.json
[2026-03-24 19:32:19] System PATH: C:\Users\b-qu\AppData\Local\Temp\_MEI309562\pywin32_system32;C:\Program Files\NVIDIA GPU Computing Toolkit\CUDA\v13.1\bin\x64;C:\Program Files\NVIDIA GPU Computing Toolkit\CUDA\v13.1\bin;C:\WINDOWS\system32\image2video\.venv\Scripts;C:\Program Files\Eclipse Adoptium\jdk-21.0.10.7-hotspot\bin;C:\Program Files\Eclipse Adoptium\jdk-8.0.472.8-hotspot\bin;C:\Program Files (x86)\Common Files\Oracle\Java\java8path;C:\Program Files (x86)\Common Files\Oracle\Java\javapath;C:\Program Files\NVIDIA GPU Computing Toolkit\CUDA\v13.0\bin\x64;C:\Program Files\NVIDIA GPU Computing Toolkit\CUDA\v13.0\bin;C:\WINDOWS\system32;C:\WINDOWS;C:\WINDOWS\System32\Wbem;C:\WINDOWS\System32\WindowsPowerShell\v1.0\;C:\WINDOWS\System32\OpenSSH\;C:\Program Files\NVIDIA Corporation\NVIDIA App\NvDLISR;C:\Program Files (x86)\NVIDIA Corporation\PhysX\Common;C:\Program Files\dotnet\;C:\Program Files\Git\cmd;C:\Program Files\PowerShell\7\;C:\Program Files\Tailscale\;C:\Users\b-qu\AppData\Local\Programs\Python\Python312\Scripts\;C:\Users\b-qu\AppData\Local\Programs\Python\Python312\;C:\Users\b-qu\scoop\apps\git\current\cmd;C:\Users\b-qu\scoop\shim;C:\WINDOWS\system32;C:\WINDOWS;C:\WINDOWS\System32\Wbem;C:\WINDOWS\System32\WindowsPowerShell\v1.0\;C:\WINDOWS\System32\OpenSSH\;C:\Program Files\nodejs\;C:\Program Files\NVIDIA Corporation\Nsight Compute 2025.4.1\;C:\Program Files\Go\bin;C:\Program Files\Microsoft SQL Server\170\Tools\Binn\;C:\Program Files\Microsoft SQL Server\Client SDK\ODBC\170\Tools\Binn\;C:\Program Files (x86)\IncrediBuild;C:\Program Files (x86)\Windows Kits\10\Windows Performance Toolkit\;C:\Users\b-qu\.cargo\bin;C:\Users\b-qu\AppData\Local\Programs\Python\Python312\Scripts\;C:\Users\b-qu\AppData\Local\Programs\Python\Python312\;C:\Users\b-qu\AppData\Local\Programs\Python\Launcher\;C:\Users\b-qu\scoop\apps\git\current\cmd;C:\Users\b-qu\scoop\shims;C:\Users\b-qu\.local\bin;C:\Users\b-qu\AppData\Local\Microsoft\WindowsApps;C:\Users\b-qu\.dotnet\tools;C:\Users\b-qu\AppData\Local\Microsoft\WinGet\Links;C:\cloudflared;;C:\Users\b-qu\AppData\Local\Programs\Ollama;C:\Users\b-qu\AppData\Local\Programs\Microsoft VS Code\bin;C:\Users\b-qu\AppData\Roaming\npm;C:\Users\b-qu\go\bin;D:\Users\b-qu\AppData\Local\Programs\Antigravity\bin
[2026-03-24 19:32:22] ⚠️ Port 3002 is occupied by PID 51912 (node.exe)
[2026-03-24 19:32:23] [CLEAN] Clearing port 3002 for project launch...
[2026-03-24 19:32:23] ⚠️ Port 3002 is occupied by PID 51912 (node.exe)
[2026-03-24 19:32:23] [CLEAN] Clearing port 3002 for project launch...
[2026-03-24 19:32:23] [START] Launching: project:3002 @ 3002
[2026-03-24 19:32:23] [OK] PID 58424 started for project:3002
[2026-03-24 19:32:23] ⚠️ Port 3003 is occupied by PID 0 (System Idle Process)
[2026-03-24 19:32:23] [CLEAN] Clearing port 3003 for project launch...
[2026-03-24 19:32:27] ⚠️ Port 3003 is occupied by PID 54840 (node.exe)
[2026-03-24 19:32:27] [CLEAN] Clearing port 3003 for project launch...
[2026-03-24 19:32:27] ⚠️ Port 3003 is occupied by PID 54840 (node.exe)
[2026-03-24 19:32:27] [CLEAN] Clearing port 3003 for project launch...
[2026-03-24 19:32:27] [START] Launching: project:3003 @ 3003
[2026-03-24 19:32:27] [OK] PID 16892 started for project:3003
[2026-03-24 19:32:35] ⚠️ Port 3006 is occupied by PID 60812 (node.exe)
[2026-03-24 19:32:35] [CLEAN] Clearing port 3006 for project launch...
[2026-03-24 19:32:35] ⚠️ Port 3006 is occupied by PID 60812 (node.exe)
[2026-03-24 19:32:35] [CLEAN] Clearing port 3006 for project launch...
[2026-03-24 19:32:35] [START] Launching: project:3006 @ 3006
[2026-03-24 19:32:35] [OK] PID 53272 started for project:3006
[2026-03-24 19:32:42] ⚠️ Port 3004 is occupied by PID 24156 (node.exe)
[2026-03-24 19:32:42] [CLEAN] Clearing port 3004 for project launch...
[2026-03-24 19:32:43] [START] Launching: project:3004 @ 3004
[2026-03-24 19:32:43] [OK] PID 37532 started for project:3004
[2026-03-24 19:32:43] ⚠️ Port 3005 is occupied by PID 0 (System Idle Process)
[2026-03-24 19:32:43] [CLEAN] Clearing port 3005 for project launch...
[2026-03-24 19:32:48] ⚠️ Port 3005 is occupied by PID 37672 (node.exe)
[2026-03-24 19:32:48] [CLEAN] Clearing port 3005 for project launch...
[2026-03-24 19:32:48] ⚠️ Port 3005 is occupied by PID 37672 (node.exe)
[2026-03-24 19:32:48] [CLEAN] Clearing port 3005 for project launch...
[2026-03-24 19:32:49] [START] Launching: project:3005 @ 3005
[2026-03-24 19:32:49] [OK] PID 45552 started for project:3005
[2026-03-24 19:32:49] ⚠️ Port 3007 is occupied by PID 0 (System Idle Process)
[2026-03-24 19:32:49] [CLEAN] Clearing port 3007 for project launch...
[2026-03-24 19:32:54] ⚠️ Port 3007 is occupied by PID 34244 (node.exe)
[2026-03-24 19:32:54] [CLEAN] Clearing port 3007 for project launch...
[2026-03-24 19:32:54] ⚠️ Port 3007 is occupied by PID 34244 (node.exe)
[2026-03-24 19:32:54] [CLEAN] Clearing port 3007 for project launch...
[2026-03-24 19:32:55] [START] Launching: project:3007 @ 3007
[2026-03-24 19:32:56] [OK] PID 59216 started for project:3007
[2026-03-24 19:33:02] ⚠️ Port 3008 is occupied by PID 61696 (node.exe)
[2026-03-24 19:33:02] [CLEAN] Clearing port 3008 for project launch...
[2026-03-24 19:33:02] ⚠️ Port 3008 is occupied by PID 61696 (node.exe)
[2026-03-24 19:33:02] [CLEAN] Clearing port 3008 for project launch...
[2026-03-24 19:33:03] [START] Launching: project:3008 @ 3008
[2026-03-24 19:33:03] [OK] PID 37672 started for project:3008
[2026-03-24 19:41:12] [RECOVERY] Recovering crashed or new project: project:3002
[2026-03-24 19:41:17] [START] Launching: project:3002 @ 3002
[2026-03-24 19:41:17] [OK] PID 61968 started for project:3002
[2026-03-24 19:41:17] [RECOVERY] Recovering crashed or new project: project:3003
[2026-03-24 19:41:22] [START] Launching: project:3003 @ 3003
[2026-03-24 19:41:22] [OK] PID 24952 started for project:3003
[2026-03-24 19:41:22] [RECOVERY] Recovering crashed or new project: project:3006
[2026-03-24 19:41:28] [START] Launching: project:3006 @ 3006
[2026-03-24 19:41:28] [OK] PID 47308 started for project:3006
[2026-03-24 19:41:28] [RECOVERY] Recovering crashed or new project: project:3004
[2026-03-24 19:41:34] [START] Launching: project:3004 @ 3004
[2026-03-24 19:41:34] [OK] PID 60604 started for project:3004
[2026-03-24 19:41:35] [RECOVERY] Recovering crashed or new project: project:3005
[2026-03-24 19:41:38] [START] Launching: project:3005 @ 3005
[2026-03-24 19:41:39] [OK] PID 20636 started for project:3005
[2026-03-24 19:41:39] [RECOVERY] Recovering crashed or new project: project:3007
[2026-03-24 19:41:43] [START] Launching: project:3007 @ 3007
[2026-03-24 19:41:44] [OK] PID 27036 started for project:3007
[2026-03-24 19:41:44] [RECOVERY] Recovering crashed or new project: project:3008
[2026-03-24 19:41:49] ⚠️ Port 3008 is occupied by PID 23784 (node.exe)
[2026-03-24 19:41:49] [CLEAN] Clearing port 3008 for project launch...
[2026-03-24 19:41:49] ⚠️ Port 3008 is occupied by PID 23784 (node.exe)
[2026-03-24 19:41:49] [CLEAN] Clearing port 3008 for project launch...
[2026-03-24 19:41:50] [START] Launching: project:3008 @ 3008
[2026-03-24 19:41:51] [OK] PID 45112 started for project:3008
[2026-03-24 19:47:11] [START] Performing Magic Startup...
[2026-03-24 19:47:11] Current Base Path: D:\tailscale magic
[2026-03-24 19:47:11] Project Config: D:\tailscale magic\projects.json
[2026-03-24 19:47:11] System PATH: C:\Users\b-qu\AppData\Local\Temp\_MEI292842\pywin32_system32;C:\Program Files\NVIDIA GPU Computing Toolkit\CUDA\v13.1\bin\x64;C:\Program Files\NVIDIA GPU Computing Toolkit\CUDA\v13.1\bin;C:\WINDOWS\system32\image2video\.venv\Scripts;C:\Program Files\Eclipse Adoptium\jdk-21.0.10.7-hotspot\bin;C:\Program Files\Eclipse Adoptium\jdk-8.0.472.8-hotspot\bin;C:\Program Files (x86)\Common Files\Oracle\Java\java8path;C:\Program Files (x86)\Common Files\Oracle\Java\javapath;C:\Program Files\NVIDIA GPU Computing Toolkit\CUDA\v13.0\bin\x64;C:\Program Files\NVIDIA GPU Computing Toolkit\CUDA\v13.0\bin;C:\WINDOWS\system32;C:\WINDOWS;C:\WINDOWS\System32\Wbem;C:\WINDOWS\System32\WindowsPowerShell\v1.0\;C:\WINDOWS\System32\OpenSSH\;C:\Program Files\NVIDIA Corporation\NVIDIA App\NvDLISR;C:\Program Files (x86)\NVIDIA Corporation\PhysX\Common;C:\Program Files\dotnet\;C:\Program Files\Git\cmd;C:\Program Files\PowerShell\7\;C:\Program Files\Tailscale\;C:\Users\b-qu\AppData\Local\Programs\Python\Python312\Scripts\;C:\Users\b-qu\AppData\Local\Programs\Python\Python312\;C:\Users\b-qu\scoop\apps\git\current\cmd;C:\Users\b-qu\scoop\shim;C:\WINDOWS\system32;C:\WINDOWS;C:\WINDOWS\System32\Wbem;C:\WINDOWS\System32\WindowsPowerShell\v1.0\;C:\WINDOWS\System32\OpenSSH\;C:\Program Files\nodejs\;C:\Program Files\NVIDIA Corporation\Nsight Compute 2025.4.1\;C:\Program Files\Go\bin;C:\Program Files\Microsoft SQL Server\170\Tools\Binn\;C:\Program Files\Microsoft SQL Server\Client SDK\ODBC\170\Tools\Binn\;C:\Program Files (x86)\IncrediBuild;C:\Program Files (x86)\Windows Kits\10\Windows Performance Toolkit\;C:\Users\b-qu\.cargo\bin;C:\Users\b-qu\AppData\Local\Programs\Python\Python312\Scripts\;C:\Users\b-qu\AppData\Local\Programs\Python\Python312\;C:\Users\b-qu\AppData\Local\Programs\Python\Launcher\;C:\Users\b-qu\scoop\apps\git\current\cmd;C:\Users\b-qu\scoop\shims;C:\Users\b-qu\.local\bin;C:\Users\b-qu\AppData\Local\Microsoft\WindowsApps;C:\Users\b-qu\.dotnet\tools;C:\Users\b-qu\AppData\Local\Microsoft\WinGet\Links;C:\cloudflared;;C:\Users\b-qu\AppData\Local\Programs\Ollama;C:\Users\b-qu\AppData\Local\Programs\Microsoft VS Code\bin;C:\Users\b-qu\AppData\Roaming\npm;C:\Users\b-qu\go\bin;D:\Users\b-qu\AppData\Local\Programs\Antigravity\bin
[2026-03-24 19:47:11] ⚠️ Port 3002 is occupied by PID 0 (System Idle Process)
[2026-03-24 19:47:11] [CLEAN] Clearing port 3002 for project launch...
[2026-03-24 19:47:14] ⚠️ Port 3002 is occupied by PID 62436 (node.exe)
[2026-03-24 19:47:14] [CLEAN] Clearing port 3002 for project launch...
[2026-03-24 19:47:14] ⚠️ Port 3002 is occupied by PID 62436 (node.exe)
[2026-03-24 19:47:14] [CLEAN] Clearing port 3002 for project launch...
[2026-03-24 19:47:14] [START] Launching: project:3002 @ 3002
[2026-03-24 19:47:14] [OK] PID 55300 started for project:3002
[2026-03-24 19:47:14] ⚠️ Port 3003 is occupied by PID 0 (System Idle Process)
[2026-03-24 19:47:14] [CLEAN] Clearing port 3003 for project launch...
[2026-03-24 19:47:18] ⚠️ Port 3003 is occupied by PID 60172 (node.exe)
[2026-03-24 19:47:18] [CLEAN] Clearing port 3003 for project launch...
[2026-03-24 19:47:18] ⚠️ Port 3003 is occupied by PID 60172 (node.exe)
[2026-03-24 19:47:18] [CLEAN] Clearing port 3003 for project launch...
[2026-03-24 19:47:18] [START] Launching: project:3003 @ 3003
[2026-03-24 19:47:18] [OK] PID 57440 started for project:3003
[2026-03-24 19:47:18] ⚠️ Port 3006 is occupied by PID 0 (System Idle Process)
[2026-03-24 19:47:18] [CLEAN] Clearing port 3006 for project launch...
[2026-03-24 19:47:24] ⚠️ Port 3006 is occupied by PID 51360 (node.exe)
[2026-03-24 19:47:24] [CLEAN] Clearing port 3006 for project launch...
[2026-03-24 19:47:24] ⚠️ Port 3006 is occupied by PID 51360 (node.exe)
[2026-03-24 19:47:24] [CLEAN] Clearing port 3006 for project launch...
[2026-03-24 19:47:24] [START] Launching: project:3006 @ 3006
[2026-03-24 19:47:24] [OK] PID 38388 started for project:3006
[2026-03-24 19:47:24] ⚠️ Port 3004 is occupied by PID 0 (System Idle Process)
[2026-03-24 19:47:24] [CLEAN] Clearing port 3004 for project launch...
[2026-03-24 19:47:31] ⚠️ Port 3004 is occupied by PID 29320 (node.exe)
[2026-03-24 19:47:31] [CLEAN] Clearing port 3004 for project launch...
[2026-03-24 19:47:31] [START] Launching: project:3004 @ 3004
[2026-03-24 19:47:31] [OK] PID 24072 started for project:3004
[2026-03-24 19:47:31] ⚠️ Port 3005 is occupied by PID 0 (System Idle Process)
[2026-03-24 19:47:31] [CLEAN] Clearing port 3005 for project launch...
[2026-03-24 19:47:36] ⚠️ Port 3005 is occupied by PID 39912 (node.exe)
[2026-03-24 19:47:36] [CLEAN] Clearing port 3005 for project launch...
[2026-03-24 19:47:36] ⚠️ Port 3005 is occupied by PID 39912 (node.exe)
[2026-03-24 19:47:36] [CLEAN] Clearing port 3005 for project launch...
[2026-03-24 19:47:36] ⚠️ Port 3005 is occupied by PID 39912 (node.exe)
[2026-03-24 19:47:36] [CLEAN] Clearing port 3005 for project launch...
[2026-03-24 19:47:36] [START] Launching: project:3005 @ 3005
[2026-03-24 19:47:36] [OK] PID 23144 started for project:3005
[2026-03-24 19:47:36] ⚠️ Port 3007 is occupied by PID 0 (System Idle Process)
[2026-03-24 19:47:36] [CLEAN] Clearing port 3007 for project launch...
[2026-03-24 19:47:43] ⚠️ Port 3007 is occupied by PID 59080 (node.exe)
[2026-03-24 19:47:43] [CLEAN] Clearing port 3007 for project launch...
[2026-03-24 19:47:43] ⚠️ Port 3007 is occupied by PID 59080 (node.exe)
[2026-03-24 19:47:43] [CLEAN] Clearing port 3007 for project launch...
[2026-03-24 19:47:43] [START] Launching: project:3007 @ 3007
[2026-03-24 19:47:44] [OK] PID 44428 started for project:3007
[2026-03-24 19:47:44] ⚠️ Port 3008 is occupied by PID 0 (System Idle Process)
[2026-03-24 19:47:44] [CLEAN] Clearing port 3008 for project launch...
[2026-03-24 19:47:51] ⚠️ Port 3008 is occupied by PID 18088 (node.exe)
[2026-03-24 19:47:51] [CLEAN] Clearing port 3008 for project launch...
[2026-03-24 19:47:51] ⚠️ Port 3008 is occupied by PID 18088 (node.exe)
[2026-03-24 19:47:51] [CLEAN] Clearing port 3008 for project launch...
[2026-03-24 19:47:53] [RECOVERY] Recovering crashed or new project: project:3008
[2026-03-24 19:47:53] [START] Launching: project:3008 @ 3008
[2026-03-24 19:47:53] ⚠️ Port 3008 is occupied by PID 0 (System Idle Process)
[2026-03-24 19:47:53] [CLEAN] Clearing port 3008 for project launch...
[2026-03-24 19:47:54] [OK] PID 29936 started for project:3008
[2026-03-24 19:48:03] [START] Launching: project:3008 @ 3008
[2026-03-24 19:48:04] [OK] PID 20428 started for project:3008
[2026-03-24 19:48:24] [RECOVERY] Recovering crashed or new project: project:3007
[2026-03-24 19:48:25] ⚠️ Port 3007 is occupied by PID 0 (System Idle Process)
[2026-03-24 19:48:25] [CLEAN] Clearing port 3007 for project launch...
[2026-03-24 19:48:34] [START] Launching: project:3007 @ 3007
[2026-03-24 19:48:35] [OK] PID 58200 started for project:3007
[2026-03-24 19:49:23] [START] Performing Magic Startup...
[2026-03-24 19:49:23] Current Base Path: D:\tailscale magic
[2026-03-24 19:49:23] Project Config: D:\tailscale magic\projects.json
[2026-03-24 19:49:23] System PATH: C:\Users\b-qu\AppData\Local\Temp\_MEI261682\pywin32_system32;C:\Program Files\NVIDIA GPU Computing Toolkit\CUDA\v13.1\bin\x64;C:\Program Files\NVIDIA GPU Computing Toolkit\CUDA\v13.1\bin;C:\WINDOWS\system32\image2video\.venv\Scripts;C:\Program Files\Eclipse Adoptium\jdk-21.0.10.7-hotspot\bin;C:\Program Files\Eclipse Adoptium\jdk-8.0.472.8-hotspot\bin;C:\Program Files (x86)\Common Files\Oracle\Java\java8path;C:\Program Files (x86)\Common Files\Oracle\Java\javapath;C:\Program Files\NVIDIA GPU Computing Toolkit\CUDA\v13.0\bin\x64;C:\Program Files\NVIDIA GPU Computing Toolkit\CUDA\v13.0\bin;C:\WINDOWS\system32;C:\WINDOWS;C:\WINDOWS\System32\Wbem;C:\WINDOWS\System32\WindowsPowerShell\v1.0\;C:\WINDOWS\System32\OpenSSH\;C:\Program Files\NVIDIA Corporation\NVIDIA App\NvDLISR;C:\Program Files (x86)\NVIDIA Corporation\PhysX\Common;C:\Program Files\dotnet\;C:\Program Files\Git\cmd;C:\Program Files\PowerShell\7\;C:\Program Files\Tailscale\;C:\Users\b-qu\AppData\Local\Programs\Python\Python312\Scripts\;C:\Users\b-qu\AppData\Local\Programs\Python\Python312\;C:\Users\b-qu\scoop\apps\git\current\cmd;C:\Users\b-qu\scoop\shim;C:\WINDOWS\system32;C:\WINDOWS;C:\WINDOWS\System32\Wbem;C:\WINDOWS\System32\WindowsPowerShell\v1.0\;C:\WINDOWS\System32\OpenSSH\;C:\Program Files\nodejs\;C:\Program Files\NVIDIA Corporation\Nsight Compute 2025.4.1\;C:\Program Files\Go\bin;C:\Program Files\Microsoft SQL Server\170\Tools\Binn\;C:\Program Files\Microsoft SQL Server\Client SDK\ODBC\170\Tools\Binn\;C:\Program Files (x86)\IncrediBuild;C:\Program Files (x86)\Windows Kits\10\Windows Performance Toolkit\;C:\Users\b-qu\.cargo\bin;C:\Users\b-qu\AppData\Local\Programs\Python\Python312\Scripts\;C:\Users\b-qu\AppData\Local\Programs\Python\Python312\;C:\Users\b-qu\AppData\Local\Programs\Python\Launcher\;C:\Users\b-qu\scoop\apps\git\current\cmd;C:\Users\b-qu\scoop\shims;C:\Users\b-qu\.local\bin;C:\Users\b-qu\AppData\Local\Microsoft\WindowsApps;C:\Users\b-qu\.dotnet\tools;C:\Users\b-qu\AppData\Local\Microsoft\WinGet\Links;C:\cloudflared;;C:\Users\b-qu\AppData\Local\Programs\Ollama;C:\Users\b-qu\AppData\Local\Programs\Microsoft VS Code\bin;C:\Users\b-qu\AppData\Roaming\npm;C:\Users\b-qu\go\bin;D:\Users\b-qu\AppData\Local\Programs\Antigravity\bin
[2026-03-24 19:49:27] [START] Launching: project:3002 @ 3002
[2026-03-24 19:49:27] [OK] PID 60576 started for project:3002
[2026-03-24 19:49:30] [START] Launching: project:3003 @ 3003
[2026-03-24 19:49:30] [OK] PID 53988 started for project:3003
[2026-03-24 19:49:33] [RECOVERY] Recovering crashed or new project: project:3006
[2026-03-24 19:49:36] [START] Launching: project:3006 @ 3006
[2026-03-24 19:49:36] [OK] PID 41456 started for project:3006
[2026-03-24 19:49:41] [START] Launching: project:3006 @ 3006
[2026-03-24 19:49:41] [OK] PID 61504 started for project:3006
[2026-03-24 19:49:42] [RECOVERY] Recovering crashed or new project: project:3004
[2026-03-24 19:49:45] [START] Launching: project:3004 @ 3004
[2026-03-24 19:49:45] [OK] PID 46564 started for project:3004
[2026-03-24 19:49:49] [START] Launching: project:3004 @ 3004
[2026-03-24 19:49:49] [OK] PID 15984 started for project:3004
[2026-03-24 19:49:49] [RECOVERY] Recovering crashed or new project: project:3005
[2026-03-24 19:49:52] [START] Launching: project:3005 @ 3005
[2026-03-24 19:49:53] [OK] PID 61540 started for project:3005
[2026-03-24 19:49:57] [START] Launching: project:3005 @ 3005
[2026-03-24 19:49:58] [OK] PID 4504 started for project:3005
[2026-03-24 19:49:59] [RECOVERY] Recovering crashed or new project: project:3007
[2026-03-24 19:50:02] [START] Launching: project:3007 @ 3007
[2026-03-24 19:50:03] [OK] PID 30800 started for project:3007
[2026-03-24 19:50:03] ⚠️ Port 3008 is occupied by PID 0 (System Idle Process)
[2026-03-24 19:50:03] [CLEAN] Clearing port 3008 for project launch...
[2026-03-24 19:50:08] [START] Launching: project:3007 @ 3007
[2026-03-24 19:50:08] [OK] PID 62836 started for project:3007
[2026-03-24 19:50:10] [RECOVERY] Recovering crashed or new project: project:3008
[2026-03-24 19:50:10] ⚠️ Port 3008 is occupied by PID 0 (System Idle Process)
[2026-03-24 19:50:10] [CLEAN] Clearing port 3008 for project launch...
[2026-03-24 19:50:13] ⚠️ Port 3008 is occupied by PID 30852 (node.exe)
[2026-03-24 19:50:13] [CLEAN] Clearing port 3008 for project launch...
[2026-03-24 19:50:13] ⚠️ Port 3008 is occupied by PID 30852 (node.exe)
[2026-03-24 19:50:14] [CLEAN] Clearing port 3008 for project launch...
[2026-03-24 19:50:15] [START] Launching: project:3008 @ 3008
[2026-03-24 19:50:16] [OK] PID 20348 started for project:3008
[2026-03-24 19:50:22] [START] Launching: project:3008 @ 3008
[2026-03-24 19:50:23] [OK] PID 63272 started for project:3008
[2026-03-24 19:50:35] [RECOVERY] Recovering crashed or new project: project:3006
[2026-03-24 19:50:35] ⚠️ Port 3006 is occupied by PID 0 (System Idle Process)
[2026-03-24 19:50:36] [CLEAN] Clearing port 3006 for project launch...
[2026-03-24 19:50:43] ⚠️ Port 3006 is occupied by PID 60992 (node.exe)
[2026-03-24 19:50:43] [CLEAN] Clearing port 3006 for project launch...
[2026-03-24 19:50:43] ⚠️ Port 3006 is occupied by PID 60992 (node.exe)
[2026-03-24 19:50:43] [CLEAN] Clearing port 3006 for project launch...
[2026-03-24 19:50:43] [START] Launching: project:3006 @ 3006
[2026-03-24 19:50:43] [OK] PID 59884 started for project:3006
[2026-03-24 19:50:43] [RECOVERY] Recovering crashed or new project: project:3007
[2026-03-24 19:50:43] ⚠️ Port 3007 is occupied by PID 0 (System Idle Process)
[2026-03-24 19:50:43] [CLEAN] Clearing port 3007 for project launch...
[2026-03-24 19:50:50] ⚠️ Port 3007 is occupied by PID 34380 (node.exe)
[2026-03-24 19:50:50] [CLEAN] Clearing port 3007 for project launch...
[2026-03-24 19:50:50] ⚠️ Port 3007 is occupied by PID 34380 (node.exe)
[2026-03-24 19:50:50] [CLEAN] Clearing port 3007 for project launch...
[2026-03-24 19:50:52] [START] Launching: project:3007 @ 3007
[2026-03-24 19:50:52] [OK] PID 53336 started for project:3007
[2026-03-24 19:51:03] [RECOVERY] Recovering crashed or new project: project:3008
[2026-03-24 19:51:03] ⚠️ Port 3008 is occupied by PID 0 (System Idle Process)
[2026-03-24 19:51:04] [CLEAN] Clearing port 3008 for project launch...
[2026-03-24 19:51:13] ⚠️ Port 3008 is occupied by PID 63324 (node.exe)
[2026-03-24 19:51:13] [CLEAN] Clearing port 3008 for project launch...
[2026-03-24 19:51:13] ⚠️ Port 3008 is occupied by PID 63324 (node.exe)
[2026-03-24 19:51:14] [CLEAN] Clearing port 3008 for project launch...
[2026-03-24 19:51:14] [START] Launching: project:3008 @ 3008
[2026-03-24 19:51:14] [OK] PID 62212 started for project:3008
[2026-03-24 20:10:41] [START] Performing Magic Startup...
[2026-03-24 20:10:41] Current Base Path: D:\tailscale magic
[2026-03-24 20:10:41] Project Config: D:\tailscale magic\projects.json
[2026-03-24 20:10:41] System PATH: C:\Users\b-qu\AppData\Local\Temp\_MEI326922\pywin32_system32;C:\Program Files\NVIDIA GPU Computing Toolkit\CUDA\v13.1\bin\x64;C:\Program Files\NVIDIA GPU Computing Toolkit\CUDA\v13.1\bin;C:\WINDOWS\system32\image2video\.venv\Scripts;C:\Program Files\Eclipse Adoptium\jdk-21.0.10.7-hotspot\bin;C:\Program Files\Eclipse Adoptium\jdk-8.0.472.8-hotspot\bin;C:\Program Files (x86)\Common Files\Oracle\Java\java8path;C:\Program Files (x86)\Common Files\Oracle\Java\javapath;C:\Program Files\NVIDIA GPU Computing Toolkit\CUDA\v13.0\bin\x64;C:\Program Files\NVIDIA GPU Computing Toolkit\CUDA\v13.0\bin;C:\WINDOWS\system32;C:\WINDOWS;C:\WINDOWS\System32\Wbem;C:\WINDOWS\System32\WindowsPowerShell\v1.0\;C:\WINDOWS\System32\OpenSSH\;C:\Program Files\NVIDIA Corporation\NVIDIA App\NvDLISR;C:\Program Files (x86)\NVIDIA Corporation\PhysX\Common;C:\Program Files\dotnet\;C:\Program Files\Git\cmd;C:\Program Files\PowerShell\7\;C:\Program Files\Tailscale\;C:\Users\b-qu\AppData\Local\Programs\Python\Python312\Scripts\;C:\Users\b-qu\AppData\Local\Programs\Python\Python312\;C:\Users\b-qu\scoop\apps\git\current\cmd;C:\Users\b-qu\scoop\shim;C:\WINDOWS\system32;C:\WINDOWS;C:\WINDOWS\System32\Wbem;C:\WINDOWS\System32\WindowsPowerShell\v1.0\;C:\WINDOWS\System32\OpenSSH\;C:\Program Files\nodejs\;C:\Program Files\NVIDIA Corporation\Nsight Compute 2025.4.1\;C:\Program Files\Go\bin;C:\Program Files\Microsoft SQL Server\170\Tools\Binn\;C:\Program Files\Microsoft SQL Server\Client SDK\ODBC\170\Tools\Binn\;C:\Program Files (x86)\IncrediBuild;C:\Program Files (x86)\Windows Kits\10\Windows Performance Toolkit\;C:\Users\b-qu\.cargo\bin;C:\Users\b-qu\AppData\Local\Programs\Python\Python312\Scripts\;C:\Users\b-qu\AppData\Local\Programs\Python\Python312\;C:\Users\b-qu\AppData\Local\Programs\Python\Launcher\;C:\Users\b-qu\scoop\apps\git\current\cmd;C:\Users\b-qu\scoop\shims;C:\Users\b-qu\.local\bin;C:\Users\b-qu\AppData\Local\Microsoft\WindowsApps;C:\Users\b-qu\.dotnet\tools;C:\Users\b-qu\AppData\Local\Microsoft\WinGet\Links;C:\cloudflared;;C:\Users\b-qu\AppData\Local\Programs\Ollama;C:\Users\b-qu\AppData\Local\Programs\Microsoft VS Code\bin;C:\Users\b-qu\AppData\Roaming\npm;C:\Users\b-qu\go\bin;D:\Users\b-qu\AppData\Local\Programs\Antigravity\bin
[2026-03-24 20:10:45] [START] Launching: project:3002 @ 3002
[2026-03-24 20:10:45] [OK] PID 60716 started for project:3002
[2026-03-24 20:10:45] ⚠️ Port 3003 is occupied by PID 0 (System Idle Process)
[2026-03-24 20:10:45] [CLEAN] Clearing port 3003 for project launch...
[2026-03-24 20:10:49] [START] Launching: project:3003 @ 3003
[2026-03-24 20:10:49] [OK] PID 59356 started for project:3003
[2026-03-24 20:10:52] [RECOVERY] Recovering crashed or new project: project:3006
[2026-03-24 20:10:56] [START] Launching: project:3006 @ 3006
[2026-03-24 20:10:57] [OK] PID 61716 started for project:3006
[2026-03-24 20:10:59] [START] Launching: project:3006 @ 3006
[2026-03-24 20:11:00] [OK] PID 63012 started for project:3006
[2026-03-24 20:11:00] [RECOVERY] Recovering crashed or new project: project:3004
[2026-03-24 20:11:05] [START] Launching: project:3004 @ 3004
[2026-03-24 20:11:05] [OK] PID 47116 started for project:3004
[2026-03-24 20:11:07] [START] Launching: project:3004 @ 3004
[2026-03-24 20:11:07] [OK] PID 28236 started for project:3004
[2026-03-24 20:11:08] [RECOVERY] Recovering crashed or new project: project:3005
[2026-03-24 20:11:13] [START] Launching: project:3005 @ 3005
[2026-03-24 20:11:13] [OK] PID 41364 started for project:3005
[2026-03-24 20:11:13] ⚠️ Port 3007 is occupied by PID 0 (System Idle Process)
[2026-03-24 20:11:13] [CLEAN] Clearing port 3007 for project launch...
[2026-03-24 20:11:15] [START] Launching: project:3005 @ 3005
[2026-03-24 20:11:16] [OK] PID 15852 started for project:3005
[2026-03-24 20:11:17] [RECOVERY] Recovering crashed or new project: project:3007
[2026-03-24 20:11:17] ⚠️ Port 3007 is occupied by PID 0 (System Idle Process)
[2026-03-24 20:11:17] [CLEAN] Clearing port 3007 for project launch...
[2026-03-24 20:11:20] [START] Launching: project:3007 @ 3007
[2026-03-24 20:11:21] [OK] PID 17212 started for project:3007
[2026-03-24 20:11:26] [START] Launching: project:3007 @ 3007
[2026-03-24 20:11:27] ⚠️ Port 3008 is occupied by PID 5892 (node.exe)
[2026-03-24 20:11:27] [CLEAN] Clearing port 3008 for project launch...
[2026-03-24 20:11:27] ⚠️ Port 3008 is occupied by PID 5892 (node.exe)
[2026-03-24 20:11:27] [CLEAN] Clearing port 3008 for project launch...
[2026-03-24 20:11:27] [OK] PID 7428 started for project:3007
[2026-03-24 20:11:27] [RECOVERY] Recovering crashed or new project: project:3008
[2026-03-24 20:11:31] [START] Launching: project:3008 @ 3008
[2026-03-24 20:11:32] [OK] PID 10876 started for project:3008
[2026-03-24 20:11:37] [START] Launching: project:3008 @ 3008
[2026-03-24 20:11:38] [OK] PID 63980 started for project:3008
[2026-03-24 20:11:49] [RECOVERY] Recovering crashed or new project: project:3006
[2026-03-24 20:11:56] ⚠️ Port 3006 is occupied by PID 23716 (node.exe)
[2026-03-24 20:11:56] [CLEAN] Clearing port 3006 for project launch...
[2026-03-24 20:11:56] ⚠️ Port 3006 is occupied by PID 23716 (node.exe)
[2026-03-24 20:11:56] [CLEAN] Clearing port 3006 for project launch...
[2026-03-24 20:11:57] [START] Launching: project:3006 @ 3006
[2026-03-24 20:11:57] [OK] PID 30896 started for project:3006
[2026-03-24 20:11:57] [RECOVERY] Recovering crashed or new project: project:3007
[2026-03-24 20:11:57] ⚠️ Port 3007 is occupied by PID 0 (System Idle Process)
[2026-03-24 20:11:57] [CLEAN] Clearing port 3007 for project launch...
[2026-03-24 20:12:04] ⚠️ Port 3007 is occupied by PID 34012 (node.exe)
[2026-03-24 20:12:04] [CLEAN] Clearing port 3007 for project launch...
[2026-03-24 20:12:04] ⚠️ Port 3007 is occupied by PID 34012 (node.exe)
[2026-03-24 20:12:04] [CLEAN] Clearing port 3007 for project launch...
[2026-03-24 20:12:05] [START] Launching: project:3007 @ 3007
[2026-03-24 20:12:06] [OK] PID 51228 started for project:3007
[2026-03-24 20:12:17] [RECOVERY] Recovering crashed or new project: project:3008
[2026-03-24 20:12:17] ⚠️ Port 3008 is occupied by PID 0 (System Idle Process)
[2026-03-24 20:12:17] [CLEAN] Clearing port 3008 for project launch...
[2026-03-24 20:12:23] ⚠️ Port 3008 is occupied by PID 63580 (node.exe)
[2026-03-24 20:12:23] [CLEAN] Clearing port 3008 for project launch...
[2026-03-24 20:12:23] ⚠️ Port 3008 is occupied by PID 63580 (node.exe)
[2026-03-24 20:12:23] [CLEAN] Clearing port 3008 for project launch...
[2026-03-24 20:12:24] [START] Launching: project:3008 @ 3008
[2026-03-24 20:12:24] [OK] PID 48048 started for project:3008
[2026-03-25 09:22:20] [RECOVERY] Recovering crashed or new project: project:3002
[2026-03-25 09:22:26] [START] Launching: project:3002 @ 3002
[2026-03-25 09:22:26] [OK] PID 65424 started for project:3002
[2026-03-25 09:22:27] [RECOVERY] Recovering crashed or new project: project:3003
[2026-03-25 09:22:33] [START] Launching: project:3003 @ 3003
[2026-03-25 09:22:34] [OK] PID 22660 started for project:3003
[2026-03-25 09:22:34] [RECOVERY] Recovering crashed or new project: project:3006
[2026-03-25 09:22:41] [START] Launching: project:3006 @ 3006
[2026-03-25 09:22:41] [OK] PID 70356 started for project:3006
[2026-03-25 09:22:41] [RECOVERY] Recovering crashed or new project: project:3004
[2026-03-25 09:22:49] [START] Launching: project:3004 @ 3004
[2026-03-25 09:22:50] [OK] PID 54864 started for project:3004
[2026-03-25 09:22:50] [RECOVERY] Recovering crashed or new project: project:3005
[2026-03-25 09:22:57] [START] Launching: project:3005 @ 3005
[2026-03-25 09:22:57] [OK] PID 60984 started for project:3005
[2026-03-25 09:22:57] [RECOVERY] Recovering crashed or new project: project:3008
[2026-03-25 09:23:03] ⚠️ Port 3008 is occupied by PID 15408 (node.exe)
[2026-03-25 09:23:03] [CLEAN] Clearing port 3008 for project launch...
[2026-03-25 09:23:03] ⚠️ Port 3008 is occupied by PID 15408 (node.exe)
[2026-03-25 09:23:03] [CLEAN] Clearing port 3008 for project launch...
[2026-03-25 09:23:03] ⚠️ Port 3008 is occupied by PID 15408 (node.exe)
[2026-03-25 09:23:03] [CLEAN] Clearing port 3008 for project launch...
[2026-03-25 09:23:04] [START] Launching: project:3008 @ 3008
[2026-03-25 09:23:05] [OK] PID 70532 started for project:3008
[2026-03-25 09:29:07] [RECOVERY] Recovering crashed or new project: project:3002
[2026-03-25 09:29:11] [START] Launching: project:3002 @ 3002
[2026-03-25 09:29:11] [OK] PID 48344 started for project:3002
[2026-03-25 09:29:12] [RECOVERY] Recovering crashed or new project: project:3003
[2026-03-25 09:29:18] [START] Launching: project:3003 @ 3003
[2026-03-25 09:29:18] [OK] PID 58748 started for project:3003
[2026-03-25 09:29:18] [RECOVERY] Recovering crashed or new project: project:3006
[2026-03-25 09:29:25] [START] Launching: project:3006 @ 3006
[2026-03-25 09:29:25] [OK] PID 68696 started for project:3006
[2026-03-25 09:29:26] [RECOVERY] Recovering crashed or new project: project:3004
[2026-03-25 09:29:32] [START] Launching: project:3004 @ 3004
[2026-03-25 09:29:32] [OK] PID 67372 started for project:3004
[2026-03-25 09:29:32] [RECOVERY] Recovering crashed or new project: project:3005
[2026-03-25 09:29:37] [START] Launching: project:3005 @ 3005
[2026-03-25 09:29:37] [OK] PID 64036 started for project:3005
[2026-03-25 09:29:37] [RECOVERY] Recovering crashed or new project: project:3008
[2026-03-25 09:29:42] ⚠️ Port 3008 is occupied by PID 63280 (node.exe)
[2026-03-25 09:29:42] [CLEAN] Clearing port 3008 for project launch...
[2026-03-25 09:29:42] ⚠️ Port 3008 is occupied by PID 63280 (node.exe)
[2026-03-25 09:29:42] [CLEAN] Clearing port 3008 for project launch...
[2026-03-25 09:29:42] [START] Launching: project:3008 @ 3008
[2026-03-25 09:29:42] [OK] PID 55668 started for project:3008
[2026-03-25 09:36:13] [RECOVERY] Recovering crashed or new project: project:3002
[2026-03-25 09:36:18] [START] Launching: project:3002 @ 3002
[2026-03-25 09:36:18] [OK] PID 11616 started for project:3002
[2026-03-25 09:36:18] [RECOVERY] Recovering crashed or new project: project:3003
[2026-03-25 09:36:23] [START] Launching: project:3003 @ 3003
[2026-03-25 09:36:23] [OK] PID 61324 started for project:3003
[2026-03-25 09:36:23] [RECOVERY] Recovering crashed or new project: project:3006
[2026-03-25 09:36:27] [START] Launching: project:3006 @ 3006
[2026-03-25 09:36:27] [OK] PID 62060 started for project:3006
[2026-03-25 09:36:28] [RECOVERY] Recovering crashed or new project: project:3004
[2026-03-25 09:36:33] [START] Launching: project:3004 @ 3004
[2026-03-25 09:36:33] [OK] PID 53500 started for project:3004
[2026-03-25 09:36:33] [RECOVERY] Recovering crashed or new project: project:3005
[2026-03-25 09:36:38] [START] Launching: project:3005 @ 3005
[2026-03-25 09:36:38] [OK] PID 39428 started for project:3005
[2026-03-25 09:36:38] [RECOVERY] Recovering crashed or new project: project:3008
[2026-03-25 09:36:43] ⚠️ Port 3008 is occupied by PID 60624 (node.exe)
[2026-03-25 09:36:43] [CLEAN] Clearing port 3008 for project launch...
[2026-03-25 09:36:43] ⚠️ Port 3008 is occupied by PID 60624 (node.exe)
[2026-03-25 09:36:43] [CLEAN] Clearing port 3008 for project launch...
[2026-03-25 09:36:43] [START] Launching: project:3008 @ 3008
[2026-03-25 09:36:43] [OK] PID 63088 started for project:3008
[2026-03-25 09:42:14] [RECOVERY] Recovering crashed or new project: project:3002
[2026-03-25 09:42:16] [START] Launching: project:3002 @ 3002
[2026-03-25 09:42:16] [OK] PID 62148 started for project:3002
[2026-03-25 09:42:16] [RECOVERY] Recovering crashed or new project: project:3003
[2026-03-25 09:42:19] [START] Launching: project:3003 @ 3003
[2026-03-25 09:42:19] [OK] PID 69284 started for project:3003
[2026-03-25 09:42:19] [RECOVERY] Recovering crashed or new project: project:3006
[2026-03-25 09:42:23] [START] Launching: project:3006 @ 3006
[2026-03-25 09:42:23] [OK] PID 20992 started for project:3006
[2026-03-25 09:42:23] [RECOVERY] Recovering crashed or new project: project:3004
[2026-03-25 09:42:27] [START] Launching: project:3004 @ 3004
[2026-03-25 09:42:27] [OK] PID 69992 started for project:3004
[2026-03-25 09:42:27] [RECOVERY] Recovering crashed or new project: project:3005
[2026-03-25 09:42:31] [START] Launching: project:3005 @ 3005
[2026-03-25 09:42:31] [OK] PID 71064 started for project:3005
[2026-03-25 09:42:31] [RECOVERY] Recovering crashed or new project: project:3008
[2026-03-25 09:42:35] [START] Launching: project:3008 @ 3008
[2026-03-25 09:42:35] [OK] PID 69728 started for project:3008
[2026-03-25 09:46:56] [RECOVERY] Recovering crashed or new project: project:3008
[2026-03-25 09:46:58] [START] Launching: project:3008 @ 3008
[2026-03-25 09:46:58] [OK] PID 67156 started for project:3008
[2026-03-25 09:55:09] [RECOVERY] Recovering crashed or new project: project:3008
[2026-03-25 09:55:12] [START] Launching: project:3008 @ 3008
[2026-03-25 09:55:12] [OK] PID 63752 started for project:3008
[2026-03-25 09:59:32] [RECOVERY] Recovering crashed or new project: project:3008
[2026-03-25 09:59:35] [START] Launching: project:3008 @ 3008
[2026-03-25 09:59:35] [OK] PID 28844 started for project:3008
[2026-03-25 10:03:46] [RECOVERY] Recovering crashed or new project: project:3008
[2026-03-25 10:03:48] [START] Launching: project:3008 @ 3008
[2026-03-25 10:03:48] [OK] PID 65920 started for project:3008
[2026-03-25 10:11:50] [RECOVERY] Recovering crashed or new project: project:3008
[2026-03-25 10:11:52] [START] Launching: project:3008 @ 3008
[2026-03-25 10:11:52] [OK] PID 8448 started for project:3008
[2026-03-25 10:17:53] [RECOVERY] Recovering crashed or new project: project:3008
[2026-03-25 10:17:53] ⚠️ Port 3008 is occupied by PID 0 (System Idle Process)
[2026-03-25 10:17:53] [CLEAN] Clearing port 3008 for project launch...
[2026-03-25 10:17:58] [START] Launching: project:3008 @ 3008
[2026-03-25 10:17:59] [OK] PID 21308 started for project:3008
[2026-03-25 10:29:30] [RECOVERY] Recovering crashed or new project: project:3008
[2026-03-25 10:29:33] [START] Launching: project:3008 @ 3008
[2026-03-25 10:29:33] [OK] PID 68372 started for project:3008
[2026-03-25 10:39:44] [RECOVERY] Recovering crashed or new project: project:3008
[2026-03-25 10:39:44] ⚠️ Port 3008 is occupied by PID 0 (System Idle Process)
[2026-03-25 10:39:44] [CLEAN] Clearing port 3008 for project launch...
[2026-03-25 10:39:48] [START] Launching: project:3008 @ 3008
[2026-03-25 10:39:48] [OK] PID 16328 started for project:3008
[2026-03-25 10:51:19] [RECOVERY] Recovering crashed or new project: project:3008
[2026-03-25 10:51:22] [START] Launching: project:3008 @ 3008
[2026-03-25 10:51:22] [OK] PID 38024 started for project:3008
[2026-03-25 11:03:43] [RECOVERY] Recovering crashed or new project: project:3008
[2026-03-25 11:03:46] [START] Launching: project:3008 @ 3008
[2026-03-25 11:03:46] [OK] PID 34592 started for project:3008
[2026-03-26 11:01:13] [START] Launching: project:3007 @ 3007
[2026-03-26 11:01:13] [OK] PID 72808 started for project:3007
[2026-03-26 11:03:35] [START] Launching: project:3007 @ 3007
[2026-03-26 11:03:36] [OK] PID 72996 started for project:3007
[2026-03-26 11:11:00] [START] Launching: project:3007 @ 3007
[2026-03-26 11:11:01] [OK] PID 53228 started for project:3007
[2026-03-26 11:21:21] [START] Launching: project:3009 @ 3009
[2026-03-26 11:21:21] [OK] PID 73372 started for project:3009
[2026-03-26 11:25:39] [START] Launching: project:3007 @ 3007
[2026-03-26 11:25:39] [OK] PID 74068 started for project:3007
[2026-03-26 11:31:40] [START] Launching: project:3007 @ 3007
[2026-03-26 11:31:40] [OK] PID 78440 started for project:3007
[2026-03-26 11:42:27] [START] Launching: project:3007 @ 3007
[2026-03-26 11:42:27] [OK] PID 78680 started for project:3007
[2026-03-26 11:42:48] [RECOVERY] Recovering crashed or new project: project:3007
[2026-03-26 11:42:54] [START] Launching: project:3007 @ 3007
[2026-03-26 11:42:54] [OK] PID 64084 started for project:3007
[2026-03-26 11:43:12] [START] Launching: project:3007 @ 3007
[2026-03-26 11:43:12] [OK] PID 19612 started for project:3007
[2026-03-26 11:43:25] [RECOVERY] Recovering crashed or new project: project:3007
[2026-03-26 11:43:29] [START] Launching: project:3007 @ 3007
[2026-03-26 11:43:30] [OK] PID 78264 started for project:3007
[2026-03-26 11:43:40] [RECOVERY] Recovering crashed or new project: project:3007
[2026-03-26 11:43:45] [START] Launching: project:3007 @ 3007
[2026-03-26 11:43:46] [OK] PID 74884 started for project:3007
[2026-03-26 11:43:56] [RECOVERY] Recovering crashed or new project: project:3007
[2026-03-26 11:44:01] [START] Launching: project:3007 @ 3007
[2026-03-26 11:44:01] [OK] PID 40264 started for project:3007
[2026-03-26 11:44:12] [RECOVERY] Recovering crashed or new project: project:3007
[2026-03-26 11:44:16] [START] Launching: project:3007 @ 3007
[2026-03-26 11:44:17] [OK] PID 72156 started for project:3007
[2026-03-26 11:44:27] [RECOVERY] Recovering crashed or new project: project:3007
[2026-03-26 11:44:34] [START] Launching: project:3007 @ 3007
[2026-03-26 11:44:34] [OK] PID 76892 started for project:3007
[2026-03-26 11:44:45] [RECOVERY] Recovering crashed or new project: project:3007
[2026-03-26 11:44:52] [START] Launching: project:3007 @ 3007
[2026-03-26 11:44:52] [OK] PID 71152 started for project:3007
[2026-03-26 11:45:58] [START] Launching: project:3009 @ 3009
[2026-03-26 11:45:58] [OK] PID 78064 started for project:3009
[2026-03-26 11:54:03] [RECOVERY] Recovering crashed or new project: project:3002
[2026-03-26 11:54:12] [START] Launching: project:3002 @ 3002
[2026-03-26 11:54:12] [OK] PID 51448 started for project:3002
[2026-03-26 11:54:12] [RECOVERY] Recovering crashed or new project: project:3003
[2026-03-26 11:54:27] [START] Launching: project:3003 @ 3003
[2026-03-26 11:54:27] [OK] PID 58748 started for project:3003
[2026-03-26 11:54:28] [RECOVERY] Recovering crashed or new project: project:3006
[2026-03-26 11:55:27] [START] Launching: project:3006 @ 3006
[2026-03-26 11:55:33] [OK] PID 52544 started for project:3006
[2026-03-26 11:55:46] [RECOVERY] Recovering crashed or new project: project:3004
[2026-03-26 11:57:44] [START] Launching: project:3004 @ 3004
[2026-03-26 11:57:47] [OK] PID 78172 started for project:3004
[2026-03-26 11:57:52] [RECOVERY] Recovering crashed or new project: project:3005
[2026-03-26 12:00:34] [START] Launching: project:3005 @ 3005
[2026-03-26 12:00:42] [OK] PID 64480 started for project:3005
[2026-03-26 12:00:49] [RECOVERY] Recovering crashed or new project: project:3008
[2026-03-26 12:03:18] [START] Launching: project:3008 @ 3008
[2026-03-26 12:03:21] [OK] PID 74184 started for project:3008
[2026-03-26 12:03:23] [RECOVERY] Recovering crashed or new project: project:3009
[2026-03-26 12:03:59] [START] Launching: project:3009 @ 3009
[2026-03-26 12:04:02] [OK] PID 66808 started for project:3009
[2026-03-26 12:17:00] [START] Launching: project:3007 @ 3007
[2026-03-26 12:17:05] [OK] PID 72032 started for project:3007
[2026-03-26 12:24:01] [START] Performing Magic Startup...
[2026-03-26 12:24:01] Current Base Path: D:\tailscale magic
[2026-03-26 12:24:01] Project Config: D:\tailscale magic\projects.json
[2026-03-26 12:24:01] System PATH: C:\Users\b-qu\AppData\Local\Temp\_MEI275602\pywin32_system32;C:\Program Files\NVIDIA GPU Computing Toolkit\CUDA\v13.1\bin\x64;C:\Program Files\NVIDIA GPU Computing Toolkit\CUDA\v13.1\bin;C:\WINDOWS\system32\image2video\.venv\Scripts;C:\Program Files\Eclipse Adoptium\jdk-21.0.10.7-hotspot\bin;C:\Program Files\Eclipse Adoptium\jdk-8.0.472.8-hotspot\bin;C:\Program Files (x86)\Common Files\Oracle\Java\java8path;C:\Program Files (x86)\Common Files\Oracle\Java\javapath;C:\Program Files\NVIDIA GPU Computing Toolkit\CUDA\v13.0\bin\x64;C:\Program Files\NVIDIA GPU Computing Toolkit\CUDA\v13.0\bin;C:\WINDOWS\system32;C:\WINDOWS;C:\WINDOWS\System32\Wbem;C:\WINDOWS\System32\WindowsPowerShell\v1.0\;C:\WINDOWS\System32\OpenSSH\;C:\Program Files\NVIDIA Corporation\NVIDIA App\NvDLISR;C:\Program Files (x86)\NVIDIA Corporation\PhysX\Common;C:\Program Files\dotnet\;C:\Program Files\Git\cmd;C:\Program Files\Tailscale\;C:\Users\b-qu\AppData\Local\Programs\Python\Python312\Scripts\;C:\Users\b-qu\AppData\Local\Programs\Python\Python312\;C:\Users\b-qu\scoop\apps\git\current\cmd;C:\Users\b-qu\scoop\shim;C:\WINDOWS\system32;C:\WINDOWS;C:\WINDOWS\System32\Wbem;C:\WINDOWS\System32\WindowsPowerShell\v1.0\;C:\WINDOWS\System32\OpenSSH\;C:\Program Files\nodejs\;C:\Program Files\NVIDIA Corporation\Nsight Compute 2025.4.1\;C:\Program Files\Go\bin;C:\Program Files\Microsoft SQL Server\170\Tools\Binn\;C:\Program Files\Microsoft SQL Server\Client SDK\ODBC\170\Tools\Binn\;C:\Program Files (x86)\IncrediBuild;C:\Program Files (x86)\Windows Kits\10\Windows Performance Toolkit\;C:\Program Files\PowerShell\7\;C:\Users\b-qu\.cargo\bin;C:\Users\b-qu\AppData\Local\Programs\Python\Python312\Scripts\;C:\Users\b-qu\AppData\Local\Programs\Python\Python312\;C:\Users\b-qu\AppData\Local\Programs\Python\Launcher\;C:\Users\b-qu\scoop\apps\git\current\cmd;C:\Users\b-qu\scoop\shims;C:\Users\b-qu\.local\bin;C:\Users\b-qu\AppData\Local\Microsoft\WindowsApps;C:\Users\b-qu\.dotnet\tools;C:\Users\b-qu\AppData\Local\Microsoft\WinGet\Links;C:\cloudflared;;C:\Users\b-qu\AppData\Local\Programs\Ollama;C:\Users\b-qu\AppData\Local\Programs\Microsoft VS Code\bin;C:\Users\b-qu\AppData\Roaming\npm;C:\Users\b-qu\go\bin;D:\Users\b-qu\AppData\Local\Programs\Antigravity\bin
[2026-03-26 12:24:08] ⚠️ Port 3002 is occupied by PID 68788 (node.exe)
[2026-03-26 12:24:08] [CLEAN] Clearing port 3002 for project launch...
[2026-03-26 12:24:08] ⚠️ Port 3002 is occupied by PID 68788 (node.exe)
[2026-03-26 12:24:08] [CLEAN] Clearing port 3002 for project launch...
[2026-03-26 12:24:09] [START] Launching: project:3002 @ 3002
[2026-03-26 12:24:09] [OK] PID 76784 started for project:3002
[2026-03-26 12:24:16] ⚠️ Port 3003 is occupied by PID 73868 (node.exe)
[2026-03-26 12:24:16] [CLEAN] Clearing port 3003 for project launch...
[2026-03-26 12:24:16] ⚠️ Port 3003 is occupied by PID 73868 (node.exe)
[2026-03-26 12:24:16] [CLEAN] Clearing port 3003 for project launch...
[2026-03-26 12:24:16] [START] Launching: project:3003 @ 3003
[2026-03-26 12:24:16] [OK] PID 46700 started for project:3003
[2026-03-26 12:24:23] [RECOVERY] Recovering crashed or new project: project:3007
[2026-03-26 12:24:25] ⚠️ Port 3006 is occupied by PID 73904 (node.exe)
[2026-03-26 12:24:25] [CLEAN] Clearing port 3006 for project launch...
[2026-03-26 12:24:25] ⚠️ Port 3006 is occupied by PID 73904 (node.exe)
[2026-03-26 12:24:26] [CLEAN] Clearing port 3006 for project launch...
[2026-03-26 12:24:27] [START] Launching: project:3006 @ 3006
[2026-03-26 12:24:29] [OK] PID 73964 started for project:3006
[2026-03-26 12:24:44] [START] Launching: project:3007 @ 3007
[2026-03-26 12:24:45] [OK] PID 22320 started for project:3007
[2026-03-26 12:24:47] ⚠️ Port 3004 is occupied by PID 70168 (node.exe)
[2026-03-26 12:24:47] [CLEAN] Clearing port 3004 for project launch...
[2026-03-26 12:24:47] ⚠️ Port 3004 is occupied by PID 70168 (node.exe)
[2026-03-26 12:24:47] [CLEAN] Clearing port 3004 for project launch...
[2026-03-26 12:24:48] [START] Launching: project:3004 @ 3004
[2026-03-26 12:24:49] [OK] PID 78008 started for project:3004
[2026-03-26 12:25:08] ⚠️ Port 3005 is occupied by PID 74868 (node.exe)
[2026-03-26 12:25:09] [CLEAN] Clearing port 3005 for project launch...
[2026-03-26 12:25:09] ⚠️ Port 3005 is occupied by PID 74868 (node.exe)
[2026-03-26 12:25:09] [CLEAN] Clearing port 3005 for project launch...
[2026-03-26 12:25:10] [START] Launching: project:3005 @ 3005
[2026-03-26 12:25:11] [OK] PID 73736 started for project:3005
[2026-03-26 12:25:34] ⚠️ Port 3008 is occupied by PID 52984 (node.exe)
[2026-03-26 12:25:35] [CLEAN] Clearing port 3008 for project launch...
[2026-03-26 12:25:35] ⚠️ Port 3008 is occupied by PID 52984 (node.exe)
[2026-03-26 12:25:35] [CLEAN] Clearing port 3008 for project launch...
[2026-03-26 12:25:41] [START] Launching: project:3008 @ 3008
[2026-03-26 12:25:43] [OK] PID 71124 started for project:3008
[2026-03-26 12:26:10] ⚠️ Port 3007 is occupied by PID 67920 (node.exe)
[2026-03-26 12:26:10] [CLEAN] Clearing port 3007 for project launch...
[2026-03-26 12:26:10] ⚠️ Port 3007 is occupied by PID 67920 (node.exe)
[2026-03-26 12:26:11] [CLEAN] Clearing port 3007 for project launch...
[2026-03-26 12:26:12] [START] Launching: project:3007 @ 3007
[2026-03-26 12:26:13] [OK] PID 67420 started for project:3007
[2026-03-26 12:30:36] [START] Performing Magic Startup...
[2026-03-26 12:30:36] Current Base Path: D:\tailscale magic
[2026-03-26 12:30:36] Project Config: D:\tailscale magic\projects.json
[2026-03-26 12:30:36] System PATH: C:\Users\b-qu\AppData\Local\Temp\_MEI32682\pywin32_system32;C:\Program Files\NVIDIA GPU Computing Toolkit\CUDA\v13.1\bin\x64;C:\Program Files\NVIDIA GPU Computing Toolkit\CUDA\v13.1\bin;C:\WINDOWS\system32\image2video\.venv\Scripts;C:\Program Files\Eclipse Adoptium\jdk-21.0.10.7-hotspot\bin;C:\Program Files\Eclipse Adoptium\jdk-8.0.472.8-hotspot\bin;C:\Program Files (x86)\Common Files\Oracle\Java\java8path;C:\Program Files (x86)\Common Files\Oracle\Java\javapath;C:\Program Files\NVIDIA GPU Computing Toolkit\CUDA\v13.0\bin\x64;C:\Program Files\NVIDIA GPU Computing Toolkit\CUDA\v13.0\bin;C:\WINDOWS\system32;C:\WINDOWS;C:\WINDOWS\System32\Wbem;C:\WINDOWS\System32\WindowsPowerShell\v1.0\;C:\WINDOWS\System32\OpenSSH\;C:\Program Files\NVIDIA Corporation\NVIDIA App\NvDLISR;C:\Program Files (x86)\NVIDIA Corporation\PhysX\Common;C:\Program Files\dotnet\;C:\Program Files\Git\cmd;C:\Program Files\Tailscale\;C:\Users\b-qu\AppData\Local\Programs\Python\Python312\Scripts\;C:\Users\b-qu\AppData\Local\Programs\Python\Python312\;C:\Users\b-qu\scoop\apps\git\current\cmd;C:\Users\b-qu\scoop\shim;C:\WINDOWS\system32;C:\WINDOWS;C:\WINDOWS\System32\Wbem;C:\WINDOWS\System32\WindowsPowerShell\v1.0\;C:\WINDOWS\System32\OpenSSH\;C:\Program Files\nodejs\;C:\Program Files\NVIDIA Corporation\Nsight Compute 2025.4.1\;C:\Program Files\Go\bin;C:\Program Files\Microsoft SQL Server\170\Tools\Binn\;C:\Program Files\Microsoft SQL Server\Client SDK\ODBC\170\Tools\Binn\;C:\Program Files (x86)\IncrediBuild;C:\Program Files (x86)\Windows Kits\10\Windows Performance Toolkit\;C:\Program Files\PowerShell\7\;C:\Users\b-qu\.cargo\bin;C:\Users\b-qu\AppData\Local\Programs\Python\Python312\Scripts\;C:\Users\b-qu\AppData\Local\Programs\Python\Python312\;C:\Users\b-qu\AppData\Local\Programs\Python\Launcher\;C:\Users\b-qu\scoop\apps\git\current\cmd;C:\Users\b-qu\scoop\shims;C:\Users\b-qu\.local\bin;C:\Users\b-qu\AppData\Local\Microsoft\WindowsApps;C:\Users\b-qu\.dotnet\tools;C:\Users\b-qu\AppData\Local\Microsoft\WinGet\Links;C:\cloudflared;;C:\Users\b-qu\AppData\Local\Programs\Ollama;C:\Users\b-qu\AppData\Local\Programs\Microsoft VS Code\bin;C:\Users\b-qu\AppData\Roaming\npm;C:\Users\b-qu\go\bin;D:\Users\b-qu\AppData\Local\Programs\Antigravity\bin
[2026-03-26 12:30:43] ⚠️ Port 3002 is occupied by PID 75560 (node.exe)
[2026-03-26 12:30:43] [CLEAN] Clearing port 3002 for project launch...
[2026-03-26 12:30:43] ⚠️ Port 3002 is occupied by PID 75560 (node.exe)
[2026-03-26 12:30:43] [CLEAN] Clearing port 3002 for project launch...
[2026-03-26 12:30:43] [START] Launching: project:3002 @ 3002
[2026-03-26 12:30:43] [OK] PID 53564 started for project:3002
[2026-03-26 12:30:52] ⚠️ Port 3003 is occupied by PID 71928 (node.exe)
[2026-03-26 12:30:52] [CLEAN] Clearing port 3003 for project launch...
[2026-03-26 12:30:52] ⚠️ Port 3003 is occupied by PID 71928 (node.exe)
[2026-03-26 12:30:52] [CLEAN] Clearing port 3003 for project launch...
[2026-03-26 12:30:53] [START] Launching: project:3003 @ 3003
[2026-03-26 12:30:53] [OK] PID 3084 started for project:3003
[2026-03-26 12:31:14] ⚠️ Port 3006 is occupied by PID 54688 (node.exe)
[2026-03-26 12:31:14] [CLEAN] Clearing port 3006 for project launch...
[2026-03-26 12:31:14] ⚠️ Port 3006 is occupied by PID 54688 (node.exe)
[2026-03-26 12:31:14] [CLEAN] Clearing port 3006 for project launch...
[2026-03-26 12:31:18] [RECOVERY] Recovering crashed or new project: project:3006
[2026-03-26 12:31:18] [START] Launching: project:3006 @ 3006
[2026-03-26 12:31:20] [OK] PID 77432 started for project:3006
[2026-03-26 12:31:44] ⚠️ Port 3004 is occupied by PID 40924 (node.exe)
[2026-03-26 12:31:44] [START] Launching: project:3006 @ 3006
[2026-03-26 12:31:45] [CLEAN] Clearing port 3004 for project launch...
[2026-03-26 12:31:47] [OK] PID 74080 started for project:3006
[2026-03-26 12:31:48] [START] Launching: project:3004 @ 3004
[2026-03-26 12:31:48] [RECOVERY] Recovering crashed or new project: project:3004
[2026-03-26 12:31:49] [OK] PID 41368 started for project:3004
[2026-03-26 12:31:59] ⚠️ Port 3004 is occupied by PID 58428 (node.exe)
[2026-03-26 12:31:59] [CLEAN] Clearing port 3004 for project launch...
[2026-03-26 12:32:00] ⚠️ Port 3005 is occupied by PID 69580 (node.exe)
[2026-03-26 12:32:00] [CLEAN] Clearing port 3005 for project launch...
[2026-03-26 12:32:00] ⚠️ Port 3005 is occupied by PID 69580 (node.exe)
[2026-03-26 12:32:00] [CLEAN] Clearing port 3005 for project launch...
[2026-03-26 12:32:00] [START] Launching: project:3004 @ 3004
[2026-03-26 12:32:01] [START] Launching: project:3005 @ 3005
[2026-03-26 12:32:01] [OK] PID 74788 started for project:3004
[2026-03-26 12:32:01] [OK] PID 18392 started for project:3005
[2026-03-26 12:32:01] [RECOVERY] Recovering crashed or new project: project:3007
[2026-03-26 12:32:02] ⚠️ Port 3007 is occupied by PID 0 (System Idle Process)
[2026-03-26 12:32:02] [CLEAN] Clearing port 3007 for project launch...
[2026-03-26 12:32:12] ⚠️ Port 3008 is occupied by PID 69712 (node.exe)
[2026-03-26 12:32:12] [CLEAN] Clearing port 3008 for project launch...
[2026-03-26 12:32:12] ⚠️ Port 3008 is occupied by PID 69712 (node.exe)
[2026-03-26 12:32:12] [CLEAN] Clearing port 3008 for project launch...
[2026-03-26 12:32:12] [START] Launching: project:3007 @ 3007
[2026-03-26 12:32:13] [START] Launching: project:3008 @ 3008
[2026-03-26 12:32:13] [OK] PID 57780 started for project:3007
[2026-03-26 12:32:14] [OK] PID 52980 started for project:3008
[2026-03-26 12:32:26] [RECOVERY] Recovering crashed or new project: project:3006
[2026-03-26 12:32:27] [START] Launching: project:3007 @ 3007
[2026-03-26 12:32:28] [OK] PID 63864 started for project:3007
[2026-03-26 12:32:39] ⚠️ Port 3006 is occupied by PID 27292 (node.exe)
[2026-03-26 12:32:39] [CLEAN] Clearing port 3006 for project launch...
[2026-03-26 12:32:39] ⚠️ Port 3006 is occupied by PID 27292 (node.exe)
[2026-03-26 12:32:39] [CLEAN] Clearing port 3006 for project launch...
[2026-03-26 12:32:49] [START] Launching: project:3006 @ 3006
[2026-03-26 12:32:52] [OK] PID 77004 started for project:3006
[2026-03-26 12:32:58] [RECOVERY] Recovering crashed or new project: project:3007
[2026-03-26 12:33:01] ⚠️ Port 3007 is occupied by PID 0 (System Idle Process)
[2026-03-26 12:33:02] [CLEAN] Clearing port 3007 for project launch...
[2026-03-26 12:34:33] ⚠️ Port 3007 is occupied by PID 74732 (node.exe)
[2026-03-26 12:34:33] [CLEAN] Clearing port 3007 for project launch...
[2026-03-26 12:34:34] ⚠️ Port 3007 is occupied by PID 74732 (node.exe)
[2026-03-26 12:34:34] [CLEAN] Clearing port 3007 for project launch...
[2026-03-26 12:34:36] [START] Launching: project:3007 @ 3007
[2026-03-26 12:34:39] [OK] PID 23964 started for project:3007
[2026-03-26 12:43:47] [START] Performing Magic Startup...
[2026-03-26 12:43:47] Current Base Path: D:\tailscale magic
[2026-03-26 12:43:47] Project Config: D:\tailscale magic\projects.json
[2026-03-26 12:43:47] System PATH: C:\Users\b-qu\AppData\Local\Temp\_MEI149122\pywin32_system32;C:\Program Files\NVIDIA GPU Computing Toolkit\CUDA\v13.1\bin\x64;C:\Program Files\NVIDIA GPU Computing Toolkit\CUDA\v13.1\bin;C:\WINDOWS\system32\image2video\.venv\Scripts;C:\Program Files\Eclipse Adoptium\jdk-21.0.10.7-hotspot\bin;C:\Program Files\Eclipse Adoptium\jdk-8.0.472.8-hotspot\bin;C:\Program Files (x86)\Common Files\Oracle\Java\java8path;C:\Program Files (x86)\Common Files\Oracle\Java\javapath;C:\Program Files\NVIDIA GPU Computing Toolkit\CUDA\v13.0\bin\x64;C:\Program Files\NVIDIA GPU Computing Toolkit\CUDA\v13.0\bin;C:\WINDOWS\system32;C:\WINDOWS;C:\WINDOWS\System32\Wbem;C:\WINDOWS\System32\WindowsPowerShell\v1.0\;C:\WINDOWS\System32\OpenSSH\;C:\Program Files\NVIDIA Corporation\NVIDIA App\NvDLISR;C:\Program Files (x86)\NVIDIA Corporation\PhysX\Common;C:\Program Files\dotnet\;C:\Program Files\Git\cmd;C:\Program Files\Tailscale\;C:\Users\b-qu\AppData\Local\Programs\Python\Python312\Scripts\;C:\Users\b-qu\AppData\Local\Programs\Python\Python312\;C:\Users\b-qu\scoop\apps\git\current\cmd;C:\Users\b-qu\scoop\shim;C:\WINDOWS\system32;C:\WINDOWS;C:\WINDOWS\System32\Wbem;C:\WINDOWS\System32\WindowsPowerShell\v1.0\;C:\WINDOWS\System32\OpenSSH\;C:\Program Files\nodejs\;C:\Program Files\NVIDIA Corporation\Nsight Compute 2025.4.1\;C:\Program Files\Go\bin;C:\Program Files\Microsoft SQL Server\170\Tools\Binn\;C:\Program Files\Microsoft SQL Server\Client SDK\ODBC\170\Tools\Binn\;C:\Program Files (x86)\IncrediBuild;C:\Program Files (x86)\Windows Kits\10\Windows Performance Toolkit\;C:\Program Files\PowerShell\7\;C:\Users\b-qu\.cargo\bin;C:\Users\b-qu\AppData\Local\Programs\Python\Python312\Scripts\;C:\Users\b-qu\AppData\Local\Programs\Python\Python312\;C:\Users\b-qu\AppData\Local\Programs\Python\Launcher\;C:\Users\b-qu\scoop\apps\git\current\cmd;C:\Users\b-qu\scoop\shims;C:\Users\b-qu\.local\bin;C:\Users\b-qu\AppData\Local\Microsoft\WindowsApps;C:\Users\b-qu\.dotnet\tools;C:\Users\b-qu\AppData\Local\Microsoft\WinGet\Links;C:\cloudflared;;C:\Users\b-qu\AppData\Local\Programs\Ollama;C:\Users\b-qu\AppData\Local\Programs\Microsoft VS Code\bin;C:\Users\b-qu\AppData\Roaming\npm;C:\Users\b-qu\go\bin;D:\Users\b-qu\AppData\Local\Programs\Antigravity\bin
[2026-03-26 12:43:50] [START] Launching: project:3002 @ 3002
[2026-03-26 12:43:51] [OK] PID 8416 started for project:3002
[2026-03-26 12:43:54] [START] Launching: project:3003 @ 3003
[2026-03-26 12:43:54] [OK] PID 24752 started for project:3003
[2026-03-26 12:43:57] [RECOVERY] Recovering crashed or new project: project:3006
[2026-03-26 12:43:58] [START] Launching: project:3006 @ 3006
[2026-03-26 12:43:58] [OK] PID 25572 started for project:3006
[2026-03-26 12:44:03] [START] Launching: project:3006 @ 3006
[2026-03-26 12:44:04] [OK] PID 25872 started for project:3006
[2026-03-26 12:44:04] [START] Launching: project:3004 @ 3004
[2026-03-26 12:44:04] [RECOVERY] Recovering crashed or new project: project:3004
[2026-03-26 12:44:04] [OK] PID 26008 started for project:3004
[2026-03-26 12:44:11] [START] Launching: project:3004 @ 3004
[2026-03-26 12:44:11] [START] Launching: project:3005 @ 3005
[2026-03-26 12:44:11] [OK] PID 26368 started for project:3005
[2026-03-26 12:44:12] [OK] PID 25896 started for project:3004
[2026-03-26 12:44:12] [RECOVERY] Recovering crashed or new project: project:3008
[2026-03-26 12:44:19] [START] Launching: project:3008 @ 3008
[2026-03-26 12:44:19] [OK] PID 27072 started for project:3008
[2026-03-26 12:44:19] [START] Launching: project:3008 @ 3008
[2026-03-26 12:44:20] [OK] PID 27248 started for project:3008
[2026-03-26 12:44:20] [RECOVERY] Recovering crashed or new project: project:3007
[2026-03-26 12:44:26] [START] Launching: project:3007 @ 3007
[2026-03-26 12:44:27] [OK] PID 11344 started for project:3007
[2026-03-26 12:44:27] [START] Launching: project:3007 @ 3007
[2026-03-26 12:44:27] [OK] PID 27160 started for project:3007
[2026-03-26 12:44:27] [FUNNEL-HEAL] Dashboard Funnel DOWN. Re-establishing on port 8443...
[2026-03-26 12:44:27] [FUNNEL-HEAL] Funnel DOWN for existing:3001 (port 3001). Re-establishing...
[2026-03-26 12:44:27] [FUNNEL-HEAL] FAILED to restore existing:3001: unexpected state: NoState

[2026-03-26 12:44:37] [RECOVERY] Recovering crashed or new project: project:3006
[2026-03-26 12:44:41] ⚠️ Port 3006 is occupied by PID 25064 (node.exe)
[2026-03-26 12:44:41] [CLEAN] Clearing port 3006 for project launch...
[2026-03-26 12:44:41] ⚠️ Port 3006 is occupied by PID 25064 (node.exe)
[2026-03-26 12:44:41] [CLEAN] Clearing port 3006 for project launch...
[2026-03-26 12:44:41] [START] Launching: project:3006 @ 3006
[2026-03-26 12:44:41] [OK] PID 3140 started for project:3006
[2026-03-26 12:44:41] [FUNNEL-HEAL] Dashboard Funnel DOWN. Re-establishing on port 8443...
[2026-03-26 12:44:41] [FUNNEL-HEAL] Funnel DOWN for existing:3001 (port 3001). Re-establishing...
[2026-03-26 12:44:42] [FUNNEL-HEAL] FAILED to restore existing:3001: unexpected state: NoState

[2026-03-26 12:45:12] [FUNNEL-HEAL] Dashboard Funnel DOWN. Re-establishing on port 8443...
[2026-03-26 12:45:12] [FUNNEL-HEAL] Funnel DOWN for existing:3001 (port 3001). Re-establishing...
[2026-03-26 12:45:12] [FUNNEL-HEAL] FAILED to restore existing:3001: unexpected state: NoState

[2026-03-26 13:27:53] [START] Performing Magic Startup...
[2026-03-26 13:27:53] Current Base Path: D:\tailscale magic
[2026-03-26 13:27:53] Project Config: D:\tailscale magic\projects.json
[2026-03-26 13:27:53] System PATH: C:\Users\b-qu\AppData\Local\Temp\_MEI298442\pywin32_system32;C:\Program Files\NVIDIA GPU Computing Toolkit\CUDA\v13.1\bin\x64;C:\Program Files\NVIDIA GPU Computing Toolkit\CUDA\v13.1\bin;C:\WINDOWS\system32\image2video\.venv\Scripts;C:\Program Files\Eclipse Adoptium\jdk-21.0.10.7-hotspot\bin;C:\Program Files\Eclipse Adoptium\jdk-8.0.472.8-hotspot\bin;C:\Program Files (x86)\Common Files\Oracle\Java\java8path;C:\Program Files (x86)\Common Files\Oracle\Java\javapath;C:\Program Files\NVIDIA GPU Computing Toolkit\CUDA\v13.0\bin\x64;C:\Program Files\NVIDIA GPU Computing Toolkit\CUDA\v13.0\bin;C:\WINDOWS\system32;C:\WINDOWS;C:\WINDOWS\System32\Wbem;C:\WINDOWS\System32\WindowsPowerShell\v1.0\;C:\WINDOWS\System32\OpenSSH\;C:\Program Files\NVIDIA Corporation\NVIDIA App\NvDLISR;C:\Program Files (x86)\NVIDIA Corporation\PhysX\Common;C:\Program Files\dotnet\;C:\Program Files\Git\cmd;C:\Program Files\Tailscale\;C:\Users\b-qu\AppData\Local\Programs\Python\Python312\Scripts\;C:\Users\b-qu\AppData\Local\Programs\Python\Python312\;C:\Users\b-qu\scoop\apps\git\current\cmd;C:\Users\b-qu\scoop\shim;C:\WINDOWS\system32;C:\WINDOWS;C:\WINDOWS\System32\Wbem;C:\WINDOWS\System32\WindowsPowerShell\v1.0\;C:\WINDOWS\System32\OpenSSH\;C:\Program Files\nodejs\;C:\Program Files\NVIDIA Corporation\Nsight Compute 2025.4.1\;C:\Program Files\Go\bin;C:\Program Files\Microsoft SQL Server\170\Tools\Binn\;C:\Program Files\Microsoft SQL Server\Client SDK\ODBC\170\Tools\Binn\;C:\Program Files (x86)\IncrediBuild;C:\Program Files (x86)\Windows Kits\10\Windows Performance Toolkit\;C:\Program Files\PowerShell\7\;C:\Users\b-qu\.cargo\bin;C:\Users\b-qu\AppData\Local\Programs\Python\Python312\Scripts\;C:\Users\b-qu\AppData\Local\Programs\Python\Python312\;C:\Users\b-qu\AppData\Local\Programs\Python\Launcher\;C:\Users\b-qu\scoop\apps\git\current\cmd;C:\Users\b-qu\scoop\shims;C:\Users\b-qu\.local\bin;C:\Users\b-qu\AppData\Local\Microsoft\WindowsApps;C:\Users\b-qu\.dotnet\tools;C:\Users\b-qu\AppData\Local\Microsoft\WinGet\Links;C:\cloudflared;;C:\Users\b-qu\AppData\Local\Programs\Ollama;C:\Users\b-qu\AppData\Local\Programs\Microsoft VS Code\bin;C:\Users\b-qu\AppData\Roaming\npm;C:\Users\b-qu\go\bin;D:\Users\b-qu\AppData\Local\Programs\Antigravity\bin
[2026-03-26 13:27:53] ⚠️ Port 3002 is occupied by PID 2316 (node.exe)
[2026-03-26 13:27:53] [CLEAN] Clearing port 3002 for project launch...
[2026-03-26 13:27:53] ⚠️ Port 3002 is occupied by PID 2316 (node.exe)
[2026-03-26 13:27:53] [CLEAN] Clearing port 3002 for project launch...
[2026-03-26 13:27:56] [START] Launching: project:3002 @ 3002
[2026-03-26 13:27:56] [OK] PID 17868 started for project:3002
[2026-03-26 13:27:59] ⚠️ Port 3003 is occupied by PID 24888 (node.exe)
[2026-03-26 13:27:59] [CLEAN] Clearing port 3003 for project launch...
[2026-03-26 13:27:59] ⚠️ Port 3003 is occupied by PID 24888 (node.exe)
[2026-03-26 13:27:59] [CLEAN] Clearing port 3003 for project launch...
[2026-03-26 13:27:59] [START] Launching: project:3003 @ 3003
[2026-03-26 13:27:59] [OK] PID 23452 started for project:3003
[2026-03-26 13:28:05] ⚠️ Port 3006 is occupied by PID 25092 (node.exe)
[2026-03-26 13:28:05] [CLEAN] Clearing port 3006 for project launch...
[2026-03-26 13:28:05] ⚠️ Port 3006 is occupied by PID 25092 (node.exe)
[2026-03-26 13:28:05] [CLEAN] Clearing port 3006 for project launch...
[2026-03-26 13:28:05] [START] Launching: project:3006 @ 3006
[2026-03-26 13:28:05] [OK] PID 11524 started for project:3006
[2026-03-26 13:28:10] ⚠️ Port 3004 is occupied by PID 26396 (node.exe)
[2026-03-26 13:28:10] [CLEAN] Clearing port 3004 for project launch...
[2026-03-26 13:28:10] [START] Launching: project:3004 @ 3004
[2026-03-26 13:28:10] [OK] PID 5248 started for project:3004
[2026-03-26 13:28:15] ⚠️ Port 3005 is occupied by PID 26612 (node.exe)
[2026-03-26 13:28:15] [CLEAN] Clearing port 3005 for project launch...
[2026-03-26 13:28:15] ⚠️ Port 3005 is occupied by PID 26612 (node.exe)
[2026-03-26 13:28:15] [CLEAN] Clearing port 3005 for project launch...
[2026-03-26 13:28:16] [START] Launching: project:3005 @ 3005
[2026-03-26 13:28:16] [OK] PID 3804 started for project:3005
[2026-03-26 13:28:17] ⚠️ Port 3008 is occupied by PID 2040 (node.exe)
[2026-03-26 13:28:17] [CLEAN] Clearing port 3008 for project launch...
[2026-03-26 13:28:18] ⚠️ Port 3008 is occupied by PID 2040 (node.exe)
[2026-03-26 13:28:18] [CLEAN] Clearing port 3008 for project launch...
[2026-03-26 13:28:24] [START] Launching: project:3008 @ 3008
[2026-03-26 13:28:24] [RECOVERY] Recovering crashed or new project: project:3008
[2026-03-26 13:28:25] [OK] PID 13100 started for project:3008
[2026-03-26 13:28:25] ⚠️ Port 3007 is occupied by PID 0 (System Idle Process)
[2026-03-26 13:28:25] [CLEAN] Clearing port 3007 for project launch...
[2026-03-26 13:28:34] [START] Launching: project:3008 @ 3008
[2026-03-26 13:28:35] [OK] PID 11320 started for project:3008
[2026-03-26 13:28:35] [START] Launching: project:3007 @ 3007
[2026-03-26 13:28:35] [RECOVERY] Recovering crashed or new project: project:3007
[2026-03-26 13:28:36] [OK] PID 15548 started for project:3007
[2026-03-26 13:28:42] [START] Launching: project:3007 @ 3007
[2026-03-26 13:28:42] [OK] PID 3624 started for project:3007
[2026-03-26 13:28:52] [RECOVERY] Recovering crashed or new project: project:3007
[2026-03-26 13:28:52] ⚠️ Port 3007 is occupied by PID 0 (System Idle Process)
[2026-03-26 13:28:52] [CLEAN] Clearing port 3007 for project launch...
[2026-03-26 13:28:59] ⚠️ Port 3007 is occupied by PID 28148 (node.exe)
[2026-03-26 13:28:59] [CLEAN] Clearing port 3007 for project launch...
[2026-03-26 13:28:59] ⚠️ Port 3007 is occupied by PID 28148 (node.exe)
[2026-03-26 13:28:59] [CLEAN] Clearing port 3007 for project launch...
[2026-03-26 13:28:59] [START] Launching: project:3007 @ 3007
[2026-03-26 13:28:59] [OK] PID 11232 started for project:3007
[2026-03-26 13:29:31] [RECOVERY] Recovering crashed or new project: project:3008
[2026-03-26 13:29:44] ⚠️ Port 3008 is occupied by PID 16232 (node.exe)
[2026-03-26 13:29:44] [CLEAN] Clearing port 3008 for project launch...
[2026-03-26 13:29:44] ⚠️ Port 3008 is occupied by PID 16232 (node.exe)
[2026-03-26 13:29:44] [CLEAN] Clearing port 3008 for project launch...
[2026-03-26 13:29:48] [START] Launching: project:3008 @ 3008
[2026-03-26 13:29:48] [OK] PID 24672 started for project:3008
[2026-03-26 14:29:11] [START] Performing Magic Startup...
[2026-03-26 14:29:11] Current Base Path: D:\tailscale magic
[2026-03-26 14:29:11] Project Config: D:\tailscale magic\projects.json
[2026-03-26 14:29:11] System PATH: C:\Users\b-qu\AppData\Local\Temp\_MEI249842\pywin32_system32;C:\Program Files\NVIDIA GPU Computing Toolkit\CUDA\v13.1\bin\x64;C:\Program Files\NVIDIA GPU Computing Toolkit\CUDA\v13.1\bin;C:\WINDOWS\system32\image2video\.venv\Scripts;C:\Program Files\Eclipse Adoptium\jdk-21.0.10.7-hotspot\bin;C:\Program Files\Eclipse Adoptium\jdk-8.0.472.8-hotspot\bin;C:\Program Files (x86)\Common Files\Oracle\Java\java8path;C:\Program Files (x86)\Common Files\Oracle\Java\javapath;C:\Program Files\NVIDIA GPU Computing Toolkit\CUDA\v13.0\bin\x64;C:\Program Files\NVIDIA GPU Computing Toolkit\CUDA\v13.0\bin;C:\WINDOWS\system32;C:\WINDOWS;C:\WINDOWS\System32\Wbem;C:\WINDOWS\System32\WindowsPowerShell\v1.0\;C:\WINDOWS\System32\OpenSSH\;C:\Program Files\NVIDIA Corporation\NVIDIA App\NvDLISR;C:\Program Files (x86)\NVIDIA Corporation\PhysX\Common;C:\Program Files\dotnet\;C:\Program Files\Git\cmd;C:\Program Files\Tailscale\;C:\Users\b-qu\AppData\Local\Programs\Python\Python312\Scripts\;C:\Users\b-qu\AppData\Local\Programs\Python\Python312\;C:\Users\b-qu\scoop\apps\git\current\cmd;C:\Users\b-qu\scoop\shim;C:\WINDOWS\system32;C:\WINDOWS;C:\WINDOWS\System32\Wbem;C:\WINDOWS\System32\WindowsPowerShell\v1.0\;C:\WINDOWS\System32\OpenSSH\;C:\Program Files\nodejs\;C:\Program Files\NVIDIA Corporation\Nsight Compute 2025.4.1\;C:\Program Files\Go\bin;C:\Program Files\Microsoft SQL Server\170\Tools\Binn\;C:\Program Files\Microsoft SQL Server\Client SDK\ODBC\170\Tools\Binn\;C:\Program Files (x86)\IncrediBuild;C:\Program Files (x86)\Windows Kits\10\Windows Performance Toolkit\;C:\Program Files\PowerShell\7\;C:\Users\b-qu\.cargo\bin;C:\Users\b-qu\AppData\Local\Programs\Python\Python312\Scripts\;C:\Users\b-qu\AppData\Local\Programs\Python\Python312\;C:\Users\b-qu\AppData\Local\Programs\Python\Launcher\;C:\Users\b-qu\scoop\apps\git\current\cmd;C:\Users\b-qu\scoop\shims;C:\Users\b-qu\.local\bin;C:\Users\b-qu\AppData\Local\Microsoft\WindowsApps;C:\Users\b-qu\.dotnet\tools;C:\Users\b-qu\AppData\Local\Microsoft\WinGet\Links;C:\cloudflared;;C:\Users\b-qu\AppData\Local\Programs\Ollama;C:\Users\b-qu\AppData\Local\Programs\Microsoft VS Code\bin;C:\Users\b-qu\AppData\Roaming\npm;C:\Users\b-qu\go\bin;D:\Users\b-qu\AppData\Local\Programs\Antigravity\bin
[2026-03-26 14:29:16] ⚠️ Port 3002 is occupied by PID 27664 (node.exe)
[2026-03-26 14:29:17] [CLEAN] Clearing port 3002 for project launch...
[2026-03-26 14:29:17] ⚠️ Port 3002 is occupied by PID 27664 (node.exe)
[2026-03-26 14:29:17] [CLEAN] Clearing port 3002 for project launch...
[2026-03-26 14:29:17] [START] Launching: project:3002 @ 3002
[2026-03-26 14:29:17] [OK] PID 24312 started for project:3002
[2026-03-26 14:29:24] ⚠️ Port 3003 is occupied by PID 17040 (node.exe)
[2026-03-26 14:29:24] [CLEAN] Clearing port 3003 for project launch...
[2026-03-26 14:29:24] ⚠️ Port 3003 is occupied by PID 17040 (node.exe)
[2026-03-26 14:29:24] [CLEAN] Clearing port 3003 for project launch...
[2026-03-26 14:29:26] [START] Launching: project:3003 @ 3003
[2026-03-26 14:29:27] [OK] PID 15912 started for project:3003
[2026-03-26 14:29:42] ⚠️ Port 3006 is occupied by PID 19508 (node.exe)
[2026-03-26 14:29:42] [CLEAN] Clearing port 3006 for project launch...
[2026-03-26 14:29:42] ⚠️ Port 3006 is occupied by PID 19508 (node.exe)
[2026-03-26 14:29:42] [CLEAN] Clearing port 3006 for project launch...
[2026-03-26 14:29:46] [START] Launching: project:3006 @ 3006
[2026-03-26 14:29:46] [OK] PID 14864 started for project:3006
[2026-03-26 14:30:00] ⚠️ Port 3004 is occupied by PID 27352 (node.exe)
[2026-03-26 14:30:00] [CLEAN] Clearing port 3004 for project launch...
[2026-03-26 14:30:00] ⚠️ Port 3004 is occupied by PID 27352 (node.exe)
[2026-03-26 14:30:00] [CLEAN] Clearing port 3004 for project launch...
[2026-03-26 14:30:01] [START] Launching: project:3004 @ 3004
[2026-03-26 14:30:01] [OK] PID 20376 started for project:3004
[2026-03-26 14:30:32] ⚠️ Port 3005 is occupied by PID 25392 (node.exe)
[2026-03-26 14:30:32] [CLEAN] Clearing port 3005 for project launch...
[2026-03-26 14:30:32] ⚠️ Port 3005 is occupied by PID 25392 (node.exe)
[2026-03-26 14:30:33] [CLEAN] Clearing port 3005 for project launch...
[2026-03-26 14:30:38] [START] Launching: project:3005 @ 3005
[2026-03-26 14:30:41] [OK] PID 412 started for project:3005
[2026-03-26 14:30:41] [RECOVERY] Recovering crashed or new project: project:3005
[2026-03-26 14:31:10] ⚠️ Port 3008 is occupied by PID 14932 (node.exe)
[2026-03-26 14:31:10] [CLEAN] Clearing port 3008 for project launch...
[2026-03-26 14:31:11] ⚠️ Port 3008 is occupied by PID 14932 (node.exe)
[2026-03-26 14:31:11] [CLEAN] Clearing port 3008 for project launch...
[2026-03-26 14:31:14] ⚠️ Port 3005 is occupied by PID 28796 (node.exe)
[2026-03-26 14:31:14] [CLEAN] Clearing port 3005 for project launch...
[2026-03-26 14:31:15] [START] Launching: project:3008 @ 3008
[2026-03-26 14:31:15] ⚠️ Port 3005 is occupied by PID 28796 (node.exe)
[2026-03-26 14:31:16] [CLEAN] Clearing port 3005 for project launch...
[2026-03-26 14:31:17] [START] Launching: project:3005 @ 3005
[2026-03-26 14:31:17] [OK] PID 27028 started for project:3008
[2026-03-26 14:31:19] [OK] PID 28996 started for project:3005
[2026-03-26 14:31:22] [RECOVERY] Recovering crashed or new project: project:3007
[2026-03-26 14:31:35] [START] Launching: project:3007 @ 3007
[2026-03-26 14:31:37] [OK] PID 10372 started for project:3007
[2026-03-26 14:31:41] [START] Launching: project:3007 @ 3007
[2026-03-26 14:31:41] [OK] PID 29924 started for project:3007
[2026-03-26 14:31:52] [RECOVERY] Recovering crashed or new project: project:3007
[2026-03-26 14:32:04] [START] Launching: project:3007 @ 3007
[2026-03-26 14:32:04] [OK] PID 9088 started for project:3007
[2026-03-26 14:38:45] [START] Performing Magic Startup...
[2026-03-26 14:38:45] Current Base Path: D:\tailscale magic
[2026-03-26 14:38:45] Project Config: D:\tailscale magic\projects.json
[2026-03-26 14:38:45] System PATH: C:\Users\b-qu\AppData\Local\Temp\_MEI134962\pywin32_system32;C:\Program Files\NVIDIA GPU Computing Toolkit\CUDA\v13.1\bin\x64;C:\Program Files\NVIDIA GPU Computing Toolkit\CUDA\v13.1\bin;C:\WINDOWS\system32\image2video\.venv\Scripts;C:\Program Files\Eclipse Adoptium\jdk-21.0.10.7-hotspot\bin;C:\Program Files\Eclipse Adoptium\jdk-8.0.472.8-hotspot\bin;C:\Program Files (x86)\Common Files\Oracle\Java\java8path;C:\Program Files (x86)\Common Files\Oracle\Java\javapath;C:\Program Files\NVIDIA GPU Computing Toolkit\CUDA\v13.0\bin\x64;C:\Program Files\NVIDIA GPU Computing Toolkit\CUDA\v13.0\bin;C:\WINDOWS\system32;C:\WINDOWS;C:\WINDOWS\System32\Wbem;C:\WINDOWS\System32\WindowsPowerShell\v1.0\;C:\WINDOWS\System32\OpenSSH\;C:\Program Files\NVIDIA Corporation\NVIDIA App\NvDLISR;C:\Program Files (x86)\NVIDIA Corporation\PhysX\Common;C:\Program Files\dotnet\;C:\Program Files\Git\cmd;C:\Program Files\Tailscale\;C:\Users\b-qu\AppData\Local\Programs\Python\Python312\Scripts\;C:\Users\b-qu\AppData\Local\Programs\Python\Python312\;C:\Users\b-qu\scoop\apps\git\current\cmd;C:\Users\b-qu\scoop\shim;C:\WINDOWS\system32;C:\WINDOWS;C:\WINDOWS\System32\Wbem;C:\WINDOWS\System32\WindowsPowerShell\v1.0\;C:\WINDOWS\System32\OpenSSH\;C:\Program Files\nodejs\;C:\Program Files\NVIDIA Corporation\Nsight Compute 2025.4.1\;C:\Program Files\Go\bin;C:\Program Files\Microsoft SQL Server\170\Tools\Binn\;C:\Program Files\Microsoft SQL Server\Client SDK\ODBC\170\Tools\Binn\;C:\Program Files (x86)\IncrediBuild;C:\Program Files (x86)\Windows Kits\10\Windows Performance Toolkit\;C:\Program Files\PowerShell\7\;C:\Users\b-qu\.cargo\bin;C:\Users\b-qu\AppData\Local\Programs\Python\Python312\Scripts\;C:\Users\b-qu\AppData\Local\Programs\Python\Python312\;C:\Users\b-qu\AppData\Local\Programs\Python\Launcher\;C:\Users\b-qu\scoop\apps\git\current\cmd;C:\Users\b-qu\scoop\shims;C:\Users\b-qu\.local\bin;C:\Users\b-qu\AppData\Local\Microsoft\WindowsApps;C:\Users\b-qu\.dotnet\tools;C:\Users\b-qu\AppData\Local\Microsoft\WinGet\Links;C:\cloudflared;;C:\Users\b-qu\AppData\Local\Programs\Ollama;C:\Users\b-qu\AppData\Local\Programs\Microsoft VS Code\bin;C:\Users\b-qu\AppData\Roaming\npm;C:\Users\b-qu\go\bin;D:\Users\b-qu\AppData\Local\Programs\Antigravity\bin
[2026-03-26 14:38:48] ⚠️ Port 3002 is occupied by PID 9808 (node.exe)
[2026-03-26 14:38:48] [CLEAN] Clearing port 3002 for project launch...
[2026-03-26 14:38:48] ⚠️ Port 3002 is occupied by PID 9808 (node.exe)
[2026-03-26 14:38:48] [CLEAN] Clearing port 3002 for project launch...
[2026-03-26 14:38:51] [START] Launching: project:3002 @ 3002
[2026-03-26 14:38:51] [OK] PID 19244 started for project:3002
[2026-03-26 14:38:55] ⚠️ Port 3003 is occupied by PID 14128 (node.exe)
[2026-03-26 14:38:55] [CLEAN] Clearing port 3003 for project launch...
[2026-03-26 14:38:55] ⚠️ Port 3003 is occupied by PID 14128 (node.exe)
[2026-03-26 14:38:55] [CLEAN] Clearing port 3003 for project launch...
[2026-03-26 14:38:55] [RECOVERY] Recovering crashed or new project: project:3003
[2026-03-26 14:38:56] [START] Launching: project:3003 @ 3003
[2026-03-26 14:38:56] [OK] PID 29216 started for project:3003
[2026-03-26 14:39:05] [START] Launching: project:3003 @ 3003
[2026-03-26 14:39:06] [OK] PID 13820 started for project:3003
[2026-03-26 14:39:06] ⚠️ Port 3006 is occupied by PID 30560 (node.exe)
[2026-03-26 14:39:06] [RECOVERY] Recovering crashed or new project: project:3005
[2026-03-26 14:39:06] [CLEAN] Clearing port 3006 for project launch...
[2026-03-26 14:39:06] ⚠️ Port 3006 is occupied by PID 30560 (node.exe)
[2026-03-26 14:39:06] [CLEAN] Clearing port 3006 for project launch...
[2026-03-26 14:39:07] [START] Launching: project:3006 @ 3006
[2026-03-26 14:39:08] [OK] PID 13616 started for project:3006
[2026-03-26 14:39:13] ⚠️ Port 3004 is occupied by PID 6012 (node.exe)
[2026-03-26 14:39:13] [CLEAN] Clearing port 3004 for project launch...
[2026-03-26 14:39:13] ⚠️ Port 3004 is occupied by PID 6012 (node.exe)
[2026-03-26 14:39:13] [CLEAN] Clearing port 3004 for project launch...
[2026-03-26 14:39:14] ⚠️ Port 3005 is occupied by PID 29124 (node.exe)
[2026-03-26 14:39:14] [CLEAN] Clearing port 3005 for project launch...
[2026-03-26 14:39:14] ⚠️ Port 3005 is occupied by PID 29124 (node.exe)
[2026-03-26 14:39:14] [CLEAN] Clearing port 3005 for project launch...
[2026-03-26 14:39:14] [START] Launching: project:3005 @ 3005
[2026-03-26 14:39:14] [OK] PID 1232 started for project:3005
[2026-03-26 14:39:15] [RECOVERY] Recovering crashed or new project: project:3007
[2026-03-26 14:39:15] ⚠️ Port 3007 is occupied by PID 0 (System Idle Process)
[2026-03-26 14:39:15] [CLEAN] Clearing port 3007 for project launch...
[2026-03-26 14:39:15] [START] Launching: project:3004 @ 3004
[2026-03-26 14:39:16] [OK] PID 2300 started for project:3004
[2026-03-26 14:39:21] ⚠️ Port 3005 is occupied by PID 19452 (node.exe)
[2026-03-26 14:39:21] [CLEAN] Clearing port 3005 for project launch...
[2026-03-26 14:39:21] ⚠️ Port 3005 is occupied by PID 19452 (node.exe)
[2026-03-26 14:39:21] [CLEAN] Clearing port 3005 for project launch...
[2026-03-26 14:39:21] [START] Launching: project:3007 @ 3007
[2026-03-26 14:39:22] [OK] PID 7080 started for project:3007
[2026-03-26 14:39:23] [START] Launching: project:3005 @ 3005
[2026-03-26 14:39:23] [OK] PID 4604 started for project:3005
[2026-03-26 14:39:27] ⚠️ Port 3008 is occupied by PID 9620 (node.exe)
[2026-03-26 14:39:27] [CLEAN] Clearing port 3008 for project launch...
[2026-03-26 14:39:27] ⚠️ Port 3008 is occupied by PID 9620 (node.exe)
[2026-03-26 14:39:27] [CLEAN] Clearing port 3008 for project launch...
[2026-03-26 14:39:29] [START] Launching: project:3008 @ 3008
[2026-03-26 14:39:29] [OK] PID 412 started for project:3008
[2026-03-26 14:39:29] ⚠️ Port 3007 is occupied by PID 0 (System Idle Process)
[2026-03-26 14:39:29] [CLEAN] Clearing port 3007 for project launch...
[2026-03-26 14:39:34] ⚠️ Port 3007 is occupied by PID 22008 (node.exe)
[2026-03-26 14:39:34] [CLEAN] Clearing port 3007 for project launch...
[2026-03-26 14:39:34] [START] Launching: project:3007 @ 3007
[2026-03-26 14:39:35] [OK] PID 19316 started for project:3007
[2026-03-26 15:04:59] [START] Performing Magic Startup...
[2026-03-26 15:04:59] Current Base Path: D:\tailscale magic
[2026-03-26 15:04:59] Project Config: D:\tailscale magic\projects.json
[2026-03-26 15:04:59] System PATH: C:\Users\b-qu\AppData\Local\Temp\_MEI170402\pywin32_system32;C:\Program Files\NVIDIA GPU Computing Toolkit\CUDA\v13.1\bin\x64;C:\Program Files\NVIDIA GPU Computing Toolkit\CUDA\v13.1\bin;C:\WINDOWS\system32\image2video\.venv\Scripts;C:\Program Files\Eclipse Adoptium\jdk-21.0.10.7-hotspot\bin;C:\Program Files\Eclipse Adoptium\jdk-8.0.472.8-hotspot\bin;C:\Program Files (x86)\Common Files\Oracle\Java\java8path;C:\Program Files (x86)\Common Files\Oracle\Java\javapath;C:\Program Files\NVIDIA GPU Computing Toolkit\CUDA\v13.0\bin\x64;C:\Program Files\NVIDIA GPU Computing Toolkit\CUDA\v13.0\bin;C:\WINDOWS\system32;C:\WINDOWS;C:\WINDOWS\System32\Wbem;C:\WINDOWS\System32\WindowsPowerShell\v1.0\;C:\WINDOWS\System32\OpenSSH\;C:\Program Files\NVIDIA Corporation\NVIDIA App\NvDLISR;C:\Program Files (x86)\NVIDIA Corporation\PhysX\Common;C:\Program Files\dotnet\;C:\Program Files\Git\cmd;C:\Program Files\Tailscale\;C:\Users\b-qu\AppData\Local\Programs\Python\Python312\Scripts\;C:\Users\b-qu\AppData\Local\Programs\Python\Python312\;C:\Users\b-qu\scoop\apps\git\current\cmd;C:\Users\b-qu\scoop\shim;C:\WINDOWS\system32;C:\WINDOWS;C:\WINDOWS\System32\Wbem;C:\WINDOWS\System32\WindowsPowerShell\v1.0\;C:\WINDOWS\System32\OpenSSH\;C:\Program Files\nodejs\;C:\Program Files\NVIDIA Corporation\Nsight Compute 2025.4.1\;C:\Program Files\Go\bin;C:\Program Files\Microsoft SQL Server\170\Tools\Binn\;C:\Program Files\Microsoft SQL Server\Client SDK\ODBC\170\Tools\Binn\;C:\Program Files (x86)\IncrediBuild;C:\Program Files (x86)\Windows Kits\10\Windows Performance Toolkit\;C:\Program Files\PowerShell\7\;C:\Users\b-qu\.cargo\bin;C:\Users\b-qu\AppData\Local\Programs\Python\Python312\Scripts\;C:\Users\b-qu\AppData\Local\Programs\Python\Python312\;C:\Users\b-qu\AppData\Local\Programs\Python\Launcher\;C:\Users\b-qu\scoop\apps\git\current\cmd;C:\Users\b-qu\scoop\shims;C:\Users\b-qu\.local\bin;C:\Users\b-qu\AppData\Local\Microsoft\WindowsApps;C:\Users\b-qu\.dotnet\tools;C:\Users\b-qu\AppData\Local\Microsoft\WinGet\Links;C:\cloudflared;;C:\Users\b-qu\AppData\Local\Programs\Ollama;C:\Users\b-qu\AppData\Local\Programs\Microsoft VS Code\bin;C:\Users\b-qu\AppData\Roaming\npm;C:\Users\b-qu\go\bin;D:\Users\b-qu\AppData\Local\Programs\Antigravity\bin
[2026-03-26 15:05:05] ⚠️ Port 3002 is occupied by PID 27192 (node.exe)
[2026-03-26 15:05:05] [CLEAN] Clearing port 3002 for project launch...
[2026-03-26 15:05:05] ⚠️ Port 3002 is occupied by PID 27192 (node.exe)
[2026-03-26 15:05:05] [CLEAN] Clearing port 3002 for project launch...
[2026-03-26 15:05:05] [START] Launching: project:3002 @ 3002
[2026-03-26 15:05:06] [OK] PID 30756 started for project:3002
[2026-03-26 15:05:08] ⚠️ Port 3003 is occupied by PID 2484 (node.exe)
[2026-03-26 15:05:08] [CLEAN] Clearing port 3003 for project launch...
[2026-03-26 15:05:08] ⚠️ Port 3003 is occupied by PID 2484 (node.exe)
[2026-03-26 15:05:08] [CLEAN] Clearing port 3003 for project launch...
[2026-03-26 15:05:09] [RECOVERY] Recovering crashed or new project: project:3003
[2026-03-26 15:05:15] [START] Launching: project:3003 @ 3003
[2026-03-26 15:05:15] [OK] PID 24248 started for project:3003
[2026-03-26 15:05:16] [START] Launching: project:3003 @ 3003
[2026-03-26 15:05:18] [OK] PID 24028 started for project:3003
[2026-03-26 15:05:18] [RECOVERY] Recovering crashed or new project: project:3007
[2026-03-26 15:05:18] ⚠️ Port 3007 is occupied by PID 0 (System Idle Process)
[2026-03-26 15:05:19] [CLEAN] Clearing port 3007 for project launch...
[2026-03-26 15:05:25] ⚠️ Port 3006 is occupied by PID 24132 (node.exe)
[2026-03-26 15:05:26] [CLEAN] Clearing port 3006 for project launch...
[2026-03-26 15:05:26] ⚠️ Port 3006 is occupied by PID 24132 (node.exe)
[2026-03-26 15:05:26] [CLEAN] Clearing port 3006 for project launch...
[2026-03-26 15:05:27] [START] Launching: project:3006 @ 3006
[2026-03-26 15:05:27] [OK] PID 3548 started for project:3006
[2026-03-26 15:05:29] [START] Launching: project:3007 @ 3007
[2026-03-26 15:05:30] [OK] PID 23864 started for project:3007
[2026-03-26 15:05:33] ⚠️ Port 3004 is occupied by PID 27480 (node.exe)
[2026-03-26 15:05:33] [CLEAN] Clearing port 3004 for project launch...
[2026-03-26 15:05:33] ⚠️ Port 3004 is occupied by PID 27480 (node.exe)
[2026-03-26 15:05:33] [CLEAN] Clearing port 3004 for project launch...
[2026-03-26 15:05:33] [START] Launching: project:3004 @ 3004
[2026-03-26 15:05:33] [OK] PID 3804 started for project:3004
[2026-03-26 15:05:39] ⚠️ Port 3005 is occupied by PID 13824 (node.exe)
[2026-03-26 15:05:39] [CLEAN] Clearing port 3005 for project launch...
[2026-03-26 15:05:39] ⚠️ Port 3005 is occupied by PID 13824 (node.exe)
[2026-03-26 15:05:39] [CLEAN] Clearing port 3005 for project launch...
[2026-03-26 15:05:39] ⚠️ Port 3005 is occupied by PID 13824 (node.exe)
[2026-03-26 15:05:39] [CLEAN] Clearing port 3005 for project launch...
[2026-03-26 15:05:40] [START] Launching: project:3005 @ 3005
[2026-03-26 15:05:40] [RECOVERY] Recovering crashed or new project: project:3005
[2026-03-26 15:05:41] [OK] PID 17520 started for project:3005
[2026-03-26 15:05:50] ⚠️ Port 3008 is occupied by PID 17008 (node.exe)
[2026-03-26 15:05:50] [CLEAN] Clearing port 3008 for project launch...
[2026-03-26 15:05:51] ⚠️ Port 3008 is occupied by PID 17008 (node.exe)
[2026-03-26 15:05:51] [CLEAN] Clearing port 3008 for project launch...
[2026-03-26 15:05:52] [START] Launching: project:3005 @ 3005
[2026-03-26 15:05:53] [OK] PID 27512 started for project:3005
[2026-03-26 15:05:54] [RECOVERY] Recovering crashed or new project: project:3008
[2026-03-26 15:05:54] [START] Launching: project:3008 @ 3008
[2026-03-26 15:05:57] [OK] PID 9412 started for project:3008
[2026-03-26 15:05:58] ⚠️ Port 3007 is occupied by PID 0 (System Idle Process)
[2026-03-26 15:05:58] [CLEAN] Clearing port 3007 for project launch...
[2026-03-26 15:06:55] [START] Launching: project:3008 @ 3008
[2026-03-26 15:06:58] [OK] PID 27192 started for project:3008
[2026-03-26 15:07:04] ⚠️ Port 3007 is occupied by PID 28940 (node.exe)
[2026-03-26 15:07:07] [CLEAN] Clearing port 3007 for project launch...
[2026-03-26 15:07:08] ⚠️ Port 3007 is occupied by PID 28940 (node.exe)
[2026-03-26 15:07:09] [CLEAN] Clearing port 3007 for project launch...
[2026-03-26 15:07:12] [START] Launching: project:3007 @ 3007
[2026-03-26 15:07:15] [OK] PID 12488 started for project:3007
[2026-03-26 15:07:37] [RECOVERY] Recovering crashed or new project: project:3008
[2026-03-26 15:07:45] ⚠️ Port 3008 is occupied by PID 11932 (node.exe)
[2026-03-26 15:07:45] [CLEAN] Clearing port 3008 for project launch...
[2026-03-26 15:07:45] ⚠️ Port 3008 is occupied by PID 11932 (node.exe)
[2026-03-26 15:07:45] [CLEAN] Clearing port 3008 for project launch...
[2026-03-26 15:07:50] [START] Launching: project:3008 @ 3008
[2026-03-26 15:07:51] [OK] PID 16600 started for project:3008
[2026-03-26 16:35:46] [START] Performing Magic Startup...
[2026-03-26 16:35:46] Current Base Path: D:\tailscale magic
[2026-03-26 16:35:46] Project Config: D:\tailscale magic\projects.json
[2026-03-26 16:35:46] System PATH: C:\Users\b-qu\AppData\Local\Temp\_MEI32442\pywin32_system32;C:\Program Files\NVIDIA GPU Computing Toolkit\CUDA\v13.1\bin\x64;C:\Program Files\NVIDIA GPU Computing Toolkit\CUDA\v13.1\bin;C:\WINDOWS\system32\image2video\.venv\Scripts;C:\Program Files\Eclipse Adoptium\jdk-21.0.10.7-hotspot\bin;C:\Program Files\Eclipse Adoptium\jdk-8.0.472.8-hotspot\bin;C:\Program Files (x86)\Common Files\Oracle\Java\java8path;C:\Program Files (x86)\Common Files\Oracle\Java\javapath;C:\Program Files\NVIDIA GPU Computing Toolkit\CUDA\v13.0\bin\x64;C:\Program Files\NVIDIA GPU Computing Toolkit\CUDA\v13.0\bin;C:\WINDOWS\system32;C:\WINDOWS;C:\WINDOWS\System32\Wbem;C:\WINDOWS\System32\WindowsPowerShell\v1.0\;C:\WINDOWS\System32\OpenSSH\;C:\Program Files\NVIDIA Corporation\NVIDIA App\NvDLISR;C:\Program Files (x86)\NVIDIA Corporation\PhysX\Common;C:\Program Files\dotnet\;C:\Program Files\Git\cmd;C:\Program Files\Tailscale\;C:\Users\b-qu\AppData\Local\Programs\Python\Python312\Scripts\;C:\Users\b-qu\AppData\Local\Programs\Python\Python312\;C:\Users\b-qu\scoop\apps\git\current\cmd;C:\Users\b-qu\scoop\shim;C:\WINDOWS\system32;C:\WINDOWS;C:\WINDOWS\System32\Wbem;C:\WINDOWS\System32\WindowsPowerShell\v1.0\;C:\WINDOWS\System32\OpenSSH\;C:\Program Files\nodejs\;C:\Program Files\NVIDIA Corporation\Nsight Compute 2025.4.1\;C:\Program Files\Go\bin;C:\Program Files\Microsoft SQL Server\170\Tools\Binn\;C:\Program Files\Microsoft SQL Server\Client SDK\ODBC\170\Tools\Binn\;C:\Program Files (x86)\IncrediBuild;C:\Program Files (x86)\Windows Kits\10\Windows Performance Toolkit\;C:\Program Files\PowerShell\7\;C:\Users\b-qu\.cargo\bin;C:\Users\b-qu\AppData\Local\Programs\Python\Python312\Scripts\;C:\Users\b-qu\AppData\Local\Programs\Python\Python312\;C:\Users\b-qu\AppData\Local\Programs\Python\Launcher\;C:\Users\b-qu\scoop\apps\git\current\cmd;C:\Users\b-qu\scoop\shims;C:\Users\b-qu\.local\bin;C:\Users\b-qu\AppData\Local\Microsoft\WindowsApps;C:\Users\b-qu\.dotnet\tools;C:\Users\b-qu\AppData\Local\Microsoft\WinGet\Links;C:\cloudflared;;C:\Users\b-qu\AppData\Local\Programs\Ollama;C:\Users\b-qu\AppData\Local\Programs\Microsoft VS Code\bin;C:\Users\b-qu\AppData\Roaming\npm;C:\Users\b-qu\go\bin;D:\Users\b-qu\AppData\Local\Programs\Antigravity\bin
[2026-03-26 16:35:48] ⚠️ Port 3002 is occupied by PID 15256 (node.exe)
[2026-03-26 16:35:48] [CLEAN] Clearing port 3002 for project launch...
[2026-03-26 16:35:48] ⚠️ Port 3002 is occupied by PID 15256 (node.exe)
[2026-03-26 16:35:48] [CLEAN] Clearing port 3002 for project launch...
[2026-03-26 16:35:48] [START] Launching: project:3002 @ 3002
[2026-03-26 16:35:49] [OK] PID 4352 started for project:3002
[2026-03-26 16:35:51] ⚠️ Port 3003 is occupied by PID 30080 (node.exe)
[2026-03-26 16:35:51] [CLEAN] Clearing port 3003 for project launch...
[2026-03-26 16:35:51] ⚠️ Port 3003 is occupied by PID 30080 (node.exe)
[2026-03-26 16:35:51] [CLEAN] Clearing port 3003 for project launch...
[2026-03-26 16:35:51] [START] Launching: project:3003 @ 3003
[2026-03-26 16:35:51] [OK] PID 16740 started for project:3003
[2026-03-26 16:35:55] ⚠️ Port 3006 is occupied by PID 22476 (node.exe)
[2026-03-26 16:35:56] [CLEAN] Clearing port 3006 for project launch...
[2026-03-26 16:35:56] ⚠️ Port 3006 is occupied by PID 22476 (node.exe)
[2026-03-26 16:35:56] [CLEAN] Clearing port 3006 for project launch...
[2026-03-26 16:35:56] [RECOVERY] Recovering crashed or new project: project:3006
[2026-03-26 16:35:57] [START] Launching: project:3006 @ 3006
[2026-03-26 16:35:58] [OK] PID 34080 started for project:3006
[2026-03-26 16:36:01] ⚠️ Port 3004 is occupied by PID 2768 (node.exe)
[2026-03-26 16:36:01] [CLEAN] Clearing port 3004 for project launch...
[2026-03-26 16:36:10] [START] Launching: project:3006 @ 3006
[2026-03-26 16:36:11] [OK] PID 35376 started for project:3006
[2026-03-26 16:36:12] [RECOVERY] Recovering crashed or new project: project:3004
[2026-03-26 16:36:13] [START] Launching: project:3004 @ 3004
[2026-03-26 16:36:14] [OK] PID 34584 started for project:3004
[2026-03-26 16:36:27] ⚠️ Port 3005 is occupied by PID 22744 (node.exe)
[2026-03-26 16:36:27] [CLEAN] Clearing port 3005 for project launch...
[2026-03-26 16:36:27] ⚠️ Port 3005 is occupied by PID 22744 (node.exe)
[2026-03-26 16:36:27] [CLEAN] Clearing port 3005 for project launch...
[2026-03-26 16:36:29] [START] Launching: project:3004 @ 3004
[2026-03-26 16:36:30] [START] Launching: project:3005 @ 3005
[2026-03-26 16:36:30] [OK] PID 37376 started for project:3004
[2026-03-26 16:36:31] [OK] PID 34864 started for project:3005
[2026-03-26 16:36:44] [RECOVERY] Recovering crashed or new project: project:3006
[2026-03-26 16:36:51] ⚠️ Port 3008 is occupied by PID 20160 (node.exe)
[2026-03-26 16:36:51] [CLEAN] Clearing port 3008 for project launch...
[2026-03-26 16:36:52] ⚠️ Port 3008 is occupied by PID 20160 (node.exe)
[2026-03-26 16:36:52] [CLEAN] Clearing port 3008 for project launch...
[2026-03-26 16:37:00] [START] Launching: project:3008 @ 3008
[2026-03-26 16:37:01] [OK] PID 35712 started for project:3008
[2026-03-26 16:37:16] ⚠️ Port 3006 is occupied by PID 34752 (node.exe)
[2026-03-26 16:37:17] [CLEAN] Clearing port 3006 for project launch...
[2026-03-26 16:37:17] ⚠️ Port 3006 is occupied by PID 34752 (node.exe)
[2026-03-26 16:37:17] [CLEAN] Clearing port 3006 for project launch...
[2026-03-26 16:37:18] [START] Launching: project:3006 @ 3006
[2026-03-26 16:37:19] [OK] PID 36016 started for project:3006
[2026-03-26 16:37:37] ⚠️ Port 3007 is occupied by PID 31464 (node.exe)
[2026-03-26 16:37:37] [CLEAN] Clearing port 3007 for project launch...
[2026-03-26 16:37:38] [START] Launching: project:3007 @ 3007
[2026-03-26 16:37:40] [OK] PID 35664 started for project:3007
[2026-03-26 16:53:37] [START] Performing Magic Startup...
[2026-03-26 16:53:37] Current Base Path: D:\tailscale magic
[2026-03-26 16:53:37] Project Config: D:\tailscale magic\projects.json
[2026-03-26 16:53:37] System PATH: C:\Users\b-qu\AppData\Local\Temp\_MEI319042\pywin32_system32;C:\Program Files\NVIDIA GPU Computing Toolkit\CUDA\v13.1\bin\x64;C:\Program Files\NVIDIA GPU Computing Toolkit\CUDA\v13.1\bin;C:\WINDOWS\system32\image2video\.venv\Scripts;C:\Program Files\Eclipse Adoptium\jdk-21.0.10.7-hotspot\bin;C:\Program Files\Eclipse Adoptium\jdk-8.0.472.8-hotspot\bin;C:\Program Files (x86)\Common Files\Oracle\Java\java8path;C:\Program Files (x86)\Common Files\Oracle\Java\javapath;C:\Program Files\NVIDIA GPU Computing Toolkit\CUDA\v13.0\bin\x64;C:\Program Files\NVIDIA GPU Computing Toolkit\CUDA\v13.0\bin;C:\WINDOWS\system32;C:\WINDOWS;C:\WINDOWS\System32\Wbem;C:\WINDOWS\System32\WindowsPowerShell\v1.0\;C:\WINDOWS\System32\OpenSSH\;C:\Program Files\NVIDIA Corporation\NVIDIA App\NvDLISR;C:\Program Files (x86)\NVIDIA Corporation\PhysX\Common;C:\Program Files\dotnet\;C:\Program Files\Git\cmd;C:\Program Files\Tailscale\;C:\Users\b-qu\AppData\Local\Programs\Python\Python312\Scripts\;C:\Users\b-qu\AppData\Local\Programs\Python\Python312\;C:\Users\b-qu\scoop\apps\git\current\cmd;C:\Users\b-qu\scoop\shim;C:\WINDOWS\system32;C:\WINDOWS;C:\WINDOWS\System32\Wbem;C:\WINDOWS\System32\WindowsPowerShell\v1.0\;C:\WINDOWS\System32\OpenSSH\;C:\Program Files\nodejs\;C:\Program Files\NVIDIA Corporation\Nsight Compute 2025.4.1\;C:\Program Files\Go\bin;C:\Program Files\Microsoft SQL Server\170\Tools\Binn\;C:\Program Files\Microsoft SQL Server\Client SDK\ODBC\170\Tools\Binn\;C:\Program Files (x86)\IncrediBuild;C:\Program Files (x86)\Windows Kits\10\Windows Performance Toolkit\;C:\Program Files\PowerShell\7\;C:\Users\b-qu\.cargo\bin;C:\Users\b-qu\AppData\Local\Programs\Python\Python312\Scripts\;C:\Users\b-qu\AppData\Local\Programs\Python\Python312\;C:\Users\b-qu\AppData\Local\Programs\Python\Launcher\;C:\Users\b-qu\scoop\apps\git\current\cmd;C:\Users\b-qu\scoop\shims;C:\Users\b-qu\.local\bin;C:\Users\b-qu\AppData\Local\Microsoft\WindowsApps;C:\Users\b-qu\.dotnet\tools;C:\Users\b-qu\AppData\Local\Microsoft\WinGet\Links;C:\cloudflared;;C:\Users\b-qu\AppData\Local\Programs\Ollama;C:\Users\b-qu\AppData\Local\Programs\Microsoft VS Code\bin;C:\Users\b-qu\AppData\Roaming\npm;C:\Users\b-qu\go\bin;D:\Users\b-qu\AppData\Local\Programs\Antigravity\bin
[2026-03-26 16:53:42] ⚠️ Port 3002 is occupied by PID 33496 (node.exe)
[2026-03-26 16:53:42] [CLEAN] Clearing port 3002 for project launch...
[2026-03-26 16:53:42] ⚠️ Port 3002 is occupied by PID 33496 (node.exe)
[2026-03-26 16:53:42] [CLEAN] Clearing port 3002 for project launch...
[2026-03-26 16:53:42] [START] Launching: project:3002 @ 3002
[2026-03-26 16:53:43] [OK] PID 35776 started for project:3002
[2026-03-26 16:53:47] [RECOVERY] Recovering crashed or new project: project:3006
[2026-03-26 16:53:49] ⚠️ Port 3003 is occupied by PID 33520 (node.exe)
[2026-03-26 16:53:49] [CLEAN] Clearing port 3003 for project launch...
[2026-03-26 16:53:49] ⚠️ Port 3003 is occupied by PID 33520 (node.exe)
[2026-03-26 16:53:49] [CLEAN] Clearing port 3003 for project launch...
[2026-03-26 16:53:50] [START] Launching: project:3003 @ 3003
[2026-03-26 16:53:51] [OK] PID 33852 started for project:3003
[2026-03-26 16:53:56] ⚠️ Port 3006 is occupied by PID 29156 (node.exe)
[2026-03-26 16:53:56] [CLEAN] Clearing port 3006 for project launch...
[2026-03-26 16:53:56] ⚠️ Port 3006 is occupied by PID 29156 (node.exe)
[2026-03-26 16:53:56] [CLEAN] Clearing port 3006 for project launch...
[2026-03-26 16:53:58] [START] Launching: project:3006 @ 3006
[2026-03-26 16:53:58] [OK] PID 35808 started for project:3006
[2026-03-26 16:54:03] [START] Launching: project:3006 @ 3006
[2026-03-26 16:54:03] [OK] PID 33900 started for project:3006
[2026-03-26 16:54:11] ⚠️ Port 3004 is occupied by PID 34392 (node.exe)
[2026-03-26 16:54:11] [CLEAN] Clearing port 3004 for project launch...
[2026-03-26 16:54:11] [START] Launching: project:3004 @ 3004
[2026-03-26 16:54:11] [OK] PID 4352 started for project:3004
[2026-03-26 16:54:19] ⚠️ Port 3005 is occupied by PID 35980 (node.exe)
[2026-03-26 16:54:19] [CLEAN] Clearing port 3005 for project launch...
[2026-03-26 16:54:19] ⚠️ Port 3005 is occupied by PID 35980 (node.exe)
[2026-03-26 16:54:19] [CLEAN] Clearing port 3005 for project launch...
[2026-03-26 16:54:19] [RECOVERY] Recovering crashed or new project: project:3006
[2026-03-26 16:54:19] [START] Launching: project:3005 @ 3005
[2026-03-26 16:54:20] [OK] PID 12820 started for project:3005
[2026-03-26 16:54:28] ⚠️ Port 3006 is occupied by PID 35740 (node.exe)
[2026-03-26 16:54:29] [CLEAN] Clearing port 3006 for project launch...
[2026-03-26 16:54:29] ⚠️ Port 3006 is occupied by PID 35740 (node.exe)
[2026-03-26 16:54:29] [CLEAN] Clearing port 3006 for project launch...
[2026-03-26 16:54:29] ⚠️ Port 3008 is occupied by PID 35428 (node.exe)
[2026-03-26 16:54:29] [CLEAN] Clearing port 3008 for project launch...
[2026-03-26 16:54:29] [START] Launching: project:3006 @ 3006
[2026-03-26 16:54:29] ⚠️ Port 3008 is occupied by PID 35428 (node.exe)
[2026-03-26 16:54:30] [CLEAN] Clearing port 3008 for project launch...
[2026-03-26 16:54:30] [START] Launching: project:3008 @ 3008
[2026-03-26 16:54:30] [OK] PID 35648 started for project:3006
[2026-03-26 16:54:30] [OK] PID 31896 started for project:3008
[2026-03-26 16:54:31] ⚠️ Port 3007 is occupied by PID 0 (System Idle Process)
[2026-03-26 16:54:31] [RECOVERY] Recovering crashed or new project: project:3007
[2026-03-26 16:54:31] [CLEAN] Clearing port 3007 for project launch...
[2026-03-26 16:54:31] ⚠️ Port 3007 is occupied by PID 0 (System Idle Process)
[2026-03-26 16:54:31] [CLEAN] Clearing port 3007 for project launch...
[2026-03-26 16:54:40] [START] Launching: project:3007 @ 3007
[2026-03-26 16:54:40] [START] Launching: project:3007 @ 3007
[2026-03-26 16:54:40] [OK] PID 9948 started for project:3007
[2026-03-26 16:54:41] [OK] PID 12268 started for project:3007
[2026-03-26 16:54:52] [RECOVERY] Recovering crashed or new project: project:3007
[2026-03-26 16:54:52] ⚠️ Port 3007 is occupied by PID 0 (System Idle Process)
[2026-03-26 16:54:52] [CLEAN] Clearing port 3007 for project launch...
[2026-03-26 16:55:01] ⚠️ Port 3007 is occupied by PID 31336 (node.exe)
[2026-03-26 16:55:01] [CLEAN] Clearing port 3007 for project launch...
[2026-03-26 16:55:01] ⚠️ Port 3007 is occupied by PID 31336 (node.exe)
[2026-03-26 16:55:01] [CLEAN] Clearing port 3007 for project launch...
[2026-03-26 16:55:01] [START] Launching: project:3007 @ 3007
[2026-03-26 16:55:01] [OK] PID 33652 started for project:3007
[2026-03-26 17:37:15] [START] Performing Magic Startup...
[2026-03-26 17:37:15] Current Base Path: D:\tailscale magic
[2026-03-26 17:37:15] Project Config: D:\tailscale magic\projects.json
[2026-03-26 17:37:15] System PATH: C:\Users\b-qu\AppData\Local\Temp\_MEI145562\pywin32_system32;C:\Program Files\NVIDIA GPU Computing Toolkit\CUDA\v13.1\bin\x64;C:\Program Files\NVIDIA GPU Computing Toolkit\CUDA\v13.1\bin;C:\WINDOWS\system32\image2video\.venv\Scripts;C:\Program Files\Eclipse Adoptium\jdk-21.0.10.7-hotspot\bin;C:\Program Files\Eclipse Adoptium\jdk-8.0.472.8-hotspot\bin;C:\Program Files (x86)\Common Files\Oracle\Java\java8path;C:\Program Files (x86)\Common Files\Oracle\Java\javapath;C:\Program Files\NVIDIA GPU Computing Toolkit\CUDA\v13.0\bin\x64;C:\Program Files\NVIDIA GPU Computing Toolkit\CUDA\v13.0\bin;C:\WINDOWS\system32;C:\WINDOWS;C:\WINDOWS\System32\Wbem;C:\WINDOWS\System32\WindowsPowerShell\v1.0\;C:\WINDOWS\System32\OpenSSH\;C:\Program Files\NVIDIA Corporation\NVIDIA App\NvDLISR;C:\Program Files (x86)\NVIDIA Corporation\PhysX\Common;C:\Program Files\dotnet\;C:\Program Files\Git\cmd;C:\Program Files\Tailscale\;C:\Users\b-qu\AppData\Local\Programs\Python\Python312\Scripts\;C:\Users\b-qu\AppData\Local\Programs\Python\Python312\;C:\Users\b-qu\scoop\apps\git\current\cmd;C:\Users\b-qu\scoop\shim;C:\WINDOWS\system32;C:\WINDOWS;C:\WINDOWS\System32\Wbem;C:\WINDOWS\System32\WindowsPowerShell\v1.0\;C:\WINDOWS\System32\OpenSSH\;C:\Program Files\nodejs\;C:\Program Files\NVIDIA Corporation\Nsight Compute 2025.4.1\;C:\Program Files\Go\bin;C:\Program Files\Microsoft SQL Server\170\Tools\Binn\;C:\Program Files\Microsoft SQL Server\Client SDK\ODBC\170\Tools\Binn\;C:\Program Files (x86)\IncrediBuild;C:\Program Files (x86)\Windows Kits\10\Windows Performance Toolkit\;C:\Program Files\PowerShell\7\;C:\Users\b-qu\.cargo\bin;C:\Users\b-qu\AppData\Local\Programs\Python\Python312\Scripts\;C:\Users\b-qu\AppData\Local\Programs\Python\Python312\;C:\Users\b-qu\AppData\Local\Programs\Python\Launcher\;C:\Users\b-qu\scoop\apps\git\current\cmd;C:\Users\b-qu\scoop\shims;C:\Users\b-qu\.local\bin;C:\Users\b-qu\AppData\Local\Microsoft\WindowsApps;C:\Users\b-qu\.dotnet\tools;C:\Users\b-qu\AppData\Local\Microsoft\WinGet\Links;C:\cloudflared;;C:\Users\b-qu\AppData\Local\Programs\Ollama;C:\Users\b-qu\AppData\Local\Programs\Microsoft VS Code\bin;C:\Users\b-qu\AppData\Roaming\npm;C:\Users\b-qu\go\bin;D:\Users\b-qu\AppData\Local\Programs\Antigravity\bin
[2026-03-26 17:37:23] ⚠️ Port 3002 is occupied by PID 28708 (node.exe)
[2026-03-26 17:37:23] [CLEAN] Clearing port 3002 for project launch...
[2026-03-26 17:37:23] ⚠️ Port 3002 is occupied by PID 28708 (node.exe)
[2026-03-26 17:37:23] [CLEAN] Clearing port 3002 for project launch...
[2026-03-26 17:37:23] [START] Launching: project:3002 @ 3002
[2026-03-26 17:37:23] [OK] PID 2944 started for project:3002
[2026-03-26 17:37:26] [RECOVERY] Recovering crashed or new project: project:3006
[2026-03-26 17:37:27] ⚠️ Port 3006 is occupied by PID 132 (node.exe)
[2026-03-26 17:37:27] [CLEAN] Clearing port 3006 for project launch...
[2026-03-26 17:37:27] ⚠️ Port 3006 is occupied by PID 132 (node.exe)
[2026-03-26 17:37:27] [CLEAN] Clearing port 3006 for project launch...
[2026-03-26 17:37:31] ⚠️ Port 3003 is occupied by PID 14316 (node.exe)
[2026-03-26 17:37:31] [CLEAN] Clearing port 3003 for project launch...
[2026-03-26 17:37:31] ⚠️ Port 3003 is occupied by PID 14316 (node.exe)
[2026-03-26 17:37:31] [CLEAN] Clearing port 3003 for project launch...
[2026-03-26 17:37:32] [START] Launching: project:3003 @ 3003
[2026-03-26 17:37:33] [OK] PID 26724 started for project:3003
[2026-03-26 17:37:34] [START] Launching: project:3006 @ 3006
[2026-03-26 17:37:36] [OK] PID 36520 started for project:3006
[2026-03-26 17:37:37] [RECOVERY] Recovering crashed or new project: project:3007
[2026-03-26 17:37:37] ⚠️ Port 3007 is occupied by PID 0 (System Idle Process)
[2026-03-26 17:37:37] [CLEAN] Clearing port 3007 for project launch...
[2026-03-26 17:37:45] [START] Launching: project:3006 @ 3006
[2026-03-26 17:37:47] [OK] PID 35844 started for project:3006
[2026-03-26 17:37:52] [START] Launching: project:3007 @ 3007
[2026-03-26 17:37:53] [OK] PID 17040 started for project:3007
[2026-03-26 17:37:56] ⚠️ Port 3004 is occupied by PID 36752 (node.exe)
[2026-03-26 17:37:56] [CLEAN] Clearing port 3004 for project launch...
[2026-03-26 17:37:56] ⚠️ Port 3004 is occupied by PID 36752 (node.exe)
[2026-03-26 17:37:56] [CLEAN] Clearing port 3004 for project launch...
[2026-03-26 17:37:56] [START] Launching: project:3004 @ 3004
[2026-03-26 17:37:56] [OK] PID 24668 started for project:3004
[2026-03-26 17:38:04] ⚠️ Port 3005 is occupied by PID 34960 (node.exe)
[2026-03-26 17:38:04] [CLEAN] Clearing port 3005 for project launch...
[2026-03-26 17:38:04] ⚠️ Port 3005 is occupied by PID 34960 (node.exe)
[2026-03-26 17:38:04] [CLEAN] Clearing port 3005 for project launch...
[2026-03-26 17:38:04] [START] Launching: project:3005 @ 3005
[2026-03-26 17:38:04] [RECOVERY] Recovering crashed or new project: project:3006
[2026-03-26 17:38:05] [OK] PID 31032 started for project:3005
[2026-03-26 17:38:20] ⚠️ Port 3008 is occupied by PID 21840 (node.exe)
[2026-03-26 17:38:21] [CLEAN] Clearing port 3008 for project launch...
[2026-03-26 17:38:21] ⚠️ Port 3008 is occupied by PID 21840 (node.exe)
[2026-03-26 17:38:22] [CLEAN] Clearing port 3008 for project launch...
[2026-03-26 17:38:22] ⚠️ Port 3006 is occupied by PID 35880 (node.exe)
[2026-03-26 17:38:22] [CLEAN] Clearing port 3006 for project launch...
[2026-03-26 17:38:22] ⚠️ Port 3006 is occupied by PID 35880 (node.exe)
[2026-03-26 17:38:22] [CLEAN] Clearing port 3006 for project launch...
[2026-03-26 17:38:23] [START] Launching: project:3006 @ 3006
[2026-03-26 17:38:24] [START] Launching: project:3008 @ 3008
[2026-03-26 17:38:24] [OK] PID 23540 started for project:3006
[2026-03-26 17:38:25] [OK] PID 30188 started for project:3008
[2026-03-26 17:38:45] ⚠️ Port 3007 is occupied by PID 38584 (node.exe)
[2026-03-26 17:38:45] [CLEAN] Clearing port 3007 for project launch...
[2026-03-26 17:38:45] ⚠️ Port 3007 is occupied by PID 38584 (node.exe)
[2026-03-26 17:38:46] [CLEAN] Clearing port 3007 for project launch...
[2026-03-26 17:38:46] [START] Launching: project:3007 @ 3007
[2026-03-26 17:38:47] [OK] PID 21892 started for project:3007
[2026-03-26 17:50:11] [START] Performing Magic Startup...
[2026-03-26 17:50:11] Current Base Path: D:\tailscale magic
[2026-03-26 17:50:11] Project Config: D:\tailscale magic\projects.json
[2026-03-26 17:50:11] System PATH: C:\Users\b-qu\AppData\Local\Temp\_MEI244722\pywin32_system32;C:\Program Files\NVIDIA GPU Computing Toolkit\CUDA\v13.1\bin\x64;C:\Program Files\NVIDIA GPU Computing Toolkit\CUDA\v13.1\bin;C:\WINDOWS\system32\image2video\.venv\Scripts;C:\Program Files\Eclipse Adoptium\jdk-21.0.10.7-hotspot\bin;C:\Program Files\Eclipse Adoptium\jdk-8.0.472.8-hotspot\bin;C:\Program Files (x86)\Common Files\Oracle\Java\java8path;C:\Program Files (x86)\Common Files\Oracle\Java\javapath;C:\Program Files\NVIDIA GPU Computing Toolkit\CUDA\v13.0\bin\x64;C:\Program Files\NVIDIA GPU Computing Toolkit\CUDA\v13.0\bin;C:\WINDOWS\system32;C:\WINDOWS;C:\WINDOWS\System32\Wbem;C:\WINDOWS\System32\WindowsPowerShell\v1.0\;C:\WINDOWS\System32\OpenSSH\;C:\Program Files\NVIDIA Corporation\NVIDIA App\NvDLISR;C:\Program Files (x86)\NVIDIA Corporation\PhysX\Common;C:\Program Files\dotnet\;C:\Program Files\Git\cmd;C:\Program Files\Tailscale\;C:\Users\b-qu\AppData\Local\Programs\Python\Python312\Scripts\;C:\Users\b-qu\AppData\Local\Programs\Python\Python312\;C:\Users\b-qu\scoop\apps\git\current\cmd;C:\Users\b-qu\scoop\shim;C:\WINDOWS\system32;C:\WINDOWS;C:\WINDOWS\System32\Wbem;C:\WINDOWS\System32\WindowsPowerShell\v1.0\;C:\WINDOWS\System32\OpenSSH\;C:\Program Files\nodejs\;C:\Program Files\NVIDIA Corporation\Nsight Compute 2025.4.1\;C:\Program Files\Go\bin;C:\Program Files\Microsoft SQL Server\170\Tools\Binn\;C:\Program Files\Microsoft SQL Server\Client SDK\ODBC\170\Tools\Binn\;C:\Program Files (x86)\IncrediBuild;C:\Program Files (x86)\Windows Kits\10\Windows Performance Toolkit\;C:\Program Files\PowerShell\7\;C:\Users\b-qu\.cargo\bin;C:\Users\b-qu\AppData\Local\Programs\Python\Python312\Scripts\;C:\Users\b-qu\AppData\Local\Programs\Python\Python312\;C:\Users\b-qu\AppData\Local\Programs\Python\Launcher\;C:\Users\b-qu\scoop\apps\git\current\cmd;C:\Users\b-qu\scoop\shims;C:\Users\b-qu\.local\bin;C:\Users\b-qu\AppData\Local\Microsoft\WindowsApps;C:\Users\b-qu\.dotnet\tools;C:\Users\b-qu\AppData\Local\Microsoft\WinGet\Links;C:\cloudflared;;C:\Users\b-qu\AppData\Local\Programs\Ollama;C:\Users\b-qu\AppData\Local\Programs\Microsoft VS Code\bin;C:\Users\b-qu\AppData\Roaming\npm;C:\Users\b-qu\go\bin;D:\Users\b-qu\AppData\Local\Programs\Antigravity\bin
[2026-03-26 17:50:13] ⚠️ Port 3002 is occupied by PID 36132 (node.exe)
[2026-03-26 17:50:13] [CLEAN] Clearing port 3002 for project launch...
[2026-03-26 17:50:13] ⚠️ Port 3002 is occupied by PID 36132 (node.exe)
[2026-03-26 17:50:13] [CLEAN] Clearing port 3002 for project launch...
[2026-03-26 17:50:14] [START] Launching: project:3002 @ 3002
[2026-03-26 17:50:14] [OK] PID 26136 started for project:3002
[2026-03-26 17:50:17] ⚠️ Port 3003 is occupied by PID 20700 (node.exe)
[2026-03-26 17:50:17] [CLEAN] Clearing port 3003 for project launch...
[2026-03-26 17:50:17] ⚠️ Port 3003 is occupied by PID 20700 (node.exe)
[2026-03-26 17:50:17] [CLEAN] Clearing port 3003 for project launch...
[2026-03-26 17:50:17] [START] Launching: project:3003 @ 3003
[2026-03-26 17:50:17] [OK] PID 12172 started for project:3003
[2026-03-26 17:50:21] [RECOVERY] Recovering crashed or new project: project:3006
[2026-03-26 17:50:24] ⚠️ Port 3006 is occupied by PID 31112 (node.exe)
[2026-03-26 17:50:24] [CLEAN] Clearing port 3006 for project launch...
[2026-03-26 17:50:24] ⚠️ Port 3006 is occupied by PID 31112 (node.exe)
[2026-03-26 17:50:24] [CLEAN] Clearing port 3006 for project launch...
[2026-03-26 17:50:26] [START] Launching: project:3006 @ 3006
[2026-03-26 17:50:28] [OK] PID 7880 started for project:3006
[2026-03-26 17:50:33] [START] Launching: project:3006 @ 3006
[2026-03-26 17:50:34] [OK] PID 24756 started for project:3006
[2026-03-26 17:50:38] ⚠️ Port 3004 is occupied by PID 31236 (node.exe)
[2026-03-26 17:50:38] [CLEAN] Clearing port 3004 for project launch...
[2026-03-26 17:50:38] ⚠️ Port 3004 is occupied by PID 31236 (node.exe)
[2026-03-26 17:50:38] [CLEAN] Clearing port 3004 for project launch...
[2026-03-26 17:50:38] [START] Launching: project:3004 @ 3004
[2026-03-26 17:50:38] [OK] PID 33596 started for project:3004
[2026-03-26 17:50:44] ⚠️ Port 3005 is occupied by PID 12988 (node.exe)
[2026-03-26 17:50:44] [CLEAN] Clearing port 3005 for project launch...
[2026-03-26 17:50:44] ⚠️ Port 3005 is occupied by PID 12988 (node.exe)
[2026-03-26 17:50:44] [CLEAN] Clearing port 3005 for project launch...
[2026-03-26 17:50:45] [RECOVERY] Recovering crashed or new project: project:3005
[2026-03-26 17:50:45] [START] Launching: project:3005 @ 3005
[2026-03-26 17:50:46] [OK] PID 22104 started for project:3005
[2026-03-26 17:50:50] ⚠️ Port 3008 is occupied by PID 10292 (node.exe)
[2026-03-26 17:50:50] [CLEAN] Clearing port 3008 for project launch...
[2026-03-26 17:50:50] ⚠️ Port 3008 is occupied by PID 10292 (node.exe)
[2026-03-26 17:50:50] [CLEAN] Clearing port 3008 for project launch...
[2026-03-26 17:50:51] [START] Launching: project:3005 @ 3005
[2026-03-26 17:50:52] [OK] PID 37032 started for project:3005
[2026-03-26 17:50:52] [START] Launching: project:3008 @ 3008
[2026-03-26 17:50:52] [RECOVERY] Recovering crashed or new project: project:3008
[2026-03-26 17:50:52] [OK] PID 31160 started for project:3008
[2026-03-26 17:50:59] [START] Launching: project:3008 @ 3008
[2026-03-26 17:51:00] [OK] PID 3732 started for project:3008
[2026-03-26 17:51:01] [START] Launching: project:3007 @ 3007
[2026-03-26 17:51:01] [RECOVERY] Recovering crashed or new project: project:3007
[2026-03-26 17:51:01] [OK] PID 35948 started for project:3007
[2026-03-26 17:51:06] [START] Launching: project:3007 @ 3007
[2026-03-26 17:51:07] [OK] PID 25632 started for project:3007
[2026-03-26 17:51:17] [RECOVERY] Recovering crashed or new project: project:3006
[2026-03-26 17:51:19] ⚠️ Port 3006 is occupied by PID 4684 (node.exe)
[2026-03-26 17:51:19] [CLEAN] Clearing port 3006 for project launch...
[2026-03-26 17:51:19] ⚠️ Port 3006 is occupied by PID 4684 (node.exe)
[2026-03-26 17:51:19] [CLEAN] Clearing port 3006 for project launch...
[2026-03-26 17:51:19] ⚠️ Port 3006 is occupied by PID 4684 (node.exe)
[2026-03-26 17:51:19] [CLEAN] Clearing port 3006 for project launch...
[2026-03-26 17:51:26] [START] Launching: project:3006 @ 3006
[2026-03-26 17:51:26] [OK] PID 23760 started for project:3006
[2026-03-26 17:51:26] [RECOVERY] Recovering crashed or new project: project:3007
[2026-03-26 17:51:26] ⚠️ Port 3007 is occupied by PID 0 (System Idle Process)
[2026-03-26 17:51:26] [CLEAN] Clearing port 3007 for project launch...
[2026-03-26 17:51:37] ⚠️ Port 3007 is occupied by PID 37468 (node.exe)
[2026-03-26 17:51:37] [CLEAN] Clearing port 3007 for project launch...
[2026-03-26 17:51:37] ⚠️ Port 3007 is occupied by PID 37468 (node.exe)
[2026-03-26 17:51:37] [CLEAN] Clearing port 3007 for project launch...
[2026-03-26 17:51:37] [START] Launching: project:3007 @ 3007
[2026-03-26 17:51:38] [OK] PID 14864 started for project:3007
[2026-03-26 17:51:49] [RECOVERY] Recovering crashed or new project: project:3008
[2026-03-26 17:51:50] ⚠️ Port 3008 is occupied by PID 0 (System Idle Process)
[2026-03-26 17:51:50] [CLEAN] Clearing port 3008 for project launch...
[2026-03-26 17:51:56] ⚠️ Port 3008 is occupied by PID 30688 (node.exe)
[2026-03-26 17:51:57] [CLEAN] Clearing port 3008 for project launch...
[2026-03-26 17:51:57] ⚠️ Port 3008 is occupied by PID 30688 (node.exe)
[2026-03-26 17:51:57] [CLEAN] Clearing port 3008 for project launch...
[2026-03-26 17:51:58] [START] Launching: project:3008 @ 3008
[2026-03-26 17:51:58] [OK] PID 26256 started for project:3008
[2026-03-26 18:00:11] [START] Performing Magic Startup...
[2026-03-26 18:00:11] Current Base Path: D:\tailscale magic
[2026-03-26 18:00:11] Project Config: D:\tailscale magic\projects.json
[2026-03-26 18:00:11] System PATH: C:\Users\b-qu\AppData\Local\Temp\_MEI393202\pywin32_system32;C:\Program Files\NVIDIA GPU Computing Toolkit\CUDA\v13.1\bin\x64;C:\Program Files\NVIDIA GPU Computing Toolkit\CUDA\v13.1\bin;C:\WINDOWS\system32\image2video\.venv\Scripts;C:\Program Files\Eclipse Adoptium\jdk-21.0.10.7-hotspot\bin;C:\Program Files\Eclipse Adoptium\jdk-8.0.472.8-hotspot\bin;C:\Program Files (x86)\Common Files\Oracle\Java\java8path;C:\Program Files (x86)\Common Files\Oracle\Java\javapath;C:\Program Files\NVIDIA GPU Computing Toolkit\CUDA\v13.0\bin\x64;C:\Program Files\NVIDIA GPU Computing Toolkit\CUDA\v13.0\bin;C:\WINDOWS\system32;C:\WINDOWS;C:\WINDOWS\System32\Wbem;C:\WINDOWS\System32\WindowsPowerShell\v1.0\;C:\WINDOWS\System32\OpenSSH\;C:\Program Files\NVIDIA Corporation\NVIDIA App\NvDLISR;C:\Program Files (x86)\NVIDIA Corporation\PhysX\Common;C:\Program Files\dotnet\;C:\Program Files\Git\cmd;C:\Program Files\Tailscale\;C:\Users\b-qu\AppData\Local\Programs\Python\Python312\Scripts\;C:\Users\b-qu\AppData\Local\Programs\Python\Python312\;C:\Users\b-qu\scoop\apps\git\current\cmd;C:\Users\b-qu\scoop\shim;C:\WINDOWS\system32;C:\WINDOWS;C:\WINDOWS\System32\Wbem;C:\WINDOWS\System32\WindowsPowerShell\v1.0\;C:\WINDOWS\System32\OpenSSH\;C:\Program Files\nodejs\;C:\Program Files\NVIDIA Corporation\Nsight Compute 2025.4.1\;C:\Program Files\Go\bin;C:\Program Files\Microsoft SQL Server\170\Tools\Binn\;C:\Program Files\Microsoft SQL Server\Client SDK\ODBC\170\Tools\Binn\;C:\Program Files (x86)\IncrediBuild;C:\Program Files (x86)\Windows Kits\10\Windows Performance Toolkit\;C:\Program Files\PowerShell\7\;C:\Users\b-qu\.cargo\bin;C:\Users\b-qu\AppData\Local\Programs\Python\Python312\Scripts\;C:\Users\b-qu\AppData\Local\Programs\Python\Python312\;C:\Users\b-qu\AppData\Local\Programs\Python\Launcher\;C:\Users\b-qu\scoop\apps\git\current\cmd;C:\Users\b-qu\scoop\shims;C:\Users\b-qu\.local\bin;C:\Users\b-qu\AppData\Local\Microsoft\WindowsApps;C:\Users\b-qu\.dotnet\tools;C:\Users\b-qu\AppData\Local\Microsoft\WinGet\Links;C:\cloudflared;;C:\Users\b-qu\AppData\Local\Programs\Ollama;C:\Users\b-qu\AppData\Local\Programs\Microsoft VS Code\bin;C:\Users\b-qu\AppData\Roaming\npm;C:\Users\b-qu\go\bin;D:\Users\b-qu\AppData\Local\Programs\Antigravity\bin
[2026-03-26 18:00:13] ⚠️ Port 3002 is occupied by PID 23276 (node.exe)
[2026-03-26 18:00:14] [CLEAN] Clearing port 3002 for project launch...
[2026-03-26 18:00:14] ⚠️ Port 3002 is occupied by PID 23276 (node.exe)
[2026-03-26 18:00:14] [CLEAN] Clearing port 3002 for project launch...
[2026-03-26 18:00:14] [START] Launching: project:3002 @ 3002
[2026-03-26 18:00:14] [OK] PID 39264 started for project:3002
[2026-03-26 18:00:17] ⚠️ Port 3003 is occupied by PID 15164 (node.exe)
[2026-03-26 18:00:17] [CLEAN] Clearing port 3003 for project launch...
[2026-03-26 18:00:17] ⚠️ Port 3003 is occupied by PID 15164 (node.exe)
[2026-03-26 18:00:17] [CLEAN] Clearing port 3003 for project launch...
[2026-03-26 18:00:18] [START] Launching: project:3003 @ 3003
[2026-03-26 18:00:18] [OK] PID 29124 started for project:3003
[2026-03-26 18:00:23] ⚠️ Port 3006 is occupied by PID 22752 (node.exe)
[2026-03-26 18:00:23] [CLEAN] Clearing port 3006 for project launch...
[2026-03-26 18:00:23] ⚠️ Port 3006 is occupied by PID 22752 (node.exe)
[2026-03-26 18:00:23] [CLEAN] Clearing port 3006 for project launch...
[2026-03-26 18:00:24] [START] Launching: project:3006 @ 3006
[2026-03-26 18:00:24] [OK] PID 12008 started for project:3006
[2026-03-26 18:00:28] ⚠️ Port 3004 is occupied by PID 20196 (node.exe)
[2026-03-26 18:00:28] [CLEAN] Clearing port 3004 for project launch...
[2026-03-26 18:00:29] [START] Launching: project:3004 @ 3004
[2026-03-26 18:00:29] [OK] PID 33132 started for project:3004
[2026-03-26 18:00:34] ⚠️ Port 3005 is occupied by PID 16024 (node.exe)
[2026-03-26 18:00:34] [CLEAN] Clearing port 3005 for project launch...
[2026-03-26 18:00:35] ⚠️ Port 3005 is occupied by PID 16024 (node.exe)
[2026-03-26 18:00:35] [CLEAN] Clearing port 3005 for project launch...
[2026-03-26 18:00:37] [START] Launching: project:3005 @ 3005
[2026-03-26 18:00:37] [OK] PID 22700 started for project:3005
[2026-03-26 18:00:44] ⚠️ Port 3008 is occupied by PID 36916 (node.exe)
[2026-03-26 18:00:44] [CLEAN] Clearing port 3008 for project launch...
[2026-03-26 18:00:44] ⚠️ Port 3008 is occupied by PID 36916 (node.exe)
[2026-03-26 18:00:45] [CLEAN] Clearing port 3008 for project launch...
[2026-03-26 18:00:45] [START] Launching: project:3008 @ 3008
[2026-03-26 18:00:45] [OK] PID 23352 started for project:3008
[2026-03-26 18:00:46] ⚠️ Port 3007 is occupied by PID 0 (System Idle Process)
[2026-03-26 18:00:46] [CLEAN] Clearing port 3007 for project launch...
[2026-03-26 18:00:52] ⚠️ Port 3007 is occupied by PID 7656 (node.exe)
[2026-03-26 18:00:52] [CLEAN] Clearing port 3007 for project launch...
[2026-03-26 18:00:53] [RECOVERY] Recovering crashed or new project: project:3007
[2026-03-26 18:00:54] ⚠️ Port 3007 is occupied by PID 0 (System Idle Process)
[2026-03-26 18:00:54] [CLEAN] Clearing port 3007 for project launch...
[2026-03-26 18:00:58] [START] Launching: project:3007 @ 3007
[2026-03-26 18:00:59] [OK] PID 19084 started for project:3007
[2026-03-26 18:01:04] [START] Launching: project:3007 @ 3007
[2026-03-26 18:01:05] [OK] PID 35704 started for project:3007
[2026-03-26 18:01:15] [RECOVERY] Recovering crashed or new project: project:3007
[2026-03-26 18:01:23] ⚠️ Port 3007 is occupied by PID 39912 (node.exe)
[2026-03-26 18:01:23] [CLEAN] Clearing port 3007 for project launch...
[2026-03-26 18:01:23] [START] Launching: project:3007 @ 3007
[2026-03-26 18:01:24] [OK] PID 9656 started for project:3007
[2026-03-26 18:27:06] [START] Performing Magic Startup...
[2026-03-26 18:27:06] Current Base Path: D:\tailscale magic
[2026-03-26 18:27:06] Project Config: D:\tailscale magic\projects.json
[2026-03-26 18:27:06] System PATH: C:\Users\b-qu\AppData\Local\Temp\_MEI21922\pywin32_system32;C:\Program Files\NVIDIA GPU Computing Toolkit\CUDA\v13.1\bin\x64;C:\Program Files\NVIDIA GPU Computing Toolkit\CUDA\v13.1\bin;C:\WINDOWS\system32\image2video\.venv\Scripts;C:\Program Files\Eclipse Adoptium\jdk-21.0.10.7-hotspot\bin;C:\Program Files\Eclipse Adoptium\jdk-8.0.472.8-hotspot\bin;C:\Program Files (x86)\Common Files\Oracle\Java\java8path;C:\Program Files (x86)\Common Files\Oracle\Java\javapath;C:\Program Files\NVIDIA GPU Computing Toolkit\CUDA\v13.0\bin\x64;C:\Program Files\NVIDIA GPU Computing Toolkit\CUDA\v13.0\bin;C:\WINDOWS\system32;C:\WINDOWS;C:\WINDOWS\System32\Wbem;C:\WINDOWS\System32\WindowsPowerShell\v1.0\;C:\WINDOWS\System32\OpenSSH\;C:\Program Files\NVIDIA Corporation\NVIDIA App\NvDLISR;C:\Program Files (x86)\NVIDIA Corporation\PhysX\Common;C:\Program Files\dotnet\;C:\Program Files\Git\cmd;C:\Program Files\Tailscale\;C:\Users\b-qu\AppData\Local\Programs\Python\Python312\Scripts\;C:\Users\b-qu\AppData\Local\Programs\Python\Python312\;C:\Users\b-qu\scoop\apps\git\current\cmd;C:\Users\b-qu\scoop\shim;C:\WINDOWS\system32;C:\WINDOWS;C:\WINDOWS\System32\Wbem;C:\WINDOWS\System32\WindowsPowerShell\v1.0\;C:\WINDOWS\System32\OpenSSH\;C:\Program Files\nodejs\;C:\Program Files\NVIDIA Corporation\Nsight Compute 2025.4.1\;C:\Program Files\Go\bin;C:\Program Files\Microsoft SQL Server\170\Tools\Binn\;C:\Program Files\Microsoft SQL Server\Client SDK\ODBC\170\Tools\Binn\;C:\Program Files (x86)\IncrediBuild;C:\Program Files (x86)\Windows Kits\10\Windows Performance Toolkit\;C:\Program Files\PowerShell\7\;C:\Users\b-qu\.cargo\bin;C:\Users\b-qu\AppData\Local\Programs\Python\Python312\Scripts\;C:\Users\b-qu\AppData\Local\Programs\Python\Python312\;C:\Users\b-qu\AppData\Local\Programs\Python\Launcher\;C:\Users\b-qu\scoop\apps\git\current\cmd;C:\Users\b-qu\scoop\shims;C:\Users\b-qu\.local\bin;C:\Users\b-qu\AppData\Local\Microsoft\WindowsApps;C:\Users\b-qu\.dotnet\tools;C:\Users\b-qu\AppData\Local\Microsoft\WinGet\Links;C:\cloudflared;;C:\Users\b-qu\AppData\Local\Programs\Ollama;C:\Users\b-qu\AppData\Local\Programs\Microsoft VS Code\bin;C:\Users\b-qu\AppData\Roaming\npm;C:\Users\b-qu\go\bin;D:\Users\b-qu\AppData\Local\Programs\Antigravity\bin
[2026-03-26 18:27:09] ⚠️ Port 3002 is occupied by PID 36288 (node.exe)
[2026-03-26 18:27:09] [CLEAN] Clearing port 3002 for project launch...
[2026-03-26 18:27:09] ⚠️ Port 3002 is occupied by PID 36288 (node.exe)
[2026-03-26 18:27:09] [CLEAN] Clearing port 3002 for project launch...
[2026-03-26 18:27:09] [START] Launching: project:3002 @ 3002
[2026-03-26 18:27:10] [OK] PID 27320 started for project:3002
[2026-03-26 18:27:12] ⚠️ Port 3003 is occupied by PID 23748 (node.exe)
[2026-03-26 18:27:12] [CLEAN] Clearing port 3003 for project launch...
[2026-03-26 18:27:12] ⚠️ Port 3003 is occupied by PID 23748 (node.exe)
[2026-03-26 18:27:12] [CLEAN] Clearing port 3003 for project launch...
[2026-03-26 18:27:13] [START] Launching: project:3003 @ 3003
[2026-03-26 18:27:13] [OK] PID 19436 started for project:3003
[2026-03-26 18:27:18] ⚠️ Port 3006 is occupied by PID 39280 (node.exe)
[2026-03-26 18:27:18] [CLEAN] Clearing port 3006 for project launch...
[2026-03-26 18:27:18] ⚠️ Port 3006 is occupied by PID 39280 (node.exe)
[2026-03-26 18:27:18] [CLEAN] Clearing port 3006 for project launch...
[2026-03-26 18:27:18] [START] Launching: project:3006 @ 3006
[2026-03-26 18:27:18] [OK] PID 21296 started for project:3006
[2026-03-26 18:27:21] ⚠️ Port 3004 is occupied by PID 31232 (node.exe)
[2026-03-26 18:27:21] [CLEAN] Clearing port 3004 for project launch...
[2026-03-26 18:27:22] [START] Launching: project:3004 @ 3004
[2026-03-26 18:27:22] [OK] PID 39888 started for project:3004
[2026-03-26 18:27:25] ⚠️ Port 3005 is occupied by PID 27032 (node.exe)
[2026-03-26 18:27:25] [CLEAN] Clearing port 3005 for project launch...
[2026-03-26 18:27:25] ⚠️ Port 3005 is occupied by PID 27032 (node.exe)
[2026-03-26 18:27:25] [CLEAN] Clearing port 3005 for project launch...
[2026-03-26 18:27:26] [START] Launching: project:3005 @ 3005
[2026-03-26 18:27:27] [OK] PID 24668 started for project:3005
[2026-03-26 18:27:34] ⚠️ Port 3008 is occupied by PID 36808 (node.exe)
[2026-03-26 18:27:34] [CLEAN] Clearing port 3008 for project launch...
[2026-03-26 18:27:34] ⚠️ Port 3008 is occupied by PID 36808 (node.exe)
[2026-03-26 18:27:34] [CLEAN] Clearing port 3008 for project launch...
[2026-03-26 18:27:35] [START] Launching: project:3008 @ 3008
[2026-03-26 18:27:35] [OK] PID 16940 started for project:3008
[2026-03-26 18:27:40] ⚠️ Port 3007 is occupied by PID 7880 (node.exe)
[2026-03-26 18:27:40] [CLEAN] Clearing port 3007 for project launch...
[2026-03-26 18:27:45] [START] Launching: project:3007 @ 3007
[2026-03-26 18:27:45] [OK] PID 40428 started for project:3007
[2026-03-26 19:01:48] [START] Performing Magic Startup...
[2026-03-26 19:01:48] Current Base Path: D:\tailscale magic
[2026-03-26 19:01:48] Project Config: D:\tailscale magic\projects.json
[2026-03-26 19:01:48] System PATH: C:\Users\b-qu\AppData\Local\Temp\_MEI116202\pywin32_system32;C:\Program Files\NVIDIA GPU Computing Toolkit\CUDA\v13.1\bin\x64;C:\Program Files\NVIDIA GPU Computing Toolkit\CUDA\v13.1\bin;C:\WINDOWS\system32\image2video\.venv\Scripts;C:\Program Files\Eclipse Adoptium\jdk-21.0.10.7-hotspot\bin;C:\Program Files\Eclipse Adoptium\jdk-8.0.472.8-hotspot\bin;C:\Program Files (x86)\Common Files\Oracle\Java\java8path;C:\Program Files (x86)\Common Files\Oracle\Java\javapath;C:\Program Files\NVIDIA GPU Computing Toolkit\CUDA\v13.0\bin\x64;C:\Program Files\NVIDIA GPU Computing Toolkit\CUDA\v13.0\bin;C:\WINDOWS\system32;C:\WINDOWS;C:\WINDOWS\System32\Wbem;C:\WINDOWS\System32\WindowsPowerShell\v1.0\;C:\WINDOWS\System32\OpenSSH\;C:\Program Files\NVIDIA Corporation\NVIDIA App\NvDLISR;C:\Program Files (x86)\NVIDIA Corporation\PhysX\Common;C:\Program Files\dotnet\;C:\Program Files\Git\cmd;C:\Program Files\Tailscale\;C:\Users\b-qu\AppData\Local\Programs\Python\Python312\Scripts\;C:\Users\b-qu\AppData\Local\Programs\Python\Python312\;C:\Users\b-qu\scoop\apps\git\current\cmd;C:\Users\b-qu\scoop\shim;C:\WINDOWS\system32;C:\WINDOWS;C:\WINDOWS\System32\Wbem;C:\WINDOWS\System32\WindowsPowerShell\v1.0\;C:\WINDOWS\System32\OpenSSH\;C:\Program Files\nodejs\;C:\Program Files\NVIDIA Corporation\Nsight Compute 2025.4.1\;C:\Program Files\Go\bin;C:\Program Files\Microsoft SQL Server\170\Tools\Binn\;C:\Program Files\Microsoft SQL Server\Client SDK\ODBC\170\Tools\Binn\;C:\Program Files (x86)\IncrediBuild;C:\Program Files (x86)\Windows Kits\10\Windows Performance Toolkit\;C:\Program Files\PowerShell\7\;C:\Users\b-qu\.cargo\bin;C:\Users\b-qu\AppData\Local\Programs\Python\Python312\Scripts\;C:\Users\b-qu\AppData\Local\Programs\Python\Python312\;C:\Users\b-qu\AppData\Local\Programs\Python\Launcher\;C:\Users\b-qu\scoop\apps\git\current\cmd;C:\Users\b-qu\scoop\shims;C:\Users\b-qu\.local\bin;C:\Users\b-qu\AppData\Local\Microsoft\WindowsApps;C:\Users\b-qu\.dotnet\tools;C:\Users\b-qu\AppData\Local\Microsoft\WinGet\Links;C:\cloudflared;;C:\Users\b-qu\AppData\Local\Programs\Ollama;C:\Users\b-qu\AppData\Local\Programs\Microsoft VS Code\bin;C:\Users\b-qu\AppData\Roaming\npm;C:\Users\b-qu\go\bin;D:\Users\b-qu\AppData\Local\Programs\Antigravity\bin
[2026-03-26 19:01:51] ⚠️ Port 3002 is occupied by PID 29776 (node.exe)
[2026-03-26 19:01:51] [CLEAN] Clearing port 3002 for project launch...
[2026-03-26 19:01:51] ⚠️ Port 3002 is occupied by PID 29776 (node.exe)
[2026-03-26 19:01:51] [CLEAN] Clearing port 3002 for project launch...
[2026-03-26 19:01:51] [START] Launching: project:3002 @ 3002
[2026-03-26 19:01:51] [OK] PID 9352 started for project:3002
[2026-03-26 19:01:55] ⚠️ Port 3003 is occupied by PID 23960 (node.exe)
[2026-03-26 19:01:55] [CLEAN] Clearing port 3003 for project launch...
[2026-03-26 19:01:55] ⚠️ Port 3003 is occupied by PID 23960 (node.exe)
[2026-03-26 19:01:55] [CLEAN] Clearing port 3003 for project launch...
[2026-03-26 19:01:55] [START] Launching: project:3003 @ 3003
[2026-03-26 19:01:55] [OK] PID 13272 started for project:3003
[2026-03-26 19:02:01] ⚠️ Port 3006 is occupied by PID 35112 (node.exe)
[2026-03-26 19:02:01] [CLEAN] Clearing port 3006 for project launch...
[2026-03-26 19:02:01] ⚠️ Port 3006 is occupied by PID 35112 (node.exe)
[2026-03-26 19:02:01] [CLEAN] Clearing port 3006 for project launch...
[2026-03-26 19:02:01] [START] Launching: project:3006 @ 3006
[2026-03-26 19:02:01] [OK] PID 3636 started for project:3006
[2026-03-26 19:02:07] ⚠️ Port 3004 is occupied by PID 39916 (node.exe)
[2026-03-26 19:02:07] [CLEAN] Clearing port 3004 for project launch...
[2026-03-26 19:02:07] ⚠️ Port 3004 is occupied by PID 39916 (node.exe)
[2026-03-26 19:02:07] [CLEAN] Clearing port 3004 for project launch...
[2026-03-26 19:02:07] [START] Launching: project:3004 @ 3004
[2026-03-26 19:02:07] [OK] PID 1800 started for project:3004
[2026-03-26 19:02:15] ⚠️ Port 3005 is occupied by PID 39136 (node.exe)
[2026-03-26 19:02:15] [CLEAN] Clearing port 3005 for project launch...
[2026-03-26 19:02:15] ⚠️ Port 3005 is occupied by PID 39136 (node.exe)
[2026-03-26 19:02:15] [CLEAN] Clearing port 3005 for project launch...
[2026-03-26 19:02:15] [START] Launching: project:3005 @ 3005
[2026-03-26 19:02:15] [OK] PID 35096 started for project:3005
[2026-03-26 19:02:25] ⚠️ Port 3008 is occupied by PID 27144 (node.exe)
[2026-03-26 19:02:25] [CLEAN] Clearing port 3008 for project launch...
[2026-03-26 19:02:25] ⚠️ Port 3008 is occupied by PID 27144 (node.exe)
[2026-03-26 19:02:25] [CLEAN] Clearing port 3008 for project launch...
[2026-03-26 19:02:26] [START] Launching: project:3008 @ 3008
[2026-03-26 19:02:27] [OK] PID 23400 started for project:3008
[2026-03-26 19:02:35] ⚠️ Port 3007 is occupied by PID 17656 (node.exe)
[2026-03-26 19:02:36] [CLEAN] Clearing port 3007 for project launch...
[2026-03-26 19:02:37] [START] Launching: project:3007 @ 3007
[2026-03-26 19:02:38] [OK] PID 20128 started for project:3007
[2026-03-26 19:13:44] [START] Performing Magic Startup...
[2026-03-26 19:13:44] Current Base Path: D:\tailscale magic
[2026-03-26 19:13:44] Project Config: D:\tailscale magic\projects.json
[2026-03-26 19:13:44] System PATH: C:\Users\b-qu\AppData\Local\Temp\_MEI393242\pywin32_system32;C:\Program Files\NVIDIA GPU Computing Toolkit\CUDA\v13.1\bin\x64;C:\Program Files\NVIDIA GPU Computing Toolkit\CUDA\v13.1\bin;C:\WINDOWS\system32\image2video\.venv\Scripts;C:\Program Files\Eclipse Adoptium\jdk-21.0.10.7-hotspot\bin;C:\Program Files\Eclipse Adoptium\jdk-8.0.472.8-hotspot\bin;C:\Program Files (x86)\Common Files\Oracle\Java\java8path;C:\Program Files (x86)\Common Files\Oracle\Java\javapath;C:\Program Files\NVIDIA GPU Computing Toolkit\CUDA\v13.0\bin\x64;C:\Program Files\NVIDIA GPU Computing Toolkit\CUDA\v13.0\bin;C:\WINDOWS\system32;C:\WINDOWS;C:\WINDOWS\System32\Wbem;C:\WINDOWS\System32\WindowsPowerShell\v1.0\;C:\WINDOWS\System32\OpenSSH\;C:\Program Files\NVIDIA Corporation\NVIDIA App\NvDLISR;C:\Program Files (x86)\NVIDIA Corporation\PhysX\Common;C:\Program Files\dotnet\;C:\Program Files\Git\cmd;C:\Program Files\Tailscale\;C:\Users\b-qu\AppData\Local\Programs\Python\Python312\Scripts\;C:\Users\b-qu\AppData\Local\Programs\Python\Python312\;C:\Users\b-qu\scoop\apps\git\current\cmd;C:\Users\b-qu\scoop\shim;C:\WINDOWS\system32;C:\WINDOWS;C:\WINDOWS\System32\Wbem;C:\WINDOWS\System32\WindowsPowerShell\v1.0\;C:\WINDOWS\System32\OpenSSH\;C:\Program Files\nodejs\;C:\Program Files\NVIDIA Corporation\Nsight Compute 2025.4.1\;C:\Program Files\Go\bin;C:\Program Files\Microsoft SQL Server\170\Tools\Binn\;C:\Program Files\Microsoft SQL Server\Client SDK\ODBC\170\Tools\Binn\;C:\Program Files (x86)\IncrediBuild;C:\Program Files (x86)\Windows Kits\10\Windows Performance Toolkit\;C:\Program Files\PowerShell\7\;C:\Users\b-qu\.cargo\bin;C:\Users\b-qu\AppData\Local\Programs\Python\Python312\Scripts\;C:\Users\b-qu\AppData\Local\Programs\Python\Python312\;C:\Users\b-qu\AppData\Local\Programs\Python\Launcher\;C:\Users\b-qu\scoop\apps\git\current\cmd;C:\Users\b-qu\scoop\shims;C:\Users\b-qu\.local\bin;C:\Users\b-qu\AppData\Local\Microsoft\WindowsApps;C:\Users\b-qu\.dotnet\tools;C:\Users\b-qu\AppData\Local\Microsoft\WinGet\Links;C:\cloudflared;;C:\Users\b-qu\AppData\Local\Programs\Ollama;C:\Users\b-qu\AppData\Local\Programs\Microsoft VS Code\bin;C:\Users\b-qu\AppData\Roaming\npm;C:\Users\b-qu\go\bin;D:\Users\b-qu\AppData\Local\Programs\Antigravity\bin
[2026-03-26 19:13:46] ⚠️ Port 3002 is occupied by PID 13708 (node.exe)
[2026-03-26 19:13:46] [CLEAN] Clearing port 3002 for project launch...
[2026-03-26 19:13:46] ⚠️ Port 3002 is occupied by PID 13708 (node.exe)
[2026-03-26 19:13:46] [CLEAN] Clearing port 3002 for project launch...
[2026-03-26 19:13:47] [START] Launching: project:3002 @ 3002
[2026-03-26 19:13:47] [OK] PID 3136 started for project:3002
[2026-03-26 19:13:50] ⚠️ Port 3003 is occupied by PID 15464 (node.exe)
[2026-03-26 19:13:50] [CLEAN] Clearing port 3003 for project launch...
[2026-03-26 19:13:50] ⚠️ Port 3003 is occupied by PID 15464 (node.exe)
[2026-03-26 19:13:50] [CLEAN] Clearing port 3003 for project launch...
[2026-03-26 19:13:50] [START] Launching: project:3003 @ 3003
[2026-03-26 19:13:50] [OK] PID 9732 started for project:3003
[2026-03-26 19:13:51] ⚠️ Port 3006 is occupied by PID 3384 (node.exe)
[2026-03-26 19:13:51] [CLEAN] Clearing port 3006 for project launch...
[2026-03-26 19:13:51] ⚠️ Port 3006 is occupied by PID 3384 (node.exe)
[2026-03-26 19:13:51] [CLEAN] Clearing port 3006 for project launch...
[2026-03-26 19:13:54] [RECOVERY] Recovering crashed or new project: project:3006
[2026-03-26 19:13:56] [START] Launching: project:3006 @ 3006
[2026-03-26 19:13:57] [OK] PID 25396 started for project:3006
[2026-03-26 19:14:03] [START] Launching: project:3006 @ 3006
[2026-03-26 19:14:04] ⚠️ Port 3004 is occupied by PID 16544 (node.exe)
[2026-03-26 19:14:04] [OK] PID 15464 started for project:3006
[2026-03-26 19:14:04] [CLEAN] Clearing port 3004 for project launch...
[2026-03-26 19:14:04] ⚠️ Port 3004 is occupied by PID 16544 (node.exe)
[2026-03-26 19:14:04] [CLEAN] Clearing port 3004 for project launch...
[2026-03-26 19:14:04] [RECOVERY] Recovering crashed or new project: project:3004
[2026-03-26 19:14:06] [START] Launching: project:3004 @ 3004
[2026-03-26 19:14:07] [OK] PID 32528 started for project:3004
[2026-03-26 19:14:11] [START] Launching: project:3004 @ 3004
[2026-03-26 19:14:12] [OK] PID 20876 started for project:3004
[2026-03-26 19:14:12] ⚠️ Port 3005 is occupied by PID 23088 (node.exe)
[2026-03-26 19:14:12] [CLEAN] Clearing port 3005 for project launch...
[2026-03-26 19:14:12] ⚠️ Port 3005 is occupied by PID 23088 (node.exe)
[2026-03-26 19:14:13] [CLEAN] Clearing port 3005 for project launch...
[2026-03-26 19:14:14] [START] Launching: project:3005 @ 3005
[2026-03-26 19:14:14] [OK] PID 20988 started for project:3005
[2026-03-26 19:14:19] ⚠️ Port 3008 is occupied by PID 36016 (node.exe)
[2026-03-26 19:14:19] [CLEAN] Clearing port 3008 for project launch...
[2026-03-26 19:14:19] ⚠️ Port 3008 is occupied by PID 36016 (node.exe)
[2026-03-26 19:14:19] [CLEAN] Clearing port 3008 for project launch...
[2026-03-26 19:14:19] ⚠️ Port 3008 is occupied by PID 36016 (node.exe)
[2026-03-26 19:14:19] [CLEAN] Clearing port 3008 for project launch...
[2026-03-26 19:14:19] [START] Launching: project:3008 @ 3008
[2026-03-26 19:14:19] [OK] PID 36896 started for project:3008
[2026-03-26 19:14:23] [RECOVERY] Recovering crashed or new project: project:3006
[2026-03-26 19:14:25] ⚠️ Port 3006 is occupied by PID 3276 (node.exe)
[2026-03-26 19:14:26] [CLEAN] Clearing port 3006 for project launch...
[2026-03-26 19:14:26] ⚠️ Port 3006 is occupied by PID 3276 (node.exe)
[2026-03-26 19:14:26] [CLEAN] Clearing port 3006 for project launch...
[2026-03-26 19:14:27] ⚠️ Port 3007 is occupied by PID 34316 (node.exe)
[2026-03-26 19:14:27] [CLEAN] Clearing port 3007 for project launch...
[2026-03-26 19:14:28] [START] Launching: project:3007 @ 3007
[2026-03-26 19:14:29] [OK] PID 7764 started for project:3007
[2026-03-26 19:14:32] [START] Launching: project:3006 @ 3006
[2026-03-26 19:14:33] [OK] PID 6352 started for project:3006
[2026-03-26 19:26:38] [START] Performing Magic Startup...
[2026-03-26 19:26:38] Current Base Path: D:\tailscale magic
[2026-03-26 19:26:38] Project Config: D:\tailscale magic\projects.json
[2026-03-26 19:26:38] System PATH: C:\Users\b-qu\AppData\Local\Temp\_MEI127242\pywin32_system32;C:\Program Files\NVIDIA GPU Computing Toolkit\CUDA\v13.1\bin\x64;C:\Program Files\NVIDIA GPU Computing Toolkit\CUDA\v13.1\bin;C:\WINDOWS\system32\image2video\.venv\Scripts;C:\Program Files\Eclipse Adoptium\jdk-21.0.10.7-hotspot\bin;C:\Program Files\Eclipse Adoptium\jdk-8.0.472.8-hotspot\bin;C:\Program Files (x86)\Common Files\Oracle\Java\java8path;C:\Program Files (x86)\Common Files\Oracle\Java\javapath;C:\Program Files\NVIDIA GPU Computing Toolkit\CUDA\v13.0\bin\x64;C:\Program Files\NVIDIA GPU Computing Toolkit\CUDA\v13.0\bin;C:\WINDOWS\system32;C:\WINDOWS;C:\WINDOWS\System32\Wbem;C:\WINDOWS\System32\WindowsPowerShell\v1.0\;C:\WINDOWS\System32\OpenSSH\;C:\Program Files\NVIDIA Corporation\NVIDIA App\NvDLISR;C:\Program Files (x86)\NVIDIA Corporation\PhysX\Common;C:\Program Files\dotnet\;C:\Program Files\Git\cmd;C:\Program Files\Tailscale\;C:\Users\b-qu\AppData\Local\Programs\Python\Python312\Scripts\;C:\Users\b-qu\AppData\Local\Programs\Python\Python312\;C:\Users\b-qu\scoop\apps\git\current\cmd;C:\Users\b-qu\scoop\shim;C:\WINDOWS\system32;C:\WINDOWS;C:\WINDOWS\System32\Wbem;C:\WINDOWS\System32\WindowsPowerShell\v1.0\;C:\WINDOWS\System32\OpenSSH\;C:\Program Files\nodejs\;C:\Program Files\NVIDIA Corporation\Nsight Compute 2025.4.1\;C:\Program Files\Go\bin;C:\Program Files\Microsoft SQL Server\170\Tools\Binn\;C:\Program Files\Microsoft SQL Server\Client SDK\ODBC\170\Tools\Binn\;C:\Program Files (x86)\IncrediBuild;C:\Program Files (x86)\Windows Kits\10\Windows Performance Toolkit\;C:\Program Files\PowerShell\7\;C:\Users\b-qu\.cargo\bin;C:\Users\b-qu\AppData\Local\Programs\Python\Python312\Scripts\;C:\Users\b-qu\AppData\Local\Programs\Python\Python312\;C:\Users\b-qu\AppData\Local\Programs\Python\Launcher\;C:\Users\b-qu\scoop\apps\git\current\cmd;C:\Users\b-qu\scoop\shims;C:\Users\b-qu\.local\bin;C:\Users\b-qu\AppData\Local\Microsoft\WindowsApps;C:\Users\b-qu\.dotnet\tools;C:\Users\b-qu\AppData\Local\Microsoft\WinGet\Links;C:\cloudflared;;C:\Users\b-qu\AppData\Local\Programs\Ollama;C:\Users\b-qu\AppData\Local\Programs\Microsoft VS Code\bin;C:\Users\b-qu\AppData\Roaming\npm;C:\Users\b-qu\go\bin;D:\Users\b-qu\AppData\Local\Programs\Antigravity\bin
[2026-03-26 19:26:38] ⚠️ Port 3002 is occupied by PID 0 (System Idle Process)
[2026-03-26 19:26:38] [CLEAN] Clearing port 3002 for project launch...
[2026-03-26 19:26:40] ⚠️ Port 3002 is occupied by PID 30880 (node.exe)
[2026-03-26 19:26:40] [CLEAN] Clearing port 3002 for project launch...
[2026-03-26 19:26:40] ⚠️ Port 3002 is occupied by PID 30880 (node.exe)
[2026-03-26 19:26:40] [CLEAN] Clearing port 3002 for project launch...
[2026-03-26 19:26:41] [START] Launching: project:3002 @ 3002
[2026-03-26 19:26:41] [OK] PID 35060 started for project:3002
[2026-03-26 19:26:41] ⚠️ Port 3003 is occupied by PID 0 (System Idle Process)
[2026-03-26 19:26:41] [CLEAN] Clearing port 3003 for project launch...
[2026-03-26 19:26:43] ⚠️ Port 3003 is occupied by PID 25088 (node.exe)
[2026-03-26 19:26:43] [CLEAN] Clearing port 3003 for project launch...
[2026-03-26 19:26:43] ⚠️ Port 3003 is occupied by PID 25088 (node.exe)
[2026-03-26 19:26:43] [CLEAN] Clearing port 3003 for project launch...
[2026-03-26 19:26:43] [START] Launching: project:3003 @ 3003
[2026-03-26 19:26:43] [OK] PID 35972 started for project:3003
[2026-03-26 19:26:43] ⚠️ Port 3006 is occupied by PID 0 (System Idle Process)
[2026-03-26 19:26:43] [CLEAN] Clearing port 3006 for project launch...
[2026-03-26 19:26:46] ⚠️ Port 3006 is occupied by PID 39264 (node.exe)
[2026-03-26 19:26:46] [CLEAN] Clearing port 3006 for project launch...
[2026-03-26 19:26:46] ⚠️ Port 3006 is occupied by PID 39264 (node.exe)
[2026-03-26 19:26:46] [CLEAN] Clearing port 3006 for project launch...
[2026-03-26 19:26:46] [START] Launching: project:3006 @ 3006
[2026-03-26 19:26:47] [OK] PID 31564 started for project:3006
[2026-03-26 19:26:47] ⚠️ Port 3004 is occupied by PID 0 (System Idle Process)
[2026-03-26 19:26:47] [CLEAN] Clearing port 3004 for project launch...
[2026-03-26 19:26:49] ⚠️ Port 3004 is occupied by PID 20072 (node.exe)
[2026-03-26 19:26:49] [CLEAN] Clearing port 3004 for project launch...
[2026-03-26 19:26:50] [START] Launching: project:3004 @ 3004
[2026-03-26 19:26:50] [OK] PID 24228 started for project:3004
[2026-03-26 19:26:50] ⚠️ Port 3005 is occupied by PID 0 (System Idle Process)
[2026-03-26 19:26:50] [CLEAN] Clearing port 3005 for project launch...
[2026-03-26 19:26:51] ⚠️ Port 3005 is occupied by PID 6500 (node.exe)
[2026-03-26 19:26:51] [CLEAN] Clearing port 3005 for project launch...
[2026-03-26 19:26:51] ⚠️ Port 3005 is occupied by PID 6500 (node.exe)
[2026-03-26 19:26:51] [CLEAN] Clearing port 3005 for project launch...
[2026-03-26 19:26:52] [START] Launching: project:3005 @ 3005
[2026-03-26 19:26:52] [OK] PID 37284 started for project:3005
[2026-03-26 19:26:52] ⚠️ Port 3008 is occupied by PID 0 (System Idle Process)
[2026-03-26 19:26:52] [CLEAN] Clearing port 3008 for project launch...
[2026-03-26 19:26:55] ⚠️ Port 3008 is occupied by PID 35096 (node.exe)
[2026-03-26 19:26:55] [CLEAN] Clearing port 3008 for project launch...
[2026-03-26 19:26:55] ⚠️ Port 3008 is occupied by PID 35096 (node.exe)
[2026-03-26 19:26:55] [CLEAN] Clearing port 3008 for project launch...
[2026-03-26 19:26:55] ⚠️ Port 3008 is occupied by PID 35096 (node.exe)
[2026-03-26 19:26:55] [CLEAN] Clearing port 3008 for project launch...
[2026-03-26 19:26:55] [START] Launching: project:3008 @ 3008
[2026-03-26 19:26:55] [OK] PID 35600 started for project:3008
[2026-03-26 19:26:55] ⚠️ Port 3007 is occupied by PID 0 (System Idle Process)
[2026-03-26 19:26:55] [CLEAN] Clearing port 3007 for project launch...
[2026-03-26 19:26:59] ⚠️ Port 3007 is occupied by PID 23572 (node.exe)
[2026-03-26 19:26:59] [CLEAN] Clearing port 3007 for project launch...
[2026-03-26 19:26:59] ⚠️ Port 3007 is occupied by PID 23572 (node.exe)
[2026-03-26 19:26:59] [CLEAN] Clearing port 3007 for project launch...
[2026-03-26 19:26:59] [START] Launching: project:3007 @ 3007
[2026-03-26 19:27:00] [OK] PID 28540 started for project:3007
[2026-03-26 19:36:31] [START] Performing Magic Startup...
[2026-03-26 19:36:31] Current Base Path: D:\tailscale magic
[2026-03-26 19:36:31] Project Config: D:\tailscale magic\projects.json
[2026-03-26 19:36:31] System PATH: C:\Users\b-qu\AppData\Local\Temp\_MEI124322\pywin32_system32;C:\Program Files\NVIDIA GPU Computing Toolkit\CUDA\v13.1\bin\x64;C:\Program Files\NVIDIA GPU Computing Toolkit\CUDA\v13.1\bin;C:\WINDOWS\system32\image2video\.venv\Scripts;C:\Program Files\Eclipse Adoptium\jdk-21.0.10.7-hotspot\bin;C:\Program Files\Eclipse Adoptium\jdk-8.0.472.8-hotspot\bin;C:\Program Files (x86)\Common Files\Oracle\Java\java8path;C:\Program Files (x86)\Common Files\Oracle\Java\javapath;C:\Program Files\NVIDIA GPU Computing Toolkit\CUDA\v13.0\bin\x64;C:\Program Files\NVIDIA GPU Computing Toolkit\CUDA\v13.0\bin;C:\WINDOWS\system32;C:\WINDOWS;C:\WINDOWS\System32\Wbem;C:\WINDOWS\System32\WindowsPowerShell\v1.0\;C:\WINDOWS\System32\OpenSSH\;C:\Program Files\NVIDIA Corporation\NVIDIA App\NvDLISR;C:\Program Files (x86)\NVIDIA Corporation\PhysX\Common;C:\Program Files\dotnet\;C:\Program Files\Git\cmd;C:\Program Files\Tailscale\;C:\Users\b-qu\AppData\Local\Programs\Python\Python312\Scripts\;C:\Users\b-qu\AppData\Local\Programs\Python\Python312\;C:\Users\b-qu\scoop\apps\git\current\cmd;C:\Users\b-qu\scoop\shim;C:\WINDOWS\system32;C:\WINDOWS;C:\WINDOWS\System32\Wbem;C:\WINDOWS\System32\WindowsPowerShell\v1.0\;C:\WINDOWS\System32\OpenSSH\;C:\Program Files\nodejs\;C:\Program Files\NVIDIA Corporation\Nsight Compute 2025.4.1\;C:\Program Files\Go\bin;C:\Program Files\Microsoft SQL Server\170\Tools\Binn\;C:\Program Files\Microsoft SQL Server\Client SDK\ODBC\170\Tools\Binn\;C:\Program Files (x86)\IncrediBuild;C:\Program Files (x86)\Windows Kits\10\Windows Performance Toolkit\;C:\Program Files\PowerShell\7\;C:\Users\b-qu\.cargo\bin;C:\Users\b-qu\AppData\Local\Programs\Python\Python312\Scripts\;C:\Users\b-qu\AppData\Local\Programs\Python\Python312\;C:\Users\b-qu\AppData\Local\Programs\Python\Launcher\;C:\Users\b-qu\scoop\apps\git\current\cmd;C:\Users\b-qu\scoop\shims;C:\Users\b-qu\.local\bin;C:\Users\b-qu\AppData\Local\Microsoft\WindowsApps;C:\Users\b-qu\.dotnet\tools;C:\Users\b-qu\AppData\Local\Microsoft\WinGet\Links;C:\cloudflared;;C:\Users\b-qu\AppData\Local\Programs\Ollama;C:\Users\b-qu\AppData\Local\Programs\Microsoft VS Code\bin;C:\Users\b-qu\AppData\Roaming\npm;C:\Users\b-qu\go\bin;D:\Users\b-qu\AppData\Local\Programs\Antigravity\bin
[2026-03-26 19:36:31] ⚠️ Port 3002 is occupied by PID 0 (System Idle Process)
[2026-03-26 19:36:31] [CLEAN] Clearing port 3002 for project launch...
[2026-03-26 19:36:33] ⚠️ Port 3002 is occupied by PID 30520 (node.exe)
[2026-03-26 19:36:33] [CLEAN] Clearing port 3002 for project launch...
[2026-03-26 19:36:34] ⚠️ Port 3002 is occupied by PID 30520 (node.exe)
[2026-03-26 19:36:34] [CLEAN] Clearing port 3002 for project launch...
[2026-03-26 19:36:34] [START] Launching: project:3002 @ 3002
[2026-03-26 19:36:34] [OK] PID 39208 started for project:3002
[2026-03-26 19:36:34] ⚠️ Port 3003 is occupied by PID 0 (System Idle Process)
[2026-03-26 19:36:34] [CLEAN] Clearing port 3003 for project launch...
[2026-03-26 19:36:34] ⚠️ Port 3003 is occupied by PID 2128 (node.exe)
[2026-03-26 19:36:34] [CLEAN] Clearing port 3003 for project launch...
[2026-03-26 19:36:34] ⚠️ Port 3003 is occupied by PID 2128 (node.exe)
[2026-03-26 19:36:34] [CLEAN] Clearing port 3003 for project launch...
[2026-03-26 19:36:37] [START] Launching: project:3003 @ 3003
[2026-03-26 19:36:37] [OK] PID 16756 started for project:3003
[2026-03-26 19:36:37] ⚠️ Port 3006 is occupied by PID 0 (System Idle Process)
[2026-03-26 19:36:37] [CLEAN] Clearing port 3006 for project launch...
[2026-03-26 19:36:43] ⚠️ Port 3006 is occupied by PID 36816 (node.exe)
[2026-03-26 19:36:43] [CLEAN] Clearing port 3006 for project launch...
[2026-03-26 19:36:43] ⚠️ Port 3006 is occupied by PID 36816 (node.exe)
[2026-03-26 19:36:43] [CLEAN] Clearing port 3006 for project launch...
[2026-03-26 19:36:43] [START] Launching: project:3006 @ 3006
[2026-03-26 19:36:43] [OK] PID 35060 started for project:3006
[2026-03-26 19:36:43] ⚠️ Port 3004 is occupied by PID 0 (System Idle Process)
[2026-03-26 19:36:43] [CLEAN] Clearing port 3004 for project launch...
[2026-03-26 19:36:44] ⚠️ Port 3004 is occupied by PID 2740 (node.exe)
[2026-03-26 19:36:44] [CLEAN] Clearing port 3004 for project launch...
[2026-03-26 19:36:50] [START] Launching: project:3004 @ 3004
[2026-03-26 19:36:50] [OK] PID 31684 started for project:3004
[2026-03-26 19:36:50] ⚠️ Port 3005 is occupied by PID 0 (System Idle Process)
[2026-03-26 19:36:50] [CLEAN] Clearing port 3005 for project launch...
[2026-03-26 19:36:52] ⚠️ Port 3005 is occupied by PID 6352 (node.exe)
[2026-03-26 19:36:52] [CLEAN] Clearing port 3005 for project launch...
[2026-03-26 19:36:52] ⚠️ Port 3005 is occupied by PID 6352 (node.exe)
[2026-03-26 19:36:52] [CLEAN] Clearing port 3005 for project launch...
[2026-03-26 19:36:52] ⚠️ Port 3005 is occupied by PID 6352 (node.exe)
[2026-03-26 19:36:52] [CLEAN] Clearing port 3005 for project launch...
[2026-03-26 19:36:54] [START] Launching: project:3005 @ 3005
[2026-03-26 19:36:54] [OK] PID 37292 started for project:3005
[2026-03-26 19:36:54] ⚠️ Port 3008 is occupied by PID 0 (System Idle Process)
[2026-03-26 19:36:55] [CLEAN] Clearing port 3008 for project launch...
[2026-03-26 19:37:01] ⚠️ Port 3008 is occupied by PID 40748 (node.exe)
[2026-03-26 19:37:01] [CLEAN] Clearing port 3008 for project launch...
[2026-03-26 19:37:01] ⚠️ Port 3008 is occupied by PID 40748 (node.exe)
[2026-03-26 19:37:01] [CLEAN] Clearing port 3008 for project launch...
[2026-03-26 19:37:02] [START] Launching: project:3008 @ 3008
[2026-03-26 19:37:02] [OK] PID 16248 started for project:3008
[2026-03-26 19:37:02] ⚠️ Port 3007 is occupied by PID 0 (System Idle Process)
[2026-03-26 19:37:02] [CLEAN] Clearing port 3007 for project launch...
[2026-03-26 19:37:07] ⚠️ Port 3007 is occupied by PID 11992 (node.exe)
[2026-03-26 19:37:07] [CLEAN] Clearing port 3007 for project launch...
[2026-03-26 19:37:09] [START] Launching: project:3007 @ 3007
[2026-03-26 19:37:10] [OK] PID 268 started for project:3007
[2026-03-26 19:52:48] [START] Performing Magic Startup...
[2026-03-26 19:52:48] Current Base Path: D:\tailscale magic
[2026-03-26 19:52:48] Project Config: D:\tailscale magic\projects.json
[2026-03-26 19:52:48] System PATH: C:\Users\b-qu\AppData\Local\Temp\_MEI421282\pywin32_system32;C:\Program Files\NVIDIA GPU Computing Toolkit\CUDA\v13.1\bin\x64;C:\Program Files\NVIDIA GPU Computing Toolkit\CUDA\v13.1\bin;C:\WINDOWS\system32\image2video\.venv\Scripts;C:\Program Files\Eclipse Adoptium\jdk-21.0.10.7-hotspot\bin;C:\Program Files\Eclipse Adoptium\jdk-8.0.472.8-hotspot\bin;C:\Program Files (x86)\Common Files\Oracle\Java\java8path;C:\Program Files (x86)\Common Files\Oracle\Java\javapath;C:\Program Files\NVIDIA GPU Computing Toolkit\CUDA\v13.0\bin\x64;C:\Program Files\NVIDIA GPU Computing Toolkit\CUDA\v13.0\bin;C:\WINDOWS\system32;C:\WINDOWS;C:\WINDOWS\System32\Wbem;C:\WINDOWS\System32\WindowsPowerShell\v1.0\;C:\WINDOWS\System32\OpenSSH\;C:\Program Files\NVIDIA Corporation\NVIDIA App\NvDLISR;C:\Program Files (x86)\NVIDIA Corporation\PhysX\Common;C:\Program Files\dotnet\;C:\Program Files\Git\cmd;C:\Program Files\Tailscale\;C:\Users\b-qu\AppData\Local\Programs\Python\Python312\Scripts\;C:\Users\b-qu\AppData\Local\Programs\Python\Python312\;C:\Users\b-qu\scoop\apps\git\current\cmd;C:\Users\b-qu\scoop\shim;C:\WINDOWS\system32;C:\WINDOWS;C:\WINDOWS\System32\Wbem;C:\WINDOWS\System32\WindowsPowerShell\v1.0\;C:\WINDOWS\System32\OpenSSH\;C:\Program Files\nodejs\;C:\Program Files\NVIDIA Corporation\Nsight Compute 2025.4.1\;C:\Program Files\Go\bin;C:\Program Files\Microsoft SQL Server\170\Tools\Binn\;C:\Program Files\Microsoft SQL Server\Client SDK\ODBC\170\Tools\Binn\;C:\Program Files (x86)\IncrediBuild;C:\Program Files (x86)\Windows Kits\10\Windows Performance Toolkit\;C:\Program Files\PowerShell\7\;C:\Users\b-qu\.cargo\bin;C:\Users\b-qu\AppData\Local\Programs\Python\Python312\Scripts\;C:\Users\b-qu\AppData\Local\Programs\Python\Python312\;C:\Users\b-qu\AppData\Local\Programs\Python\Launcher\;C:\Users\b-qu\scoop\apps\git\current\cmd;C:\Users\b-qu\scoop\shims;C:\Users\b-qu\.local\bin;C:\Users\b-qu\AppData\Local\Microsoft\WindowsApps;C:\Users\b-qu\.dotnet\tools;C:\Users\b-qu\AppData\Local\Microsoft\WinGet\Links;C:\cloudflared;;C:\Users\b-qu\AppData\Local\Programs\Ollama;C:\Users\b-qu\AppData\Local\Programs\Microsoft VS Code\bin;C:\Users\b-qu\AppData\Roaming\npm;C:\Users\b-qu\go\bin;D:\Users\b-qu\AppData\Local\Programs\Antigravity\bin
[2026-03-26 19:52:50] ⚠️ Port 3002 is occupied by PID 29320 (node.exe)
[2026-03-26 19:52:50] [CLEAN] Clearing port 3002 for project launch...
[2026-03-26 19:52:50] ⚠️ Port 3002 is occupied by PID 29320 (node.exe)
[2026-03-26 19:52:50] [CLEAN] Clearing port 3002 for project launch...
[2026-03-26 19:52:51] [START] Launching: project:3002 @ 3002
[2026-03-26 19:52:51] [OK] PID 14440 started for project:3002
[2026-03-26 19:52:53] ⚠️ Port 3003 is occupied by PID 18564 (node.exe)
[2026-03-26 19:52:53] [CLEAN] Clearing port 3003 for project launch...
[2026-03-26 19:52:53] ⚠️ Port 3003 is occupied by PID 18564 (node.exe)
[2026-03-26 19:52:53] [CLEAN] Clearing port 3003 for project launch...
[2026-03-26 19:52:54] [START] Launching: project:3003 @ 3003
[2026-03-26 19:52:54] [OK] PID 29532 started for project:3003
[2026-03-26 19:52:59] ⚠️ Port 3006 is occupied by PID 33988 (node.exe)
[2026-03-26 19:52:59] [CLEAN] Clearing port 3006 for project launch...
[2026-03-26 19:52:59] ⚠️ Port 3006 is occupied by PID 33988 (node.exe)
[2026-03-26 19:52:59] [CLEAN] Clearing port 3006 for project launch...
[2026-03-26 19:52:59] [START] Launching: project:3006 @ 3006
[2026-03-26 19:52:59] [OK] PID 10944 started for project:3006
[2026-03-26 19:53:01] ⚠️ Port 3004 is occupied by PID 4740 (node.exe)
[2026-03-26 19:53:01] [CLEAN] Clearing port 3004 for project launch...
[2026-03-26 19:53:05] [START] Launching: project:3004 @ 3004
[2026-03-26 19:53:05] [OK] PID 42752 started for project:3004
[2026-03-26 19:53:10] ⚠️ Port 3005 is occupied by PID 15984 (node.exe)
[2026-03-26 19:53:10] [CLEAN] Clearing port 3005 for project launch...
[2026-03-26 19:53:10] ⚠️ Port 3005 is occupied by PID 15984 (node.exe)
[2026-03-26 19:53:10] [CLEAN] Clearing port 3005 for project launch...
[2026-03-26 19:53:12] [START] Launching: project:3005 @ 3005
[2026-03-26 19:53:13] [OK] PID 32864 started for project:3005
[2026-03-26 19:53:22] ⚠️ Port 3008 is occupied by PID 32932 (node.exe)
[2026-03-26 19:53:22] [CLEAN] Clearing port 3008 for project launch...
[2026-03-26 19:53:22] ⚠️ Port 3008 is occupied by PID 32932 (node.exe)
[2026-03-26 19:53:22] [CLEAN] Clearing port 3008 for project launch...
[2026-03-26 19:53:23] [START] Launching: project:3008 @ 3008
[2026-03-26 19:53:23] [OK] PID 38820 started for project:3008
[2026-03-26 19:53:33] ⚠️ Port 3007 is occupied by PID 32892 (node.exe)
[2026-03-26 19:53:33] [CLEAN] Clearing port 3007 for project launch...
[2026-03-26 19:53:33] [START] Launching: project:3007 @ 3007
[2026-03-26 19:53:33] [OK] PID 23052 started for project:3007
[2026-03-26 20:19:15] [START] Performing Magic Startup...
[2026-03-26 20:19:15] Current Base Path: D:\tailscale magic
[2026-03-26 20:19:15] Project Config: D:\tailscale magic\projects.json
[2026-03-26 20:19:15] System PATH: C:\Users\b-qu\AppData\Local\Temp\_MEI296242\pywin32_system32;C:\Program Files\NVIDIA GPU Computing Toolkit\CUDA\v13.1\bin\x64;C:\Program Files\NVIDIA GPU Computing Toolkit\CUDA\v13.1\bin;C:\WINDOWS\system32\image2video\.venv\Scripts;C:\Program Files\Eclipse Adoptium\jdk-21.0.10.7-hotspot\bin;C:\Program Files\Eclipse Adoptium\jdk-8.0.472.8-hotspot\bin;C:\Program Files (x86)\Common Files\Oracle\Java\java8path;C:\Program Files (x86)\Common Files\Oracle\Java\javapath;C:\Program Files\NVIDIA GPU Computing Toolkit\CUDA\v13.0\bin\x64;C:\Program Files\NVIDIA GPU Computing Toolkit\CUDA\v13.0\bin;C:\WINDOWS\system32;C:\WINDOWS;C:\WINDOWS\System32\Wbem;C:\WINDOWS\System32\WindowsPowerShell\v1.0\;C:\WINDOWS\System32\OpenSSH\;C:\Program Files\NVIDIA Corporation\NVIDIA App\NvDLISR;C:\Program Files (x86)\NVIDIA Corporation\PhysX\Common;C:\Program Files\dotnet\;C:\Program Files\Git\cmd;C:\Program Files\Tailscale\;C:\Users\b-qu\AppData\Local\Programs\Python\Python312\Scripts\;C:\Users\b-qu\AppData\Local\Programs\Python\Python312\;C:\Users\b-qu\scoop\apps\git\current\cmd;C:\Users\b-qu\scoop\shim;C:\WINDOWS\system32;C:\WINDOWS;C:\WINDOWS\System32\Wbem;C:\WINDOWS\System32\WindowsPowerShell\v1.0\;C:\WINDOWS\System32\OpenSSH\;C:\Program Files\nodejs\;C:\Program Files\NVIDIA Corporation\Nsight Compute 2025.4.1\;C:\Program Files\Go\bin;C:\Program Files\Microsoft SQL Server\170\Tools\Binn\;C:\Program Files\Microsoft SQL Server\Client SDK\ODBC\170\Tools\Binn\;C:\Program Files (x86)\IncrediBuild;C:\Program Files (x86)\Windows Kits\10\Windows Performance Toolkit\;C:\Program Files\PowerShell\7\;C:\Users\b-qu\.cargo\bin;C:\Users\b-qu\AppData\Local\Programs\Python\Python312\Scripts\;C:\Users\b-qu\AppData\Local\Programs\Python\Python312\;C:\Users\b-qu\AppData\Local\Programs\Python\Launcher\;C:\Users\b-qu\scoop\apps\git\current\cmd;C:\Users\b-qu\scoop\shims;C:\Users\b-qu\.local\bin;C:\Users\b-qu\AppData\Local\Microsoft\WindowsApps;C:\Users\b-qu\.dotnet\tools;C:\Users\b-qu\AppData\Local\Microsoft\WinGet\Links;C:\cloudflared;;C:\Users\b-qu\AppData\Local\Programs\Ollama;C:\Users\b-qu\AppData\Local\Programs\Microsoft VS Code\bin;C:\Users\b-qu\AppData\Roaming\npm;C:\Users\b-qu\go\bin;D:\Users\b-qu\AppData\Local\Programs\Antigravity\bin
[2026-03-26 20:19:15] ⚠️ Port 3002 is occupied by PID 0 (System Idle Process)
[2026-03-26 20:19:15] [CLEAN] Clearing port 3002 for project launch...
[2026-03-26 20:19:16] ⚠️ Port 3002 is occupied by PID 4448 (node.exe)
[2026-03-26 20:19:16] [CLEAN] Clearing port 3002 for project launch...
[2026-03-26 20:19:16] ⚠️ Port 3002 is occupied by PID 4448 (node.exe)
[2026-03-26 20:19:16] [CLEAN] Clearing port 3002 for project launch...
[2026-03-26 20:19:19] [START] Launching: project:3002 @ 3002
[2026-03-26 20:19:19] [OK] PID 33736 started for project:3002
[2026-03-26 20:19:19] ⚠️ Port 3003 is occupied by PID 0 (System Idle Process)
[2026-03-26 20:19:19] [CLEAN] Clearing port 3003 for project launch...
[2026-03-26 20:19:22] ⚠️ Port 3003 is occupied by PID 42276 (node.exe)
[2026-03-26 20:19:22] [CLEAN] Clearing port 3003 for project launch...
[2026-03-26 20:19:22] ⚠️ Port 3003 is occupied by PID 42276 (node.exe)
[2026-03-26 20:19:22] [CLEAN] Clearing port 3003 for project launch...
[2026-03-26 20:19:22] [START] Launching: project:3003 @ 3003
[2026-03-26 20:19:22] [OK] PID 20500 started for project:3003
[2026-03-26 20:19:22] ⚠️ Port 3006 is occupied by PID 0 (System Idle Process)
[2026-03-26 20:19:22] [CLEAN] Clearing port 3006 for project launch...
[2026-03-26 20:19:24] ⚠️ Port 3006 is occupied by PID 7908 (node.exe)
[2026-03-26 20:19:24] [CLEAN] Clearing port 3006 for project launch...
[2026-03-26 20:19:24] ⚠️ Port 3006 is occupied by PID 7908 (node.exe)
[2026-03-26 20:19:24] [CLEAN] Clearing port 3006 for project launch...
[2026-03-26 20:19:26] [RECOVERY] Recovering crashed or new project: project:3006
[2026-03-26 20:19:26] ⚠️ Port 3006 is occupied by PID 0 (System Idle Process)
[2026-03-26 20:19:26] [CLEAN] Clearing port 3006 for project launch...
[2026-03-26 20:19:28] [START] Launching: project:3006 @ 3006
[2026-03-26 20:19:28] [OK] PID 40988 started for project:3006
[2026-03-26 20:19:29] ⚠️ Port 3004 is occupied by PID 0 (System Idle Process)
[2026-03-26 20:19:29] [CLEAN] Clearing port 3004 for project launch...
[2026-03-26 20:19:35] [START] Launching: project:3006 @ 3006
[2026-03-26 20:19:36] [OK] PID 38712 started for project:3006
[2026-03-26 20:19:37] ⚠️ Port 3004 is occupied by PID 32908 (node.exe)
[2026-03-26 20:19:37] [CLEAN] Clearing port 3004 for project launch...
[2026-03-26 20:19:37] ⚠️ Port 3004 is occupied by PID 32908 (node.exe)
[2026-03-26 20:19:37] [CLEAN] Clearing port 3004 for project launch...
[2026-03-26 20:19:37] [START] Launching: project:3004 @ 3004
[2026-03-26 20:19:37] [OK] PID 42524 started for project:3004
[2026-03-26 20:19:37] ⚠️ Port 3005 is occupied by PID 0 (System Idle Process)
[2026-03-26 20:19:37] [CLEAN] Clearing port 3005 for project launch...
[2026-03-26 20:19:46] ⚠️ Port 3005 is occupied by PID 41376 (node.exe)
[2026-03-26 20:19:46] [CLEAN] Clearing port 3005 for project launch...
[2026-03-26 20:19:46] ⚠️ Port 3005 is occupied by PID 41376 (node.exe)
[2026-03-26 20:19:46] [CLEAN] Clearing port 3005 for project launch...
[2026-03-26 20:19:46] [START] Launching: project:3005 @ 3005
[2026-03-26 20:19:46] [RECOVERY] Recovering crashed or new project: project:3005
[2026-03-26 20:19:47] ⚠️ Port 3005 is occupied by PID 0 (System Idle Process)
[2026-03-26 20:19:47] [CLEAN] Clearing port 3005 for project launch...
[2026-03-26 20:19:47] [OK] PID 25344 started for project:3005
[2026-03-26 20:19:48] ⚠️ Port 3008 is occupied by PID 0 (System Idle Process)
[2026-03-26 20:19:48] [CLEAN] Clearing port 3008 for project launch...
[2026-03-26 20:19:58] ⚠️ Port 3008 is occupied by PID 16564 (node.exe)
[2026-03-26 20:19:58] [CLEAN] Clearing port 3008 for project launch...
[2026-03-26 20:19:59] ⚠️ Port 3008 is occupied by PID 16564 (node.exe)
[2026-03-26 20:19:59] [CLEAN] Clearing port 3008 for project launch...
[2026-03-26 20:19:59] [START] Launching: project:3005 @ 3005
[2026-03-26 20:20:00] [OK] PID 41832 started for project:3005
[2026-03-26 20:20:02] [RECOVERY] Recovering crashed or new project: project:3008
[2026-03-26 20:20:02] ⚠️ Port 3008 is occupied by PID 0 (System Idle Process)
[2026-03-26 20:20:02] [CLEAN] Clearing port 3008 for project launch...
[2026-03-26 20:20:02] [START] Launching: project:3008 @ 3008
[2026-03-26 20:20:03] [OK] PID 34056 started for project:3008
[2026-03-26 20:20:04] ⚠️ Port 3007 is occupied by PID 0 (System Idle Process)
[2026-03-26 20:20:04] [CLEAN] Clearing port 3007 for project launch...
[2026-03-26 20:20:17] [START] Launching: project:3008 @ 3008
[2026-03-26 20:20:18] ⚠️ Port 3007 is occupied by PID 38032 (node.exe)
[2026-03-26 20:20:18] [CLEAN] Clearing port 3007 for project launch...
[2026-03-26 20:20:18] [OK] PID 16564 started for project:3008
[2026-03-26 20:20:18] [RECOVERY] Recovering crashed or new project: project:3007
[2026-03-26 20:20:19] [START] Launching: project:3007 @ 3007
[2026-03-26 20:20:19] ⚠️ Port 3007 is occupied by PID 0 (System Idle Process)
[2026-03-26 20:20:19] [CLEAN] Clearing port 3007 for project launch...
[2026-03-26 20:20:22] [OK] PID 35036 started for project:3007
[2026-03-26 20:20:40] [START] Launching: project:3007 @ 3007
[2026-03-26 20:20:40] [OK] PID 22156 started for project:3007
[2026-03-26 20:20:51] [RECOVERY] Recovering crashed or new project: project:3006
[2026-03-26 20:20:51] ⚠️ Port 3006 is occupied by PID 0 (System Idle Process)
[2026-03-26 20:20:51] [CLEAN] Clearing port 3006 for project launch...
[2026-03-26 20:20:55] ⚠️ Port 3006 is occupied by PID 41560 (node.exe)
[2026-03-26 20:20:55] [CLEAN] Clearing port 3006 for project launch...
[2026-03-26 20:20:55] ⚠️ Port 3006 is occupied by PID 41560 (node.exe)
[2026-03-26 20:20:55] [CLEAN] Clearing port 3006 for project launch...
[2026-03-26 20:20:55] [START] Launching: project:3006 @ 3006
[2026-03-26 20:20:55] [OK] PID 3940 started for project:3006
[2026-03-26 20:20:55] [RECOVERY] Recovering crashed or new project: project:3008
[2026-03-26 20:20:55] ⚠️ Port 3008 is occupied by PID 0 (System Idle Process)
[2026-03-26 20:20:55] [CLEAN] Clearing port 3008 for project launch...
[2026-03-26 20:21:00] ⚠️ Port 3008 is occupied by PID 40160 (node.exe)
[2026-03-26 20:21:00] [CLEAN] Clearing port 3008 for project launch...
[2026-03-26 20:21:00] ⚠️ Port 3008 is occupied by PID 40160 (node.exe)
[2026-03-26 20:21:00] [CLEAN] Clearing port 3008 for project launch...
[2026-03-26 20:21:00] [START] Launching: project:3008 @ 3008
[2026-03-26 20:21:00] [OK] PID 36704 started for project:3008
[2026-03-26 20:21:01] [RECOVERY] Recovering crashed or new project: project:3007
[2026-03-26 20:21:06] [START] Launching: project:3007 @ 3007
[2026-03-26 20:21:06] [OK] PID 30968 started for project:3007
[2026-03-26 20:21:16] [RECOVERY] Recovering crashed or new project: project:3007
[2026-03-26 20:21:20] [START] Launching: project:3007 @ 3007
[2026-03-26 20:21:20] [OK] PID 32644 started for project:3007
[2026-03-26 20:21:30] [RECOVERY] Recovering crashed or new project: project:3007
[2026-03-26 20:21:32] [START] Launching: project:3007 @ 3007
[2026-03-26 20:21:33] [OK] PID 32908 started for project:3007
[2026-03-26 20:21:43] [RECOVERY] Recovering crashed or new project: project:3007
[2026-03-26 20:21:45] [START] Launching: project:3007 @ 3007
[2026-03-26 20:21:45] [OK] PID 24812 started for project:3007
[2026-03-26 20:22:11] [START] Launching: project:3007 @ 3007
[2026-03-26 20:22:11] [OK] PID 40988 started for project:3007
[2026-03-26 20:22:15] [RECOVERY] Recovering crashed or new project: project:3007
[2026-03-26 20:22:19] [START] Launching: project:3007 @ 3007
[2026-03-26 20:22:19] [OK] PID 39212 started for project:3007
[2026-03-26 20:22:29] [RECOVERY] Recovering crashed or new project: project:3007
[2026-03-26 20:22:31] [START] Launching: project:3007 @ 3007
[2026-03-26 20:22:31] [OK] PID 41692 started for project:3007
[2026-03-26 20:22:41] [RECOVERY] Recovering crashed or new project: project:3007
[2026-03-26 20:22:45] [START] Launching: project:3007 @ 3007
[2026-03-26 20:22:45] [OK] PID 42720 started for project:3007
[2026-03-26 20:22:55] [RECOVERY] Recovering crashed or new project: project:3007
[2026-03-26 20:22:57] [START] Launching: project:3007 @ 3007
[2026-03-26 20:22:57] [OK] PID 25420 started for project:3007
[2026-03-26 20:23:07] [RECOVERY] Recovering crashed or new project: project:3007
[2026-03-26 20:23:10] [START] Launching: project:3007 @ 3007
[2026-03-26 20:23:10] [OK] PID 22736 started for project:3007
[2026-03-26 20:23:20] [RECOVERY] Recovering crashed or new project: project:3007
[2026-03-26 20:23:28] [START] Launching: project:3007 @ 3007
[2026-03-26 20:23:28] [OK] PID 31132 started for project:3007
[2026-03-26 20:23:39] [RECOVERY] Recovering crashed or new project: project:3007
[2026-03-26 20:23:42] [START] Launching: project:3007 @ 3007
[2026-03-26 20:23:42] [OK] PID 9476 started for project:3007
[2026-03-26 20:23:52] [RECOVERY] Recovering crashed or new project: project:3007
[2026-03-26 20:23:57] [START] Launching: project:3007 @ 3007
[2026-03-26 20:23:57] [OK] PID 39788 started for project:3007
[2026-03-26 20:24:08] [RECOVERY] Recovering crashed or new project: project:3007
[2026-03-26 20:24:11] [START] Launching: project:3007 @ 3007
[2026-03-26 20:24:11] [OK] PID 40904 started for project:3007
[2026-03-26 20:24:21] [RECOVERY] Recovering crashed or new project: project:3007
[2026-03-26 20:24:25] [START] Launching: project:3007 @ 3007
[2026-03-26 20:24:25] [OK] PID 42908 started for project:3007
[2026-03-26 20:24:35] [RECOVERY] Recovering crashed or new project: project:3007
[2026-03-26 20:24:39] [START] Launching: project:3007 @ 3007
[2026-03-26 20:24:39] [OK] PID 30520 started for project:3007
[2026-03-26 20:24:50] [RECOVERY] Recovering crashed or new project: project:3007
[2026-03-26 20:24:56] ⚠️ Port 3007 is occupied by PID 34980 (node.exe)
[2026-03-26 20:24:56] [CLEAN] Clearing port 3007 for project launch...
[2026-03-26 20:24:56] ⚠️ Port 3007 is occupied by PID 34980 (node.exe)
[2026-03-26 20:24:56] [CLEAN] Clearing port 3007 for project launch...
[2026-03-26 20:24:57] [START] Launching: project:3007 @ 3007
[2026-03-26 20:24:57] [OK] PID 29888 started for project:3007
[2026-03-26 21:06:42] [START] Performing Magic Startup...
[2026-03-26 21:06:42] Current Base Path: D:\tailscale magic
[2026-03-26 21:06:42] Project Config: D:\tailscale magic\projects.json
[2026-03-26 21:06:42] System PATH: C:\Users\b-qu\AppData\Local\Temp\_MEI271962\pywin32_system32;C:\Program Files\NVIDIA GPU Computing Toolkit\CUDA\v13.1\bin\x64;C:\Program Files\NVIDIA GPU Computing Toolkit\CUDA\v13.1\bin;C:\WINDOWS\system32\image2video\.venv\Scripts;C:\Program Files\Eclipse Adoptium\jdk-21.0.10.7-hotspot\bin;C:\Program Files\Eclipse Adoptium\jdk-8.0.472.8-hotspot\bin;C:\Program Files (x86)\Common Files\Oracle\Java\java8path;C:\Program Files (x86)\Common Files\Oracle\Java\javapath;C:\Program Files\NVIDIA GPU Computing Toolkit\CUDA\v13.0\bin\x64;C:\Program Files\NVIDIA GPU Computing Toolkit\CUDA\v13.0\bin;C:\WINDOWS\system32;C:\WINDOWS;C:\WINDOWS\System32\Wbem;C:\WINDOWS\System32\WindowsPowerShell\v1.0\;C:\WINDOWS\System32\OpenSSH\;C:\Program Files\NVIDIA Corporation\NVIDIA App\NvDLISR;C:\Program Files (x86)\NVIDIA Corporation\PhysX\Common;C:\Program Files\dotnet\;C:\Program Files\Git\cmd;C:\Program Files\Tailscale\;C:\Users\b-qu\AppData\Local\Programs\Python\Python312\Scripts\;C:\Users\b-qu\AppData\Local\Programs\Python\Python312\;C:\Users\b-qu\scoop\apps\git\current\cmd;C:\Users\b-qu\scoop\shim;C:\WINDOWS\system32;C:\WINDOWS;C:\WINDOWS\System32\Wbem;C:\WINDOWS\System32\WindowsPowerShell\v1.0\;C:\WINDOWS\System32\OpenSSH\;C:\Program Files\nodejs\;C:\Program Files\NVIDIA Corporation\Nsight Compute 2025.4.1\;C:\Program Files\Go\bin;C:\Program Files\Microsoft SQL Server\170\Tools\Binn\;C:\Program Files\Microsoft SQL Server\Client SDK\ODBC\170\Tools\Binn\;C:\Program Files (x86)\IncrediBuild;C:\Program Files (x86)\Windows Kits\10\Windows Performance Toolkit\;C:\Program Files\PowerShell\7\;C:\Users\b-qu\.cargo\bin;C:\Users\b-qu\AppData\Local\Programs\Python\Python312\Scripts\;C:\Users\b-qu\AppData\Local\Programs\Python\Python312\;C:\Users\b-qu\AppData\Local\Programs\Python\Launcher\;C:\Users\b-qu\scoop\apps\git\current\cmd;C:\Users\b-qu\scoop\shims;C:\Users\b-qu\.local\bin;C:\Users\b-qu\AppData\Local\Microsoft\WindowsApps;C:\Users\b-qu\.dotnet\tools;C:\Users\b-qu\AppData\Local\Microsoft\WinGet\Links;C:\cloudflared;;C:\Users\b-qu\AppData\Local\Programs\Ollama;C:\Users\b-qu\AppData\Local\Programs\Microsoft VS Code\bin;C:\Users\b-qu\AppData\Roaming\npm;C:\Users\b-qu\go\bin;D:\Users\b-qu\AppData\Local\Programs\Antigravity\bin
[2026-03-26 21:06:45] ⚠️ Port 3002 is occupied by PID 40416 (node.exe)
[2026-03-26 21:06:45] [CLEAN] Clearing port 3002 for project launch...
[2026-03-26 21:06:45] ⚠️ Port 3002 is occupied by PID 40416 (node.exe)
[2026-03-26 21:06:45] [CLEAN] Clearing port 3002 for project launch...
[2026-03-26 21:06:45] [START] Launching: project:3002 @ 3002
[2026-03-26 21:06:46] [OK] PID 29820 started for project:3002
[2026-03-26 21:06:50] ⚠️ Port 3003 is occupied by PID 42784 (node.exe)
[2026-03-26 21:06:50] [CLEAN] Clearing port 3003 for project launch...
[2026-03-26 21:06:50] ⚠️ Port 3003 is occupied by PID 42784 (node.exe)
[2026-03-26 21:06:50] [CLEAN] Clearing port 3003 for project launch...
[2026-03-26 21:06:50] [START] Launching: project:3003 @ 3003
[2026-03-26 21:06:50] [OK] PID 33660 started for project:3003
[2026-03-26 21:06:57] ⚠️ Port 3006 is occupied by PID 22612 (node.exe)
[2026-03-26 21:06:57] [CLEAN] Clearing port 3006 for project launch...
[2026-03-26 21:06:57] ⚠️ Port 3006 is occupied by PID 22612 (node.exe)
[2026-03-26 21:06:57] [CLEAN] Clearing port 3006 for project launch...
[2026-03-26 21:06:59] [START] Launching: project:3006 @ 3006
[2026-03-26 21:07:00] [OK] PID 44996 started for project:3006
[2026-03-26 21:07:08] ⚠️ Port 3004 is occupied by PID 28044 (node.exe)
[2026-03-26 21:07:08] [CLEAN] Clearing port 3004 for project launch...
[2026-03-26 21:07:08] ⚠️ Port 3004 is occupied by PID 28044 (node.exe)
[2026-03-26 21:07:08] [CLEAN] Clearing port 3004 for project launch...
[2026-03-26 21:07:09] [START] Launching: project:3004 @ 3004
[2026-03-26 21:07:09] [OK] PID 43840 started for project:3004
[2026-03-26 21:07:18] ⚠️ Port 3005 is occupied by PID 16732 (node.exe)
[2026-03-26 21:07:18] [CLEAN] Clearing port 3005 for project launch...
[2026-03-26 21:07:18] ⚠️ Port 3005 is occupied by PID 16732 (node.exe)
[2026-03-26 21:07:18] [CLEAN] Clearing port 3005 for project launch...
[2026-03-26 21:07:21] [START] Launching: project:3005 @ 3005
[2026-03-26 21:07:22] [OK] PID 44324 started for project:3005
[2026-03-26 21:07:32] ⚠️ Port 3008 is occupied by PID 41504 (node.exe)
[2026-03-26 21:07:32] [CLEAN] Clearing port 3008 for project launch...
[2026-03-26 21:07:32] ⚠️ Port 3008 is occupied by PID 41504 (node.exe)
[2026-03-26 21:07:32] [CLEAN] Clearing port 3008 for project launch...
[2026-03-26 21:07:33] [START] Launching: project:3008 @ 3008
[2026-03-26 21:07:33] [OK] PID 21080 started for project:3008
[2026-03-26 21:07:59] ⚠️ Port 3007 is occupied by PID 38664 (node.exe)
[2026-03-26 21:07:59] [CLEAN] Clearing port 3007 for project launch...
[2026-03-26 21:08:00] [START] Launching: project:3007 @ 3007
[2026-03-26 21:08:02] [OK] PID 36968 started for project:3007
[2026-03-26 21:38:28] [START] Performing Magic Startup...
[2026-03-26 21:38:28] Current Base Path: D:\tailscale magic
[2026-03-26 21:38:28] Project Config: D:\tailscale magic\projects.json
[2026-03-26 21:38:28] System PATH: C:\Users\b-qu\AppData\Local\Temp\_MEI448322\pywin32_system32;C:\Program Files\NVIDIA GPU Computing Toolkit\CUDA\v13.1\bin\x64;C:\Program Files\NVIDIA GPU Computing Toolkit\CUDA\v13.1\bin;C:\WINDOWS\system32\image2video\.venv\Scripts;C:\Program Files\Eclipse Adoptium\jdk-21.0.10.7-hotspot\bin;C:\Program Files\Eclipse Adoptium\jdk-8.0.472.8-hotspot\bin;C:\Program Files (x86)\Common Files\Oracle\Java\java8path;C:\Program Files (x86)\Common Files\Oracle\Java\javapath;C:\Program Files\NVIDIA GPU Computing Toolkit\CUDA\v13.0\bin\x64;C:\Program Files\NVIDIA GPU Computing Toolkit\CUDA\v13.0\bin;C:\WINDOWS\system32;C:\WINDOWS;C:\WINDOWS\System32\Wbem;C:\WINDOWS\System32\WindowsPowerShell\v1.0\;C:\WINDOWS\System32\OpenSSH\;C:\Program Files\NVIDIA Corporation\NVIDIA App\NvDLISR;C:\Program Files (x86)\NVIDIA Corporation\PhysX\Common;C:\Program Files\dotnet\;C:\Program Files\Git\cmd;C:\Program Files\Tailscale\;C:\Users\b-qu\AppData\Local\Programs\Python\Python312\Scripts\;C:\Users\b-qu\AppData\Local\Programs\Python\Python312\;C:\Users\b-qu\scoop\apps\git\current\cmd;C:\Users\b-qu\scoop\shim;C:\WINDOWS\system32;C:\WINDOWS;C:\WINDOWS\System32\Wbem;C:\WINDOWS\System32\WindowsPowerShell\v1.0\;C:\WINDOWS\System32\OpenSSH\;C:\Program Files\nodejs\;C:\Program Files\NVIDIA Corporation\Nsight Compute 2025.4.1\;C:\Program Files\Go\bin;C:\Program Files\Microsoft SQL Server\170\Tools\Binn\;C:\Program Files\Microsoft SQL Server\Client SDK\ODBC\170\Tools\Binn\;C:\Program Files (x86)\IncrediBuild;C:\Program Files (x86)\Windows Kits\10\Windows Performance Toolkit\;C:\Program Files\PowerShell\7\;C:\Users\b-qu\.cargo\bin;C:\Users\b-qu\AppData\Local\Programs\Python\Python312\Scripts\;C:\Users\b-qu\AppData\Local\Programs\Python\Python312\;C:\Users\b-qu\AppData\Local\Programs\Python\Launcher\;C:\Users\b-qu\scoop\apps\git\current\cmd;C:\Users\b-qu\scoop\shims;C:\Users\b-qu\.local\bin;C:\Users\b-qu\AppData\Local\Microsoft\WindowsApps;C:\Users\b-qu\.dotnet\tools;C:\Users\b-qu\AppData\Local\Microsoft\WinGet\Links;C:\cloudflared;;C:\Users\b-qu\AppData\Local\Programs\Ollama;C:\Users\b-qu\AppData\Local\Programs\Microsoft VS Code\bin;C:\Users\b-qu\AppData\Roaming\npm;C:\Users\b-qu\go\bin;D:\Users\b-qu\AppData\Local\Programs\Antigravity\bin
[2026-03-26 21:38:30] ⚠️ Port 3002 is occupied by PID 17652 (node.exe)
[2026-03-26 21:38:30] [CLEAN] Clearing port 3002 for project launch...
[2026-03-26 21:38:31] ⚠️ Port 3002 is occupied by PID 17652 (node.exe)
[2026-03-26 21:38:31] [CLEAN] Clearing port 3002 for project launch...
[2026-03-26 21:38:31] [START] Launching: project:3002 @ 3002
[2026-03-26 21:38:31] [OK] PID 40076 started for project:3002
[2026-03-26 21:38:35] ⚠️ Port 3003 is occupied by PID 36632 (node.exe)
[2026-03-26 21:38:35] [CLEAN] Clearing port 3003 for project launch...
[2026-03-26 21:38:35] ⚠️ Port 3003 is occupied by PID 36632 (node.exe)
[2026-03-26 21:38:35] [CLEAN] Clearing port 3003 for project launch...
[2026-03-26 21:38:35] [START] Launching: project:3003 @ 3003
[2026-03-26 21:38:35] [OK] PID 30612 started for project:3003
[2026-03-26 21:38:42] ⚠️ Port 3006 is occupied by PID 44120 (node.exe)
[2026-03-26 21:38:42] [CLEAN] Clearing port 3006 for project launch...
[2026-03-26 21:38:42] ⚠️ Port 3006 is occupied by PID 44120 (node.exe)
[2026-03-26 21:38:42] [CLEAN] Clearing port 3006 for project launch...
[2026-03-26 21:38:42] [START] Launching: project:3006 @ 3006
[2026-03-26 21:38:42] [OK] PID 26532 started for project:3006
[2026-03-26 21:38:51] ⚠️ Port 3004 is occupied by PID 20980 (node.exe)
[2026-03-26 21:38:51] [CLEAN] Clearing port 3004 for project launch...
[2026-03-26 21:38:51] ⚠️ Port 3004 is occupied by PID 20980 (node.exe)
[2026-03-26 21:38:51] [CLEAN] Clearing port 3004 for project launch...
[2026-03-26 21:38:52] [START] Launching: project:3004 @ 3004
[2026-03-26 21:38:52] [OK] PID 44372 started for project:3004
[2026-03-26 21:39:00] ⚠️ Port 3005 is occupied by PID 43508 (node.exe)
[2026-03-26 21:39:00] [CLEAN] Clearing port 3005 for project launch...
[2026-03-26 21:39:00] ⚠️ Port 3005 is occupied by PID 43508 (node.exe)
[2026-03-26 21:39:01] [CLEAN] Clearing port 3005 for project launch...
[2026-03-26 21:39:01] [START] Launching: project:3005 @ 3005
[2026-03-26 21:39:01] [OK] PID 44312 started for project:3005
[2026-03-26 21:39:09] ⚠️ Port 3008 is occupied by PID 33796 (node.exe)
[2026-03-26 21:39:09] [CLEAN] Clearing port 3008 for project launch...
[2026-03-26 21:39:09] ⚠️ Port 3008 is occupied by PID 33796 (node.exe)
[2026-03-26 21:39:09] [CLEAN] Clearing port 3008 for project launch...
[2026-03-26 21:39:10] [START] Launching: project:3008 @ 3008
[2026-03-26 21:39:10] [OK] PID 21468 started for project:3008
[2026-03-26 21:39:21] ⚠️ Port 3007 is occupied by PID 42980 (node.exe)
[2026-03-26 21:39:21] [CLEAN] Clearing port 3007 for project launch...
[2026-03-26 21:39:21] [START] Launching: project:3007 @ 3007
[2026-03-26 21:39:21] [OK] PID 28264 started for project:3007
[2026-03-26 21:47:36] [START] Performing Magic Startup...
[2026-03-26 21:47:36] Current Base Path: D:\tailscale magic
[2026-03-26 21:47:36] Project Config: D:\tailscale magic\projects.json
[2026-03-26 21:47:36] System PATH: C:\Users\b-qu\AppData\Local\Temp\_MEI455802\pywin32_system32;C:\Program Files\NVIDIA GPU Computing Toolkit\CUDA\v13.1\bin\x64;C:\Program Files\NVIDIA GPU Computing Toolkit\CUDA\v13.1\bin;C:\WINDOWS\system32\image2video\.venv\Scripts;C:\Program Files\Eclipse Adoptium\jdk-21.0.10.7-hotspot\bin;C:\Program Files\Eclipse Adoptium\jdk-8.0.472.8-hotspot\bin;C:\Program Files (x86)\Common Files\Oracle\Java\java8path;C:\Program Files (x86)\Common Files\Oracle\Java\javapath;C:\Program Files\NVIDIA GPU Computing Toolkit\CUDA\v13.0\bin\x64;C:\Program Files\NVIDIA GPU Computing Toolkit\CUDA\v13.0\bin;C:\WINDOWS\system32;C:\WINDOWS;C:\WINDOWS\System32\Wbem;C:\WINDOWS\System32\WindowsPowerShell\v1.0\;C:\WINDOWS\System32\OpenSSH\;C:\Program Files\NVIDIA Corporation\NVIDIA App\NvDLISR;C:\Program Files (x86)\NVIDIA Corporation\PhysX\Common;C:\Program Files\dotnet\;C:\Program Files\Git\cmd;C:\Program Files\Tailscale\;C:\Users\b-qu\AppData\Local\Programs\Python\Python312\Scripts\;C:\Users\b-qu\AppData\Local\Programs\Python\Python312\;C:\Users\b-qu\scoop\apps\git\current\cmd;C:\Users\b-qu\scoop\shim;C:\WINDOWS\system32;C:\WINDOWS;C:\WINDOWS\System32\Wbem;C:\WINDOWS\System32\WindowsPowerShell\v1.0\;C:\WINDOWS\System32\OpenSSH\;C:\Program Files\nodejs\;C:\Program Files\NVIDIA Corporation\Nsight Compute 2025.4.1\;C:\Program Files\Go\bin;C:\Program Files\Microsoft SQL Server\170\Tools\Binn\;C:\Program Files\Microsoft SQL Server\Client SDK\ODBC\170\Tools\Binn\;C:\Program Files (x86)\IncrediBuild;C:\Program Files (x86)\Windows Kits\10\Windows Performance Toolkit\;C:\Program Files\PowerShell\7\;C:\Users\b-qu\.cargo\bin;C:\Users\b-qu\AppData\Local\Programs\Python\Python312\Scripts\;C:\Users\b-qu\AppData\Local\Programs\Python\Python312\;C:\Users\b-qu\AppData\Local\Programs\Python\Launcher\;C:\Users\b-qu\scoop\apps\git\current\cmd;C:\Users\b-qu\scoop\shims;C:\Users\b-qu\.local\bin;C:\Users\b-qu\AppData\Local\Microsoft\WindowsApps;C:\Users\b-qu\.dotnet\tools;C:\Users\b-qu\AppData\Local\Microsoft\WinGet\Links;C:\cloudflared;;C:\Users\b-qu\AppData\Local\Programs\Ollama;C:\Users\b-qu\AppData\Local\Programs\Microsoft VS Code\bin;C:\Users\b-qu\AppData\Roaming\npm;C:\Users\b-qu\go\bin;D:\Users\b-qu\AppData\Local\Programs\Antigravity\bin
[2026-03-26 21:47:40] ⚠️ Port 3002 is occupied by PID 30680 (node.exe)
[2026-03-26 21:47:40] [CLEAN] Clearing port 3002 for project launch...
[2026-03-26 21:47:40] ⚠️ Port 3002 is occupied by PID 30680 (node.exe)
[2026-03-26 21:47:40] [CLEAN] Clearing port 3002 for project launch...
[2026-03-26 21:47:40] [START] Launching: project:3002 @ 3002
[2026-03-26 21:47:40] [OK] PID 45556 started for project:3002
[2026-03-26 21:47:44] ⚠️ Port 3003 is occupied by PID 27196 (node.exe)
[2026-03-26 21:47:44] [CLEAN] Clearing port 3003 for project launch...
[2026-03-26 21:47:44] ⚠️ Port 3003 is occupied by PID 27196 (node.exe)
[2026-03-26 21:47:44] [CLEAN] Clearing port 3003 for project launch...
[2026-03-26 21:47:44] [START] Launching: project:3003 @ 3003
[2026-03-26 21:47:44] [OK] PID 31752 started for project:3003
[2026-03-26 21:47:50] ⚠️ Port 3006 is occupied by PID 43044 (node.exe)
[2026-03-26 21:47:50] [CLEAN] Clearing port 3006 for project launch...
[2026-03-26 21:47:50] ⚠️ Port 3006 is occupied by PID 43044 (node.exe)
[2026-03-26 21:47:50] [CLEAN] Clearing port 3006 for project launch...
[2026-03-26 21:47:50] [START] Launching: project:3006 @ 3006
[2026-03-26 21:47:50] [OK] PID 32000 started for project:3006
[2026-03-26 21:47:56] ⚠️ Port 3004 is occupied by PID 36960 (node.exe)
[2026-03-26 21:47:56] [CLEAN] Clearing port 3004 for project launch...
[2026-03-26 21:47:56] ⚠️ Port 3004 is occupied by PID 36960 (node.exe)
[2026-03-26 21:47:56] [CLEAN] Clearing port 3004 for project launch...
[2026-03-26 21:47:57] [START] Launching: project:3004 @ 3004
[2026-03-26 21:47:57] [OK] PID 43600 started for project:3004
[2026-03-26 21:48:02] ⚠️ Port 3005 is occupied by PID 9412 (node.exe)
[2026-03-26 21:48:02] [CLEAN] Clearing port 3005 for project launch...
[2026-03-26 21:48:02] ⚠️ Port 3005 is occupied by PID 9412 (node.exe)
[2026-03-26 21:48:02] [CLEAN] Clearing port 3005 for project launch...
[2026-03-26 21:48:06] [START] Launching: project:3005 @ 3005
[2026-03-26 21:48:06] [OK] PID 38200 started for project:3005
[2026-03-26 21:48:12] ⚠️ Port 3008 is occupied by PID 14256 (node.exe)
[2026-03-26 21:48:13] [CLEAN] Clearing port 3008 for project launch...
[2026-03-26 21:48:13] ⚠️ Port 3008 is occupied by PID 14256 (node.exe)
[2026-03-26 21:48:13] [CLEAN] Clearing port 3008 for project launch...
[2026-03-26 21:48:15] [START] Launching: project:3008 @ 3008
[2026-03-26 21:48:15] [OK] PID 44740 started for project:3008
[2026-03-26 21:48:25] ⚠️ Port 3007 is occupied by PID 16900 (node.exe)
[2026-03-26 21:48:25] [CLEAN] Clearing port 3007 for project launch...
[2026-03-26 21:48:28] [START] Launching: project:3007 @ 3007
[2026-03-26 21:48:29] [OK] PID 34820 started for project:3007
[2026-03-26 22:34:17] [START] Performing Magic Startup...
[2026-03-26 22:34:17] Current Base Path: D:\tailscale magic
[2026-03-26 22:34:17] Project Config: D:\tailscale magic\projects.json
[2026-03-26 22:34:17] System PATH: C:\Users\b-qu\AppData\Local\Temp\_MEI77522\pywin32_system32;C:\Program Files\NVIDIA GPU Computing Toolkit\CUDA\v13.1\bin\x64;C:\Program Files\NVIDIA GPU Computing Toolkit\CUDA\v13.1\bin;C:\WINDOWS\system32\image2video\.venv\Scripts;C:\Program Files\Eclipse Adoptium\jdk-21.0.10.7-hotspot\bin;C:\Program Files\Eclipse Adoptium\jdk-8.0.472.8-hotspot\bin;C:\Program Files (x86)\Common Files\Oracle\Java\java8path;C:\Program Files (x86)\Common Files\Oracle\Java\javapath;C:\Program Files\NVIDIA GPU Computing Toolkit\CUDA\v13.0\bin\x64;C:\Program Files\NVIDIA GPU Computing Toolkit\CUDA\v13.0\bin;C:\WINDOWS\system32;C:\WINDOWS;C:\WINDOWS\System32\Wbem;C:\WINDOWS\System32\WindowsPowerShell\v1.0\;C:\WINDOWS\System32\OpenSSH\;C:\Program Files\NVIDIA Corporation\NVIDIA App\NvDLISR;C:\Program Files (x86)\NVIDIA Corporation\PhysX\Common;C:\Program Files\dotnet\;C:\Program Files\Git\cmd;C:\Program Files\Tailscale\;C:\Users\b-qu\AppData\Local\Programs\Python\Python312\Scripts\;C:\Users\b-qu\AppData\Local\Programs\Python\Python312\;C:\Users\b-qu\scoop\apps\git\current\cmd;C:\Users\b-qu\scoop\shim;C:\WINDOWS\system32;C:\WINDOWS;C:\WINDOWS\System32\Wbem;C:\WINDOWS\System32\WindowsPowerShell\v1.0\;C:\WINDOWS\System32\OpenSSH\;C:\Program Files\nodejs\;C:\Program Files\NVIDIA Corporation\Nsight Compute 2025.4.1\;C:\Program Files\Go\bin;C:\Program Files\Microsoft SQL Server\170\Tools\Binn\;C:\Program Files\Microsoft SQL Server\Client SDK\ODBC\170\Tools\Binn\;C:\Program Files (x86)\IncrediBuild;C:\Program Files (x86)\Windows Kits\10\Windows Performance Toolkit\;C:\Program Files\PowerShell\7\;C:\Users\b-qu\.cargo\bin;C:\Users\b-qu\AppData\Local\Programs\Python\Python312\Scripts\;C:\Users\b-qu\AppData\Local\Programs\Python\Python312\;C:\Users\b-qu\AppData\Local\Programs\Python\Launcher\;C:\Users\b-qu\scoop\apps\git\current\cmd;C:\Users\b-qu\scoop\shims;C:\Users\b-qu\.local\bin;C:\Users\b-qu\AppData\Local\Microsoft\WindowsApps;C:\Users\b-qu\.dotnet\tools;C:\Users\b-qu\AppData\Local\Microsoft\WinGet\Links;C:\cloudflared;;C:\Users\b-qu\AppData\Local\Programs\Ollama;C:\Users\b-qu\AppData\Local\Programs\Microsoft VS Code\bin;C:\Users\b-qu\AppData\Roaming\npm;C:\Users\b-qu\go\bin;D:\Users\b-qu\AppData\Local\Programs\Antigravity\bin
[2026-03-26 22:34:20] ⚠️ Port 3002 is occupied by PID 33480 (node.exe)
[2026-03-26 22:34:20] [CLEAN] Clearing port 3002 for project launch...
[2026-03-26 22:34:20] ⚠️ Port 3002 is occupied by PID 33480 (node.exe)
[2026-03-26 22:34:20] [CLEAN] Clearing port 3002 for project launch...
[2026-03-26 22:34:20] [START] Launching: project:3002 @ 3002
[2026-03-26 22:34:20] [OK] PID 33664 started for project:3002
[2026-03-26 22:34:23] ⚠️ Port 3003 is occupied by PID 32708 (node.exe)
[2026-03-26 22:34:23] [CLEAN] Clearing port 3003 for project launch...
[2026-03-26 22:34:23] ⚠️ Port 3003 is occupied by PID 32708 (node.exe)
[2026-03-26 22:34:23] [CLEAN] Clearing port 3003 for project launch...
[2026-03-26 22:34:23] [START] Launching: project:3003 @ 3003
[2026-03-26 22:34:23] [OK] PID 29912 started for project:3003
[2026-03-26 22:34:27] [RECOVERY] Recovering crashed or new project: project:3007
[2026-03-26 22:34:27] ⚠️ Port 3007 is occupied by PID 0 (System Idle Process)
[2026-03-26 22:34:27] [CLEAN] Clearing port 3007 for project launch...
[2026-03-26 22:34:30] ⚠️ Port 3006 is occupied by PID 42300 (node.exe)
[2026-03-26 22:34:30] [CLEAN] Clearing port 3006 for project launch...
[2026-03-26 22:34:31] ⚠️ Port 3006 is occupied by PID 42300 (node.exe)
[2026-03-26 22:34:31] [CLEAN] Clearing port 3006 for project launch...
[2026-03-26 22:34:31] [START] Launching: project:3006 @ 3006
[2026-03-26 22:34:31] [OK] PID 21468 started for project:3006
[2026-03-26 22:34:36] [START] Launching: project:3007 @ 3007
[2026-03-26 22:34:36] [OK] PID 24920 started for project:3007
[2026-03-26 22:34:39] ⚠️ Port 3004 is occupied by PID 44872 (node.exe)
[2026-03-26 22:34:39] [CLEAN] Clearing port 3004 for project launch...
[2026-03-26 22:34:39] ⚠️ Port 3004 is occupied by PID 44872 (node.exe)
[2026-03-26 22:34:39] [CLEAN] Clearing port 3004 for project launch...
[2026-03-26 22:34:39] [START] Launching: project:3004 @ 3004
[2026-03-26 22:34:39] [OK] PID 11000 started for project:3004
[2026-03-26 22:34:45] ⚠️ Port 3005 is occupied by PID 43024 (node.exe)
[2026-03-26 22:34:45] [CLEAN] Clearing port 3005 for project launch...
[2026-03-26 22:34:45] ⚠️ Port 3005 is occupied by PID 43024 (node.exe)
[2026-03-26 22:34:45] [CLEAN] Clearing port 3005 for project launch...
[2026-03-26 22:34:45] [START] Launching: project:3005 @ 3005
[2026-03-26 22:34:45] [OK] PID 35208 started for project:3005
[2026-03-26 22:34:53] ⚠️ Port 3008 is occupied by PID 27196 (node.exe)
[2026-03-26 22:34:53] [CLEAN] Clearing port 3008 for project launch...
[2026-03-26 22:34:53] ⚠️ Port 3008 is occupied by PID 27196 (node.exe)
[2026-03-26 22:34:53] [CLEAN] Clearing port 3008 for project launch...
[2026-03-26 22:34:53] [START] Launching: project:3008 @ 3008
[2026-03-26 22:34:53] [OK] PID 27072 started for project:3008
[2026-03-26 22:34:53] ⚠️ Port 3007 is occupied by PID 0 (System Idle Process)
[2026-03-26 22:34:53] [CLEAN] Clearing port 3007 for project launch...
[2026-03-26 22:35:02] ⚠️ Port 3007 is occupied by PID 18800 (node.exe)
[2026-03-26 22:35:02] [CLEAN] Clearing port 3007 for project launch...
[2026-03-26 22:35:02] ⚠️ Port 3007 is occupied by PID 18800 (node.exe)
[2026-03-26 22:35:02] [CLEAN] Clearing port 3007 for project launch...
[2026-03-26 22:35:02] ⚠️ Port 3007 is occupied by PID 18800 (node.exe)
[2026-03-26 22:35:02] [CLEAN] Clearing port 3007 for project launch...
[2026-03-26 22:35:02] ⚠️ Port 3007 is occupied by PID 18800 (node.exe)
[2026-03-26 22:35:02] [CLEAN] Clearing port 3007 for project launch...
[2026-03-26 22:35:03] [START] Launching: project:3007 @ 3007
[2026-03-26 22:35:03] [OK] PID 20336 started for project:3007
[2026-03-27 09:07:38] [START] Performing Magic Startup...
[2026-03-27 09:07:38] Current Base Path: D:\tailscale magic
[2026-03-27 09:07:38] Project Config: D:\tailscale magic\projects.json
[2026-03-27 09:07:38] System PATH: C:\Users\b-qu\AppData\Local\Temp\_MEI196522\pywin32_system32;C:\Program Files\NVIDIA GPU Computing Toolkit\CUDA\v13.1\bin\x64;C:\Program Files\NVIDIA GPU Computing Toolkit\CUDA\v13.1\bin;C:\WINDOWS\system32\image2video\.venv\Scripts;C:\Program Files\Eclipse Adoptium\jdk-21.0.10.7-hotspot\bin;C:\Program Files\Eclipse Adoptium\jdk-8.0.472.8-hotspot\bin;C:\Program Files (x86)\Common Files\Oracle\Java\java8path;C:\Program Files (x86)\Common Files\Oracle\Java\javapath;C:\Program Files\NVIDIA GPU Computing Toolkit\CUDA\v13.0\bin\x64;C:\Program Files\NVIDIA GPU Computing Toolkit\CUDA\v13.0\bin;C:\WINDOWS\system32;C:\WINDOWS;C:\WINDOWS\System32\Wbem;C:\WINDOWS\System32\WindowsPowerShell\v1.0\;C:\WINDOWS\System32\OpenSSH\;C:\Program Files\NVIDIA Corporation\NVIDIA App\NvDLISR;C:\Program Files (x86)\NVIDIA Corporation\PhysX\Common;C:\Program Files\dotnet\;C:\Program Files\Git\cmd;C:\Program Files\Tailscale\;C:\Users\b-qu\AppData\Local\Programs\Python\Python312\Scripts\;C:\Users\b-qu\AppData\Local\Programs\Python\Python312\;C:\Users\b-qu\scoop\apps\git\current\cmd;C:\Users\b-qu\scoop\shim;C:\WINDOWS\system32;C:\WINDOWS;C:\WINDOWS\System32\Wbem;C:\WINDOWS\System32\WindowsPowerShell\v1.0\;C:\WINDOWS\System32\OpenSSH\;C:\Program Files\nodejs\;C:\Program Files\NVIDIA Corporation\Nsight Compute 2025.4.1\;C:\Program Files\Go\bin;C:\Program Files\Microsoft SQL Server\170\Tools\Binn\;C:\Program Files\Microsoft SQL Server\Client SDK\ODBC\170\Tools\Binn\;C:\Program Files (x86)\IncrediBuild;C:\Program Files (x86)\Windows Kits\10\Windows Performance Toolkit\;C:\Program Files\PowerShell\7\;C:\Users\b-qu\.cargo\bin;C:\Users\b-qu\AppData\Local\Programs\Python\Python312\Scripts\;C:\Users\b-qu\AppData\Local\Programs\Python\Python312\;C:\Users\b-qu\AppData\Local\Programs\Python\Launcher\;C:\Users\b-qu\scoop\apps\git\current\cmd;C:\Users\b-qu\scoop\shims;C:\Users\b-qu\.local\bin;C:\Users\b-qu\AppData\Local\Microsoft\WindowsApps;C:\Users\b-qu\.dotnet\tools;C:\Users\b-qu\AppData\Local\Microsoft\WinGet\Links;C:\cloudflared;;C:\Users\b-qu\AppData\Local\Programs\Ollama;C:\Users\b-qu\AppData\Local\Programs\Microsoft VS Code\bin;C:\Users\b-qu\AppData\Roaming\npm;C:\Users\b-qu\go\bin;D:\Users\b-qu\AppData\Local\Programs\Antigravity\bin
[2026-03-27 09:07:39] ⚠️ Port 3002 is occupied by PID 19188 (node.exe)
[2026-03-27 09:07:39] [CLEAN] Clearing port 3002 for project launch...
[2026-03-27 09:07:39] ⚠️ Port 3002 is occupied by PID 19188 (node.exe)
[2026-03-27 09:07:39] [CLEAN] Clearing port 3002 for project launch...
[2026-03-27 09:07:39] [START] Launching: project:3002 @ 3002
[2026-03-27 09:07:40] [OK] PID 10480 started for project:3002
[2026-03-27 09:07:42] ⚠️ Port 3003 is occupied by PID 21980 (node.exe)
[2026-03-27 09:07:42] [CLEAN] Clearing port 3003 for project launch...
[2026-03-27 09:07:42] ⚠️ Port 3003 is occupied by PID 21980 (node.exe)
[2026-03-27 09:07:42] [CLEAN] Clearing port 3003 for project launch...
[2026-03-27 09:07:42] [START] Launching: project:3003 @ 3003
[2026-03-27 09:07:42] [OK] PID 24920 started for project:3003
[2026-03-27 09:07:44] ⚠️ Port 3006 is occupied by PID 37280 (node.exe)
[2026-03-27 09:07:44] [CLEAN] Clearing port 3006 for project launch...
[2026-03-27 09:07:44] ⚠️ Port 3006 is occupied by PID 37280 (node.exe)
[2026-03-27 09:07:44] [CLEAN] Clearing port 3006 for project launch...
[2026-03-27 09:07:45] [START] Launching: project:3006 @ 3006
[2026-03-27 09:07:45] [OK] PID 31512 started for project:3006
[2026-03-27 09:07:47] ⚠️ Port 3004 is occupied by PID 22476 (node.exe)
[2026-03-27 09:07:47] [CLEAN] Clearing port 3004 for project launch...
[2026-03-27 09:07:48] [START] Launching: project:3004 @ 3004
[2026-03-27 09:07:48] [RECOVERY] Recovering crashed or new project: project:3004
[2026-03-27 09:07:48] [OK] PID 6032 started for project:3004
[2026-03-27 09:07:52] [START] Launching: project:3004 @ 3004
[2026-03-27 09:07:52] ⚠️ Port 3005 is occupied by PID 42784 (node.exe)
[2026-03-27 09:07:52] [CLEAN] Clearing port 3005 for project launch...
[2026-03-27 09:07:52] ⚠️ Port 3005 is occupied by PID 42784 (node.exe)
[2026-03-27 09:07:52] [CLEAN] Clearing port 3005 for project launch...
[2026-03-27 09:07:52] ⚠️ Port 3005 is occupied by PID 42784 (node.exe)
[2026-03-27 09:07:52] [CLEAN] Clearing port 3005 for project launch...
[2026-03-27 09:07:52] [OK] PID 32192 started for project:3004
[2026-03-27 09:07:52] [START] Launching: project:3005 @ 3005
[2026-03-27 09:07:52] [OK] PID 22156 started for project:3005
[2026-03-27 09:07:55] ⚠️ Port 3008 is occupied by PID 42512 (node.exe)
[2026-03-27 09:07:55] [CLEAN] Clearing port 3008 for project launch...
[2026-03-27 09:07:55] ⚠️ Port 3008 is occupied by PID 42512 (node.exe)
[2026-03-27 09:07:55] [CLEAN] Clearing port 3008 for project launch...
[2026-03-27 09:07:56] [START] Launching: project:3008 @ 3008
[2026-03-27 09:07:56] [OK] PID 38688 started for project:3008
[2026-03-27 09:08:01] ⚠️ Port 3007 is occupied by PID 37184 (node.exe)
[2026-03-27 09:08:01] [CLEAN] Clearing port 3007 for project launch...
[2026-03-27 09:08:01] [START] Launching: project:3007 @ 3007
[2026-03-27 09:08:01] [OK] PID 44364 started for project:3007
[2026-03-31 09:29:49] [RECOVERY] Recovering crashed or new project: project:3004
[2026-03-31 09:29:52] [START] Launching: project:3004 @ 3004
[2026-03-31 09:29:52] [OK] PID 53716 started for project:3004
[2026-03-31 09:29:52] [RECOVERY] Recovering crashed or new project: project:3005
[2026-03-31 09:29:57] [START] Launching: project:3005 @ 3005
[2026-03-31 09:29:57] [OK] PID 81808 started for project:3005
[2026-03-31 09:29:57] [RECOVERY] Recovering crashed or new project: project:3008
[2026-03-31 09:30:00] [START] Launching: project:3008 @ 3008
[2026-03-31 09:30:00] [OK] PID 80468 started for project:3008
[2026-03-31 09:30:00] [RECOVERY] Recovering crashed or new project: project:3007
[2026-03-31 09:30:04] [START] Launching: project:3007 @ 3007
[2026-03-31 09:30:04] [OK] PID 23028 started for project:3007
[2026-03-31 09:30:14] [RECOVERY] Recovering crashed or new project: project:3002
[2026-03-31 09:30:16] [START] Launching: project:3002 @ 3002
[2026-03-31 09:30:16] [OK] PID 38344 started for project:3002
[2026-03-31 09:30:16] [RECOVERY] Recovering crashed or new project: project:3003
[2026-03-31 09:30:20] [START] Launching: project:3003 @ 3003
[2026-03-31 09:30:20] [OK] PID 55824 started for project:3003
[2026-03-31 09:30:20] [RECOVERY] Recovering crashed or new project: project:3006
[2026-03-31 09:30:24] [START] Launching: project:3006 @ 3006
[2026-03-31 09:30:24] [OK] PID 44824 started for project:3006
[2026-04-02 05:16:11] [FUNNEL-HEAL] Dashboard Funnel DOWN. Re-establishing on port 8443...
[2026-04-02 05:16:11] [FUNNEL-HEAL] Monitor error: [WinError 32] Der Prozess kann nicht auf die Datei zugreifen, da sie von einem anderen Prozess verwendet wird
[2026-04-03 03:11:02] [START] Performing Magic Startup...
[2026-04-03 03:11:02] Current Base Path: D:\tailscale magic
[2026-04-03 03:11:02] Project Config: D:\tailscale magic\projects.json
[2026-04-03 03:11:02] System PATH: C:\Users\b-qu\AppData\Local\Temp\_MEI135602\pywin32_system32;C:\Program Files\NVIDIA GPU Computing Toolkit\CUDA\v13.1\bin\x64;C:\Program Files\NVIDIA GPU Computing Toolkit\CUDA\v13.1\bin;C:\WINDOWS\system32\image2video\.venv\Scripts;C:\Program Files\Eclipse Adoptium\jdk-21.0.10.7-hotspot\bin;C:\Program Files\Eclipse Adoptium\jdk-8.0.472.8-hotspot\bin;C:\Program Files (x86)\Common Files\Oracle\Java\java8path;C:\Program Files (x86)\Common Files\Oracle\Java\javapath;C:\Program Files\NVIDIA GPU Computing Toolkit\CUDA\v13.0\bin\x64;C:\Program Files\NVIDIA GPU Computing Toolkit\CUDA\v13.0\bin;C:\WINDOWS\system32;C:\WINDOWS;C:\WINDOWS\System32\Wbem;C:\WINDOWS\System32\WindowsPowerShell\v1.0\;C:\WINDOWS\System32\OpenSSH\;C:\Program Files\NVIDIA Corporation\NVIDIA App\NvDLISR;C:\Program Files (x86)\NVIDIA Corporation\PhysX\Common;C:\Program Files\dotnet\;C:\Program Files\Git\cmd;C:\Program Files\Tailscale\;C:\Users\b-qu\AppData\Local\Programs\Python\Python312\Scripts\;C:\Users\b-qu\AppData\Local\Programs\Python\Python312\;C:\Users\b-qu\scoop\apps\git\current\cmd;C:\Users\b-qu\scoop\shim;C:\WINDOWS\system32;C:\WINDOWS;C:\WINDOWS\System32\Wbem;C:\WINDOWS\System32\WindowsPowerShell\v1.0\;C:\WINDOWS\System32\OpenSSH\;C:\Program Files\nodejs\;C:\Program Files\NVIDIA Corporation\Nsight Compute 2025.4.1\;C:\Program Files\Go\bin;C:\Program Files\Microsoft SQL Server\170\Tools\Binn\;C:\Program Files\Microsoft SQL Server\Client SDK\ODBC\170\Tools\Binn\;C:\Program Files (x86)\IncrediBuild;C:\Program Files (x86)\Windows Kits\10\Windows Performance Toolkit\;C:\Program Files\PowerShell\7\;C:\Users\b-qu\.cargo\bin;C:\Users\b-qu\AppData\Local\Programs\Python\Python312\Scripts\;C:\Users\b-qu\AppData\Local\Programs\Python\Python312\;C:\Users\b-qu\AppData\Local\Programs\Python\Launcher\;C:\Users\b-qu\scoop\apps\git\current\cmd;C:\Users\b-qu\scoop\shims;C:\Users\b-qu\.local\bin;C:\Users\b-qu\AppData\Local\Microsoft\WindowsApps;C:\Users\b-qu\.dotnet\tools;C:\Users\b-qu\AppData\Local\Microsoft\WinGet\Links;C:\cloudflared;;C:\Users\b-qu\AppData\Local\Programs\Ollama;C:\Users\b-qu\AppData\Local\Programs\Microsoft VS Code\bin;C:\Users\b-qu\AppData\Roaming\npm;C:\Users\b-qu\go\bin;D:\Users\b-qu\AppData\Local\Programs\Antigravity\bin
[2026-04-03 03:11:06] [START] Launching: project:3002 @ 3002
[2026-04-03 03:11:06] [OK] PID 9736 started for project:3002
[2026-04-03 03:11:08] [START] Launching: project:3003 @ 3003
[2026-04-03 03:11:08] [OK] PID 9300 started for project:3003
[2026-04-03 03:11:10] [START] Launching: project:3006 @ 3006
[2026-04-03 03:11:10] [OK] PID 13416 started for project:3006
[2026-04-03 03:11:12] [RECOVERY] Recovering crashed or new project: project:3004
[2026-04-03 03:11:13] [START] Launching: project:3004 @ 3004
[2026-04-03 03:11:14] [OK] PID 16456 started for project:3004
[2026-04-03 03:11:16] [START] Launching: project:3004 @ 3004
[2026-04-03 03:11:17] [OK] PID 15508 started for project:3004
[2026-04-03 03:11:17] [RECOVERY] Recovering crashed or new project: project:3005
[2026-04-03 03:11:17] [START] Launching: project:3005 @ 3005
[2026-04-03 03:11:18] [OK] PID 11952 started for project:3005
[2026-04-03 03:11:21] [START] Launching: project:3005 @ 3005
[2026-04-03 03:11:21] [OK] PID 18632 started for project:3005
[2026-04-03 03:11:21] [RECOVERY] Recovering crashed or new project: project:3008
[2026-04-03 03:11:21] [START] Launching: project:3008 @ 3008
[2026-04-03 03:11:22] [OK] PID 19988 started for project:3008
[2026-04-03 03:11:27] [START] Launching: project:3008 @ 3008
[2026-04-03 03:11:27] [START] Launching: project:3007 @ 3007
[2026-04-03 03:11:27] [OK] PID 22224 started for project:3007
[2026-04-03 03:11:27] [OK] PID 22216 started for project:3008
[2026-04-03 03:11:27] [FUNNEL-HEAL] Dashboard Funnel DOWN. Re-establishing on port 8443...
[2026-04-03 03:11:27] [FUNNEL-HEAL] Funnel DOWN for existing:3001 (port 3001). Re-establishing...
[2026-04-03 03:11:27] [FUNNEL-HEAL] FAILED to restore existing:3001: unexpected state: NoState

[2026-04-03 03:11:47] [FUNNEL-HEAL] Dashboard Funnel DOWN. Re-establishing on port 8443...
[2026-04-03 03:11:47] [FUNNEL-HEAL] Funnel DOWN for existing:3001 (port 3001). Re-establishing...
[2026-04-03 03:11:47] [FUNNEL-HEAL] FAILED to restore existing:3001: unexpected state: NoState

[2026-04-03 03:12:18] [FUNNEL-HEAL] Dashboard Funnel DOWN. Re-establishing on port 8443...
[2026-04-03 03:12:18] [FUNNEL-HEAL] Funnel DOWN for existing:3001 (port 3001). Re-establishing...
[2026-04-03 03:12:18] [FUNNEL-HEAL] FAILED to restore existing:3001: unexpected state: NoState

[2026-04-03 03:12:48] [RECOVERY] Recovering crashed or new project: project:3008
[2026-04-03 03:12:53] ⚠️ Port 3008 is occupied by PID 21956 (node.exe)
[2026-04-03 03:12:53] [CLEAN] Clearing port 3008 for project launch...
[2026-04-03 03:12:53] ⚠️ Port 3008 is occupied by PID 21956 (node.exe)
[2026-04-03 03:12:53] [CLEAN] Clearing port 3008 for project launch...
[2026-04-03 03:12:53] [START] Launching: project:3008 @ 3008
[2026-04-03 03:12:53] [OK] PID 22908 started for project:3008
[2026-04-03 03:12:53] [FUNNEL-HEAL] Dashboard Funnel DOWN. Re-establishing on port 8443...
[2026-04-03 03:12:53] [FUNNEL-HEAL] Funnel DOWN for existing:3001 (port 3001). Re-establishing...
[2026-04-03 03:12:54] [FUNNEL-HEAL] FAILED to restore existing:3001: unexpected state: NoState

[2026-04-03 03:13:24] [FUNNEL-HEAL] Dashboard Funnel DOWN. Re-establishing on port 8443...
[2026-04-03 03:13:24] [FUNNEL-HEAL] Funnel DOWN for existing:3001 (port 3001). Re-establishing...
[2026-04-03 03:13:25] [FUNNEL-HEAL] FAILED to restore existing:3001: unexpected state: NoState

[2026-04-04 09:31:07] [START] Launching: project:3009 @ 3009
[2026-04-04 09:31:07] [OK] PID 25628 started for project:3009
[2026-04-04 09:31:24] [RECOVERY] Recovering crashed or new project: project:3009
[2026-04-04 09:31:26] [START] Launching: project:3009 @ 3009
[2026-04-04 09:31:26] [OK] PID 236 started for project:3009
[2026-04-04 09:31:36] [RECOVERY] Recovering crashed or new project: project:3009
[2026-04-04 09:31:39] [START] Launching: project:3009 @ 3009
[2026-04-04 09:31:39] [OK] PID 6708 started for project:3009
[2026-04-04 09:31:50] [RECOVERY] Recovering crashed or new project: project:3009
[2026-04-04 09:31:52] [START] Launching: project:3009 @ 3009
[2026-04-04 09:31:52] [OK] PID 26184 started for project:3009
[2026-04-04 09:32:02] [RECOVERY] Recovering crashed or new project: project:3009
[2026-04-04 09:32:04] [START] Launching: project:3009 @ 3009
[2026-04-04 09:32:04] [OK] PID 14100 started for project:3009
[2026-04-04 09:32:15] [RECOVERY] Recovering crashed or new project: project:3009
[2026-04-04 09:32:17] [START] Launching: project:3009 @ 3009
[2026-04-04 09:32:17] [OK] PID 30528 started for project:3009
[2026-04-04 09:32:27] [RECOVERY] Recovering crashed or new project: project:3009
[2026-04-04 09:32:29] [START] Launching: project:3009 @ 3009
[2026-04-04 09:32:29] [OK] PID 19784 started for project:3009
[2026-04-04 09:32:39] [RECOVERY] Recovering crashed or new project: project:3009
[2026-04-04 09:32:41] [START] Launching: project:3009 @ 3009
[2026-04-04 09:32:41] [OK] PID 29076 started for project:3009
[2026-04-04 09:32:51] [RECOVERY] Recovering crashed or new project: project:3009
[2026-04-04 09:32:54] [START] Launching: project:3009 @ 3009
[2026-04-04 09:32:54] [OK] PID 576 started for project:3009
[2026-04-04 09:33:04] [RECOVERY] Recovering crashed or new project: project:3009
[2026-04-04 09:33:06] [START] Launching: project:3009 @ 3009
[2026-04-04 09:33:06] [OK] PID 28596 started for project:3009
[2026-04-04 09:33:16] [RECOVERY] Recovering crashed or new project: project:3009
[2026-04-04 09:33:18] [START] Launching: project:3009 @ 3009
[2026-04-04 09:33:18] [OK] PID 12320 started for project:3009
[2026-04-04 09:33:28] [RECOVERY] Recovering crashed or new project: project:3009
[2026-04-04 09:33:30] [START] Launching: project:3009 @ 3009
[2026-04-04 09:33:30] [OK] PID 5268 started for project:3009
[2026-04-04 09:33:40] [RECOVERY] Recovering crashed or new project: project:3009
[2026-04-04 09:33:42] [START] Launching: project:3009 @ 3009
[2026-04-04 09:33:42] [OK] PID 28628 started for project:3009
[2026-04-04 09:33:52] [RECOVERY] Recovering crashed or new project: project:3009
[2026-04-04 09:33:54] [START] Launching: project:3009 @ 3009
[2026-04-04 09:33:54] [OK] PID 30528 started for project:3009
[2026-04-04 09:34:04] [RECOVERY] Recovering crashed or new project: project:3009
[2026-04-04 09:34:06] [START] Launching: project:3009 @ 3009
[2026-04-04 09:34:06] [OK] PID 29512 started for project:3009
[2026-04-04 09:34:16] [RECOVERY] Recovering crashed or new project: project:3009
[2026-04-04 09:34:18] [START] Launching: project:3009 @ 3009
[2026-04-04 09:34:18] [OK] PID 29276 started for project:3009
[2026-04-04 09:34:28] [RECOVERY] Recovering crashed or new project: project:3009
[2026-04-04 09:34:30] [START] Launching: project:3009 @ 3009
[2026-04-04 09:34:30] [OK] PID 26632 started for project:3009
[2026-04-04 09:34:40] [RECOVERY] Recovering crashed or new project: project:3009
[2026-04-04 09:34:42] [START] Launching: project:3009 @ 3009
[2026-04-04 09:34:42] [OK] PID 1864 started for project:3009
[2026-04-04 09:34:52] [RECOVERY] Recovering crashed or new project: project:3009
[2026-04-04 09:34:54] [START] Launching: project:3009 @ 3009
[2026-04-04 09:34:54] [OK] PID 14104 started for project:3009
[2026-04-04 09:35:04] [RECOVERY] Recovering crashed or new project: project:3009
[2026-04-04 09:35:06] [START] Launching: project:3009 @ 3009
[2026-04-04 09:35:06] [OK] PID 8584 started for project:3009
[2026-04-04 09:35:16] [RECOVERY] Recovering crashed or new project: project:3009
[2026-04-04 09:35:18] [START] Launching: project:3009 @ 3009
[2026-04-04 09:35:18] [OK] PID 28248 started for project:3009
[2026-04-04 09:35:28] [RECOVERY] Recovering crashed or new project: project:3009
[2026-04-04 09:35:30] [START] Launching: project:3009 @ 3009
[2026-04-04 09:35:30] [OK] PID 8908 started for project:3009
[2026-04-04 09:35:40] [RECOVERY] Recovering crashed or new project: project:3009
[2026-04-04 09:35:42] [START] Launching: project:3009 @ 3009
[2026-04-04 09:35:42] [OK] PID 24312 started for project:3009
[2026-04-04 09:35:52] [RECOVERY] Recovering crashed or new project: project:3009
[2026-04-04 09:35:54] [START] Launching: project:3009 @ 3009
[2026-04-04 09:35:54] [OK] PID 25812 started for project:3009
[2026-04-04 09:36:04] [RECOVERY] Recovering crashed or new project: project:3009
[2026-04-04 09:36:06] [START] Launching: project:3009 @ 3009
[2026-04-04 09:36:06] [OK] PID 9788 started for project:3009
[2026-04-04 09:36:16] [RECOVERY] Recovering crashed or new project: project:3009
[2026-04-04 09:36:18] [START] Launching: project:3009 @ 3009
[2026-04-04 09:36:18] [OK] PID 13832 started for project:3009
[2026-04-04 09:36:28] [RECOVERY] Recovering crashed or new project: project:3009
[2026-04-04 09:36:30] [START] Launching: project:3009 @ 3009
[2026-04-04 09:36:30] [OK] PID 31232 started for project:3009
[2026-04-04 09:36:40] [RECOVERY] Recovering crashed or new project: project:3009
[2026-04-04 09:36:42] [START] Launching: project:3009 @ 3009
[2026-04-04 09:36:42] [OK] PID 32436 started for project:3009
[2026-04-04 09:36:52] [RECOVERY] Recovering crashed or new project: project:3009
[2026-04-04 09:36:54] [START] Launching: project:3009 @ 3009
[2026-04-04 09:36:54] [OK] PID 4040 started for project:3009
[2026-04-04 09:37:04] [RECOVERY] Recovering crashed or new project: project:3009
[2026-04-04 09:37:06] [START] Launching: project:3009 @ 3009
[2026-04-04 09:37:06] [OK] PID 22860 started for project:3009
[2026-04-04 09:37:16] [RECOVERY] Recovering crashed or new project: project:3009
[2026-04-04 09:37:18] [START] Launching: project:3009 @ 3009
[2026-04-04 09:37:18] [OK] PID 19748 started for project:3009
[2026-04-04 09:37:28] [RECOVERY] Recovering crashed or new project: project:3009
[2026-04-04 09:37:30] [START] Launching: project:3009 @ 3009
[2026-04-04 09:37:30] [OK] PID 8420 started for project:3009
[2026-04-04 09:37:40] [RECOVERY] Recovering crashed or new project: project:3009
[2026-04-04 09:37:42] [START] Launching: project:3009 @ 3009
[2026-04-04 09:37:42] [OK] PID 21464 started for project:3009
[2026-04-04 09:37:52] [RECOVERY] Recovering crashed or new project: project:3009
[2026-04-04 09:37:54] [START] Launching: project:3009 @ 3009
[2026-04-04 09:37:54] [OK] PID 31456 started for project:3009
[2026-04-04 09:38:04] [RECOVERY] Recovering crashed or new project: project:3009
[2026-04-04 09:38:06] [START] Launching: project:3009 @ 3009
[2026-04-04 09:38:06] [OK] PID 28544 started for project:3009
[2026-04-04 09:38:26] [RECOVERY] Recovering crashed or new project: project:3009
[2026-04-04 09:38:28] [START] Launching: project:3009 @ 3009
[2026-04-04 09:38:28] [OK] PID 8104 started for project:3009
[2026-04-04 09:38:38] [RECOVERY] Recovering crashed or new project: project:3009
[2026-04-04 09:38:40] [START] Launching: project:3009 @ 3009
[2026-04-04 09:38:40] [OK] PID 2652 started for project:3009
[2026-04-04 09:38:50] [RECOVERY] Recovering crashed or new project: project:3009
[2026-04-04 09:38:52] [START] Launching: project:3009 @ 3009
[2026-04-04 09:38:52] [OK] PID 29536 started for project:3009
[2026-04-04 09:39:02] [RECOVERY] Recovering crashed or new project: project:3009
[2026-04-04 09:39:04] [START] Launching: project:3009 @ 3009
[2026-04-04 09:39:04] [OK] PID 7300 started for project:3009
[2026-04-04 09:39:14] [RECOVERY] Recovering crashed or new project: project:3009
[2026-04-04 09:39:16] [START] Launching: project:3009 @ 3009
[2026-04-04 09:39:16] [OK] PID 19792 started for project:3009
[2026-04-04 09:39:26] [RECOVERY] Recovering crashed or new project: project:3009
[2026-04-04 09:39:28] [START] Launching: project:3009 @ 3009
[2026-04-04 09:39:28] [OK] PID 8584 started for project:3009
[2026-04-04 09:39:38] [RECOVERY] Recovering crashed or new project: project:3009
[2026-04-04 09:39:40] [START] Launching: project:3009 @ 3009
[2026-04-04 09:39:40] [OK] PID 30520 started for project:3009
[2026-04-04 09:39:50] [RECOVERY] Recovering crashed or new project: project:3009
[2026-04-04 09:39:52] [START] Launching: project:3009 @ 3009
[2026-04-04 09:39:52] [OK] PID 30000 started for project:3009
[2026-04-04 09:40:02] [RECOVERY] Recovering crashed or new project: project:3009
[2026-04-04 09:40:04] [START] Launching: project:3009 @ 3009
[2026-04-04 09:40:04] [OK] PID 32136 started for project:3009
[2026-04-04 09:40:14] [RECOVERY] Recovering crashed or new project: project:3009
[2026-04-04 09:40:16] [START] Launching: project:3009 @ 3009
[2026-04-04 09:40:16] [OK] PID 27880 started for project:3009
[2026-04-04 09:40:26] [RECOVERY] Recovering crashed or new project: project:3009
[2026-04-04 09:40:28] [START] Launching: project:3009 @ 3009
[2026-04-04 09:40:28] [OK] PID 32316 started for project:3009
[2026-04-04 09:40:38] [RECOVERY] Recovering crashed or new project: project:3009
[2026-04-04 09:40:40] [START] Launching: project:3009 @ 3009
[2026-04-04 09:40:40] [OK] PID 14952 started for project:3009
[2026-04-04 09:40:50] [RECOVERY] Recovering crashed or new project: project:3009
[2026-04-04 09:40:52] [START] Launching: project:3009 @ 3009
[2026-04-04 09:40:52] [OK] PID 18196 started for project:3009
[2026-04-04 09:41:02] [RECOVERY] Recovering crashed or new project: project:3009
[2026-04-04 09:41:04] [START] Launching: project:3009 @ 3009
[2026-04-04 09:41:04] [OK] PID 32324 started for project:3009
[2026-04-04 09:41:14] [RECOVERY] Recovering crashed or new project: project:3009
[2026-04-04 09:41:16] [START] Launching: project:3009 @ 3009
[2026-04-04 09:41:16] [OK] PID 25976 started for project:3009
[2026-04-04 09:41:26] [RECOVERY] Recovering crashed or new project: project:3009
[2026-04-04 09:41:28] [START] Launching: project:3009 @ 3009
[2026-04-04 09:41:28] [OK] PID 2864 started for project:3009
[2026-04-04 09:41:38] [RECOVERY] Recovering crashed or new project: project:3009
[2026-04-04 09:41:40] [START] Launching: project:3009 @ 3009
[2026-04-04 09:41:40] [OK] PID 20864 started for project:3009
[2026-04-04 09:41:50] [RECOVERY] Recovering crashed or new project: project:3009
[2026-04-04 09:41:52] [START] Launching: project:3009 @ 3009
[2026-04-04 09:41:52] [OK] PID 9432 started for project:3009
[2026-04-04 09:42:02] [RECOVERY] Recovering crashed or new project: project:3009
[2026-04-04 09:42:04] [START] Launching: project:3009 @ 3009
[2026-04-04 09:42:04] [OK] PID 6680 started for project:3009
[2026-04-04 09:42:14] [RECOVERY] Recovering crashed or new project: project:3009
[2026-04-04 09:42:16] [START] Launching: project:3009 @ 3009
[2026-04-04 09:42:16] [OK] PID 26156 started for project:3009
[2026-04-04 09:42:26] [RECOVERY] Recovering crashed or new project: project:3009
[2026-04-04 09:42:28] [START] Launching: project:3009 @ 3009
[2026-04-04 09:42:28] [OK] PID 26084 started for project:3009
[2026-04-04 09:42:38] [RECOVERY] Recovering crashed or new project: project:3009
[2026-04-04 09:42:40] [START] Launching: project:3009 @ 3009
[2026-04-04 09:42:40] [OK] PID 19424 started for project:3009
[2026-04-04 09:42:50] [RECOVERY] Recovering crashed or new project: project:3009
[2026-04-04 09:42:52] [START] Launching: project:3009 @ 3009
[2026-04-04 09:42:52] [OK] PID 9616 started for project:3009
[2026-04-04 09:43:02] [RECOVERY] Recovering crashed or new project: project:3009
[2026-04-04 09:43:04] [START] Launching: project:3009 @ 3009
[2026-04-04 09:43:04] [OK] PID 17136 started for project:3009
[2026-04-04 09:43:14] [RECOVERY] Recovering crashed or new project: project:3009
[2026-04-04 09:43:16] [START] Launching: project:3009 @ 3009
[2026-04-04 09:43:16] [OK] PID 28868 started for project:3009
[2026-04-04 09:43:26] [RECOVERY] Recovering crashed or new project: project:3009
[2026-04-04 09:43:27] [START] Launching: project:3009 @ 3009
[2026-04-04 09:43:27] [OK] PID 20236 started for project:3009
[2026-04-04 09:43:38] [RECOVERY] Recovering crashed or new project: project:3009
[2026-04-04 09:43:39] [START] Launching: project:3009 @ 3009
[2026-04-04 09:43:39] [OK] PID 32420 started for project:3009
[2026-04-04 09:43:49] [RECOVERY] Recovering crashed or new project: project:3009
[2026-04-04 09:43:51] [START] Launching: project:3009 @ 3009
[2026-04-04 09:43:51] [OK] PID 11644 started for project:3009
[2026-04-04 09:44:01] [RECOVERY] Recovering crashed or new project: project:3009
[2026-04-04 09:44:04] [START] Launching: project:3009 @ 3009
[2026-04-04 09:44:04] [OK] PID 28308 started for project:3009
[2026-04-04 09:58:47] [RECOVERY] Recovering crashed or new project: project:15555
[2026-04-04 09:58:49] [START] Launching: project:15555 @ 15555
[2026-04-04 09:58:49] [OK] PID 27312 started for project:15555
[2026-04-04 10:03:02] [RECOVERY] Recovering crashed or new project: project:15555
[2026-04-04 10:03:02] ⚠️ Port 15555 is occupied by PID 0 (System Idle Process)
[2026-04-04 10:03:02] [CLEAN] Clearing port 15555 for project launch...
[2026-04-04 10:03:05] ⚠️ Port 15555 is occupied by PID 30508 (python.exe)
[2026-04-04 10:03:05] [CLEAN] Clearing port 15555 for project launch...
[2026-04-04 10:03:05] [START] Launching: project:15555 @ 15555
[2026-04-04 10:03:06] [OK] PID 15112 started for project:15555
[2026-04-04 10:12:30] [START] Performing Magic Startup...
[2026-04-04 10:12:30] Current Base Path: D:\tailscale magic
[2026-04-04 10:12:30] Project Config: D:\tailscale magic\projects.json
[2026-04-04 10:12:30] System PATH: C:\Users\b-qu\AppData\Local\Temp\_MEI314402\pywin32_system32;C:\Program Files\NVIDIA GPU Computing Toolkit\CUDA\v13.1\bin\x64;C:\Program Files\NVIDIA GPU Computing Toolkit\CUDA\v13.1\bin;C:\WINDOWS\system32\image2video\.venv\Scripts;C:\Program Files\Eclipse Adoptium\jdk-21.0.10.7-hotspot\bin;C:\Program Files\Eclipse Adoptium\jdk-8.0.472.8-hotspot\bin;C:\Program Files (x86)\Common Files\Oracle\Java\java8path;C:\Program Files (x86)\Common Files\Oracle\Java\javapath;C:\Program Files\NVIDIA GPU Computing Toolkit\CUDA\v13.0\bin\x64;C:\Program Files\NVIDIA GPU Computing Toolkit\CUDA\v13.0\bin;C:\WINDOWS\system32;C:\WINDOWS;C:\WINDOWS\System32\Wbem;C:\WINDOWS\System32\WindowsPowerShell\v1.0\;C:\WINDOWS\System32\OpenSSH\;C:\Program Files\NVIDIA Corporation\NVIDIA App\NvDLISR;C:\Program Files (x86)\NVIDIA Corporation\PhysX\Common;C:\Program Files\dotnet\;C:\Program Files\Git\cmd;C:\Program Files\Tailscale\;C:\Users\b-qu\AppData\Local\Programs\Python\Python312\Scripts\;C:\Users\b-qu\AppData\Local\Programs\Python\Python312\;C:\Users\b-qu\scoop\apps\git\current\cmd;C:\Users\b-qu\scoop\shim;C:\WINDOWS\system32;C:\WINDOWS;C:\WINDOWS\System32\Wbem;C:\WINDOWS\System32\WindowsPowerShell\v1.0\;C:\WINDOWS\System32\OpenSSH\;C:\Program Files\nodejs\;C:\Program Files\NVIDIA Corporation\Nsight Compute 2025.4.1\;C:\Program Files\Go\bin;C:\Program Files\Microsoft SQL Server\170\Tools\Binn\;C:\Program Files\Microsoft SQL Server\Client SDK\ODBC\170\Tools\Binn\;C:\Program Files (x86)\IncrediBuild;C:\Program Files (x86)\Windows Kits\10\Windows Performance Toolkit\;C:\Program Files\PowerShell\7\;C:\Users\b-qu\.cargo\bin;C:\Users\b-qu\AppData\Local\Programs\Python\Python312\Scripts\;C:\Users\b-qu\AppData\Local\Programs\Python\Python312\;C:\Users\b-qu\AppData\Local\Programs\Python\Launcher\;C:\Users\b-qu\scoop\apps\git\current\cmd;C:\Users\b-qu\scoop\shims;C:\Users\b-qu\.local\bin;C:\Users\b-qu\AppData\Local\Microsoft\WindowsApps;C:\Users\b-qu\.dotnet\tools;C:\Users\b-qu\AppData\Local\Microsoft\WinGet\Links;C:\cloudflared;;C:\Users\b-qu\AppData\Local\Programs\Ollama;C:\Users\b-qu\AppData\Local\Programs\Microsoft VS Code\bin;C:\Users\b-qu\AppData\Roaming\npm;C:\Users\b-qu\go\bin;D:\Users\b-qu\AppData\Local\Programs\Antigravity\bin
[2026-04-04 10:12:31] ⚠️ Port 3002 is occupied by PID 0 (System Idle Process)
[2026-04-04 10:12:31] [CLEAN] Clearing port 3002 for project launch...
[2026-04-04 10:12:33] ⚠️ Port 3002 is occupied by PID 7532 (node.exe)
[2026-04-04 10:12:33] [CLEAN] Clearing port 3002 for project launch...
[2026-04-04 10:12:33] ⚠️ Port 3002 is occupied by PID 7532 (node.exe)
[2026-04-04 10:12:33] [CLEAN] Clearing port 3002 for project launch...
[2026-04-04 10:12:34] [START] Launching: project:3002 @ 3002
[2026-04-04 10:12:35] [OK] PID 28896 started for project:3002
[2026-04-04 10:12:35] ⚠️ Port 3003 is occupied by PID 0 (System Idle Process)
[2026-04-04 10:12:35] [CLEAN] Clearing port 3003 for project launch...
[2026-04-04 10:12:37] [START] Performing Magic Startup...
[2026-04-04 10:12:37] Current Base Path: D:\tailscale magic
[2026-04-04 10:12:37] Project Config: D:\tailscale magic\projects.json
[2026-04-04 10:12:37] System PATH: C:\Users\b-qu\AppData\Local\Temp\_MEI98002\pywin32_system32;C:\Program Files\NVIDIA GPU Computing Toolkit\CUDA\v13.1\bin\x64;C:\Program Files\NVIDIA GPU Computing Toolkit\CUDA\v13.1\bin;C:\WINDOWS\system32\image2video\.venv\Scripts;C:\Program Files\Eclipse Adoptium\jdk-21.0.10.7-hotspot\bin;C:\Program Files\Eclipse Adoptium\jdk-8.0.472.8-hotspot\bin;C:\Program Files (x86)\Common Files\Oracle\Java\java8path;C:\Program Files (x86)\Common Files\Oracle\Java\javapath;C:\Program Files\NVIDIA GPU Computing Toolkit\CUDA\v13.0\bin\x64;C:\Program Files\NVIDIA GPU Computing Toolkit\CUDA\v13.0\bin;C:\WINDOWS\system32;C:\WINDOWS;C:\WINDOWS\System32\Wbem;C:\WINDOWS\System32\WindowsPowerShell\v1.0\;C:\WINDOWS\System32\OpenSSH\;C:\Program Files\NVIDIA Corporation\NVIDIA App\NvDLISR;C:\Program Files (x86)\NVIDIA Corporation\PhysX\Common;C:\Program Files\dotnet\;C:\Program Files\Git\cmd;C:\Program Files\Tailscale\;C:\Users\b-qu\AppData\Local\Programs\Python\Python312\Scripts\;C:\Users\b-qu\AppData\Local\Programs\Python\Python312\;C:\Users\b-qu\scoop\apps\git\current\cmd;C:\Users\b-qu\scoop\shim;C:\WINDOWS\system32;C:\WINDOWS;C:\WINDOWS\System32\Wbem;C:\WINDOWS\System32\WindowsPowerShell\v1.0\;C:\WINDOWS\System32\OpenSSH\;C:\Program Files\nodejs\;C:\Program Files\NVIDIA Corporation\Nsight Compute 2025.4.1\;C:\Program Files\Go\bin;C:\Program Files\Microsoft SQL Server\170\Tools\Binn\;C:\Program Files\Microsoft SQL Server\Client SDK\ODBC\170\Tools\Binn\;C:\Program Files (x86)\IncrediBuild;C:\Program Files (x86)\Windows Kits\10\Windows Performance Toolkit\;C:\Program Files\PowerShell\7\;C:\Users\b-qu\.cargo\bin;C:\Users\b-qu\AppData\Local\Programs\Python\Python312\Scripts\;C:\Users\b-qu\AppData\Local\Programs\Python\Python312\;C:\Users\b-qu\AppData\Local\Programs\Python\Launcher\;C:\Users\b-qu\scoop\apps\git\current\cmd;C:\Users\b-qu\scoop\shims;C:\Users\b-qu\.local\bin;C:\Users\b-qu\AppData\Local\Microsoft\WindowsApps;C:\Users\b-qu\.dotnet\tools;C:\Users\b-qu\AppData\Local\Microsoft\WinGet\Links;C:\cloudflared;;C:\Users\b-qu\AppData\Local\Programs\Ollama;C:\Users\b-qu\AppData\Local\Programs\Microsoft VS Code\bin;C:\Users\b-qu\AppData\Roaming\npm;C:\Users\b-qu\go\bin;D:\Users\b-qu\AppData\Local\Programs\Antigravity\bin
[2026-04-04 10:12:37] ⚠️ Port 3003 is occupied by PID 15516 (node.exe)
[2026-04-04 10:12:37] [CLEAN] Clearing port 3003 for project launch...
[2026-04-04 10:12:37] ⚠️ Port 3003 is occupied by PID 15516 (node.exe)
[2026-04-04 10:12:37] [CLEAN] Clearing port 3003 for project launch...
[2026-04-04 10:12:37] ⚠️ Port 3002 is occupied by PID 0 (System Idle Process)
[2026-04-04 10:12:37] [CLEAN] Clearing port 3002 for project launch...
[2026-04-04 10:12:38] [START] Launching: project:3003 @ 3003
[2026-04-04 10:12:38] [OK] PID 25408 started for project:3003
[2026-04-04 10:12:38] ⚠️ Port 3006 is occupied by PID 0 (System Idle Process)
[2026-04-04 10:12:38] [CLEAN] Clearing port 3006 for project launch...
[2026-04-04 10:12:40] ⚠️ Port 3002 is occupied by PID 12820 (node.exe)
[2026-04-04 10:12:41] [CLEAN] Clearing port 3002 for project launch...
[2026-04-04 10:12:41] ⚠️ Port 3002 is occupied by PID 12820 (node.exe)
[2026-04-04 10:12:41] [CLEAN] Clearing port 3002 for project launch...
[2026-04-04 10:12:42] ⚠️ Port 3006 is occupied by PID 14304 (node.exe)
[2026-04-04 10:12:42] [CLEAN] Clearing port 3006 for project launch...
[2026-04-04 10:12:42] [START] Launching: project:3002 @ 3002
[2026-04-04 10:12:42] ⚠️ Port 3006 is occupied by PID 14304 (node.exe)
[2026-04-04 10:12:42] [OK] PID 5832 started for project:3002
[2026-04-04 10:12:42] ⚠️ Port 3003 is occupied by PID 0 (System Idle Process)
[2026-04-04 10:12:42] [CLEAN] Clearing port 3003 for project launch...
[2026-04-04 10:12:42] [CLEAN] Clearing port 3006 for project launch...
[2026-04-04 10:12:43] [START] Launching: project:3006 @ 3006
[2026-04-04 10:12:43] [OK] PID 15696 started for project:3006
[2026-04-04 10:12:44] ⚠️ Port 3004 is occupied by PID 0 (System Idle Process)
[2026-04-04 10:12:44] [CLEAN] Clearing port 3004 for project launch...
[2026-04-04 10:12:46] [START] Launching: project:3003 @ 3003
[2026-04-04 10:12:46] [OK] PID 8668 started for project:3003
[2026-04-04 10:12:46] ⚠️ Port 3006 is occupied by PID 0 (System Idle Process)
[2026-04-04 10:12:46] [CLEAN] Clearing port 3006 for project launch...
[2026-04-04 10:12:47] ⚠️ Port 3004 is occupied by PID 14552 (node.exe)
[2026-04-04 10:12:47] [CLEAN] Clearing port 3004 for project launch...
[2026-04-04 10:12:47] [RECOVERY] Recovering crashed or new project: project:3004
[2026-04-04 10:12:47] ⚠️ Port 3004 is occupied by PID 0 (System Idle Process)
[2026-04-04 10:12:47] [START] Launching: project:3004 @ 3004
[2026-04-04 10:12:47] [OK] PID 32860 started for project:3004
[2026-04-04 10:12:48] ⚠️ Port 3005 is occupied by PID 0 (System Idle Process)
[2026-04-04 10:12:48] [CLEAN] Clearing port 3005 for project launch...
[2026-04-04 10:12:48] [CLEAN] Clearing port 3004 for project launch...
[2026-04-04 10:12:51] ⚠️ Port 3005 is occupied by PID 18932 (node.exe)
[2026-04-04 10:12:51] [CLEAN] Clearing port 3005 for project launch...
[2026-04-04 10:12:51] ⚠️ Port 3005 is occupied by PID 18932 (node.exe)
[2026-04-04 10:12:51] [CLEAN] Clearing port 3005 for project launch...
[2026-04-04 10:12:51] ⚠️ Port 3005 is occupied by PID 18932 (node.exe)
[2026-04-04 10:12:51] [CLEAN] Clearing port 3005 for project launch...
[2026-04-04 10:12:51] ⚠️ Port 3006 is occupied by PID 18236 (node.exe)
[2026-04-04 10:12:51] [CLEAN] Clearing port 3006 for project launch...
[2026-04-04 10:12:51] [START] Launching: project:3005 @ 3005
[2026-04-04 10:12:51] ⚠️ Port 3006 is occupied by PID 18236 (node.exe)
[2026-04-04 10:12:51] [CLEAN] Clearing port 3006 for project launch...
[2026-04-04 10:12:51] [OK] PID 33208 started for project:3005
[2026-04-04 10:12:51] ⚠️ Port 3008 is occupied by PID 0 (System Idle Process)
[2026-04-04 10:12:51] [CLEAN] Clearing port 3008 for project launch...
[2026-04-04 10:12:52] [RECOVERY] Recovering crashed or new project: project:3002
[2026-04-04 10:12:52] ⚠️ Port 3002 is occupied by PID 0 (System Idle Process)
[2026-04-04 10:12:52] [CLEAN] Clearing port 3002 for project launch...
[2026-04-04 10:12:53] [START] Launching: project:3006 @ 3006
[2026-04-04 10:12:53] [OK] PID 33472 started for project:3006
[2026-04-04 10:12:53] ⚠️ Port 3004 is occupied by PID 0 (System Idle Process)
[2026-04-04 10:12:53] [CLEAN] Clearing port 3004 for project launch...
[2026-04-04 10:12:55] [START] Launching: project:3004 @ 3004
[2026-04-04 10:12:55] [OK] PID 11032 started for project:3004
[2026-04-04 10:12:56] [RECOVERY] Recovering crashed or new project: project:3005
[2026-04-04 10:12:56] ⚠️ Port 3005 is occupied by PID 0 (System Idle Process)
[2026-04-04 10:12:56] [CLEAN] Clearing port 3005 for project launch...
[2026-04-04 10:12:57] ⚠️ Port 3008 is occupied by PID 17700 (node.exe)
[2026-04-04 10:12:58] [CLEAN] Clearing port 3008 for project launch...
[2026-04-04 10:12:58] ⚠️ Port 3008 is occupied by PID 17700 (node.exe)
[2026-04-04 10:12:58] [CLEAN] Clearing port 3008 for project launch...
[2026-04-04 10:13:00] [START] Launching: project:3008 @ 3008
[2026-04-04 10:13:00] ⚠️ Port 3004 is occupied by PID 33060 (node.exe)
[2026-04-04 10:13:00] ⚠️ Port 3002 is occupied by PID 28728 (node.exe)
[2026-04-04 10:13:00] [CLEAN] Clearing port 3004 for project launch...
[2026-04-04 10:13:00] [CLEAN] Clearing port 3002 for project launch...
[2026-04-04 10:13:00] ⚠️ Port 3002 is occupied by PID 28728 (node.exe)
[2026-04-04 10:13:00] [CLEAN] Clearing port 3002 for project launch...
[2026-04-04 10:13:00] ⚠️ Port 3002 is occupied by PID 28728 (node.exe)
[2026-04-04 10:13:00] [CLEAN] Clearing port 3002 for project launch...
[2026-04-04 10:13:00] [OK] PID 18808 started for project:3008
[2026-04-04 10:13:00] [START] Launching: project:3004 @ 3004
[2026-04-04 10:13:00] ⚠️ Port 3007 is occupied by PID 0 (System Idle Process)
[2026-04-04 10:13:00] [START] Launching: project:3002 @ 3002
[2026-04-04 10:13:00] [CLEAN] Clearing port 3007 for project launch...
[2026-04-04 10:13:00] [OK] PID 22012 started for project:3004
[2026-04-04 10:13:00] [OK] PID 33788 started for project:3002
[2026-04-04 10:13:01] ⚠️ Port 3005 is occupied by PID 0 (System Idle Process)
[2026-04-04 10:13:01] [CLEAN] Clearing port 3005 for project launch...
[2026-04-04 10:13:01] [RECOVERY] Recovering crashed or new project: project:3006
[2026-04-04 10:13:01] ⚠️ Port 3006 is occupied by PID 0 (System Idle Process)
[2026-04-04 10:13:01] [CLEAN] Clearing port 3006 for project launch...
[2026-04-04 10:13:02] ⚠️ Port 3005 is occupied by PID 33312 (node.exe)
[2026-04-04 10:13:02] [CLEAN] Clearing port 3005 for project launch...
[2026-04-04 10:13:03] ⚠️ Port 3005 is occupied by PID 33312 (node.exe)
[2026-04-04 10:13:03] [CLEAN] Clearing port 3005 for project launch...
[2026-04-04 10:13:03] [START] Launching: project:3005 @ 3005
[2026-04-04 10:13:03] [OK] PID 12300 started for project:3005
[2026-04-04 10:13:03] [RECOVERY] Recovering crashed or new project: project:3008
[2026-04-04 10:13:03] ⚠️ Port 3008 is occupied by PID 0 (System Idle Process)
[2026-04-04 10:13:03] [CLEAN] Clearing port 3008 for project launch...
[2026-04-04 10:13:08] [START] Launching: project:3007 @ 3007
[2026-04-04 10:13:08] [OK] PID 20156 started for project:3007
[2026-04-04 10:13:08] ⚠️ Port 15555 is occupied by PID 0 (System Idle Process)
[2026-04-04 10:13:08] [CLEAN] Clearing port 15555 for project launch...
[2026-04-04 10:13:08] [START] Launching: project:3005 @ 3005
[2026-04-04 10:13:08] [OK] PID 33172 started for project:3005
[2026-04-04 10:13:09] ⚠️ Port 3008 is occupied by PID 0 (System Idle Process)
[2026-04-04 10:13:09] [CLEAN] Clearing port 3008 for project launch...
[2026-04-04 10:13:09] ⚠️ Port 3006 is occupied by PID 33652 (node.exe)
[2026-04-04 10:13:09] [CLEAN] Clearing port 3006 for project launch...
[2026-04-04 10:13:09] ⚠️ Port 3006 is occupied by PID 33652 (node.exe)
[2026-04-04 10:13:09] [CLEAN] Clearing port 3006 for project launch...
[2026-04-04 10:13:09] ⚠️ Port 3008 is occupied by PID 13768 (node.exe)
[2026-04-04 10:13:09] [CLEAN] Clearing port 3008 for project launch...
[2026-04-04 10:13:10] ⚠️ Port 3008 is occupied by PID 13768 (node.exe)
[2026-04-04 10:13:10] [START] Launching: project:3006 @ 3006
[2026-04-04 10:13:10] [CLEAN] Clearing port 3008 for project launch...
[2026-04-04 10:13:10] [OK] PID 33388 started for project:3006
[2026-04-04 10:13:10] [RECOVERY] Recovering crashed or new project: project:3004
[2026-04-04 10:13:10] ⚠️ Port 3004 is occupied by PID 0 (System Idle Process)
[2026-04-04 10:13:10] [CLEAN] Clearing port 3004 for project launch...
[2026-04-04 10:13:14] [START] Performing Magic Startup...
[2026-04-04 10:13:14] Current Base Path: D:\tailscale magic
[2026-04-04 10:13:14] Project Config: D:\tailscale magic\projects.json
[2026-04-04 10:13:14] System PATH: C:\Users\b-qu\AppData\Local\Temp\_MEI237762\pywin32_system32;C:\Program Files\NVIDIA GPU Computing Toolkit\CUDA\v13.1\bin\x64;C:\Program Files\NVIDIA GPU Computing Toolkit\CUDA\v13.1\bin;C:\WINDOWS\system32\image2video\.venv\Scripts;C:\Program Files\Eclipse Adoptium\jdk-21.0.10.7-hotspot\bin;C:\Program Files\Eclipse Adoptium\jdk-8.0.472.8-hotspot\bin;C:\Program Files (x86)\Common Files\Oracle\Java\java8path;C:\Program Files (x86)\Common Files\Oracle\Java\javapath;C:\Program Files\NVIDIA GPU Computing Toolkit\CUDA\v13.0\bin\x64;C:\Program Files\NVIDIA GPU Computing Toolkit\CUDA\v13.0\bin;C:\WINDOWS\system32;C:\WINDOWS;C:\WINDOWS\System32\Wbem;C:\WINDOWS\System32\WindowsPowerShell\v1.0\;C:\WINDOWS\System32\OpenSSH\;C:\Program Files\NVIDIA Corporation\NVIDIA App\NvDLISR;C:\Program Files (x86)\NVIDIA Corporation\PhysX\Common;C:\Program Files\dotnet\;C:\Program Files\Git\cmd;C:\Program Files\Tailscale\;C:\Users\b-qu\AppData\Local\Programs\Python\Python312\Scripts\;C:\Users\b-qu\AppData\Local\Programs\Python\Python312\;C:\Users\b-qu\scoop\apps\git\current\cmd;C:\Users\b-qu\scoop\shim;C:\WINDOWS\system32;C:\WINDOWS;C:\WINDOWS\System32\Wbem;C:\WINDOWS\System32\WindowsPowerShell\v1.0\;C:\WINDOWS\System32\OpenSSH\;C:\Program Files\nodejs\;C:\Program Files\NVIDIA Corporation\Nsight Compute 2025.4.1\;C:\Program Files\Go\bin;C:\Program Files\Microsoft SQL Server\170\Tools\Binn\;C:\Program Files\Microsoft SQL Server\Client SDK\ODBC\170\Tools\Binn\;C:\Program Files (x86)\IncrediBuild;C:\Program Files (x86)\Windows Kits\10\Windows Performance Toolkit\;C:\Program Files\PowerShell\7\;C:\Users\b-qu\.cargo\bin;C:\Users\b-qu\AppData\Local\Programs\Python\Python312\Scripts\;C:\Users\b-qu\AppData\Local\Programs\Python\Python312\;C:\Users\b-qu\AppData\Local\Programs\Python\Launcher\;C:\Users\b-qu\scoop\apps\git\current\cmd;C:\Users\b-qu\scoop\shims;C:\Users\b-qu\.local\bin;C:\Users\b-qu\AppData\Local\Microsoft\WindowsApps;C:\Users\b-qu\.dotnet\tools;C:\Users\b-qu\AppData\Local\Microsoft\WinGet\Links;C:\cloudflared;;C:\Users\b-qu\AppData\Local\Programs\Ollama;C:\Users\b-qu\AppData\Local\Programs\Microsoft VS Code\bin;C:\Users\b-qu\AppData\Roaming\npm;C:\Users\b-qu\go\bin;D:\Users\b-qu\AppData\Local\Programs\Antigravity\bin
[2026-04-04 10:13:14] ⚠️ Port 3002 is occupied by PID 0 (System Idle Process)
[2026-04-04 10:13:14] [CLEAN] Clearing port 3002 for project launch...
[2026-04-04 10:13:17] ⚠️ Port 3002 is occupied by PID 21684 (node.exe)
[2026-04-04 10:13:17] [CLEAN] Clearing port 3002 for project launch...
[2026-04-04 10:13:17] ⚠️ Port 3002 is occupied by PID 21684 (node.exe)
[2026-04-04 10:13:17] [CLEAN] Clearing port 3002 for project launch...
[2026-04-04 10:13:18] [START] Launching: project:3002 @ 3002
[2026-04-04 10:13:18] [OK] PID 33228 started for project:3002
[2026-04-04 10:13:18] ⚠️ Port 3003 is occupied by PID 0 (System Idle Process)
[2026-04-04 10:13:18] [CLEAN] Clearing port 3003 for project launch...
[2026-04-04 10:13:21] ⚠️ Port 3003 is occupied by PID 23772 (node.exe)
[2026-04-04 10:13:21] [CLEAN] Clearing port 3003 for project launch...
[2026-04-04 10:13:21] ⚠️ Port 3003 is occupied by PID 23772 (node.exe)
[2026-04-04 10:13:21] [CLEAN] Clearing port 3003 for project launch...
[2026-04-04 10:13:22] [START] Launching: project:3003 @ 3003
[2026-04-04 10:13:22] [OK] PID 31388 started for project:3003
[2026-04-04 10:13:22] ⚠️ Port 3006 is occupied by PID 0 (System Idle Process)
[2026-04-04 10:13:22] [CLEAN] Clearing port 3006 for project launch...
[2026-04-04 10:13:24] [RECOVERY] Recovering crashed or new project: project:3008
[2026-04-04 10:13:25] ⚠️ Port 3008 is occupied by PID 0 (System Idle Process)
[2026-04-04 10:13:25] [CLEAN] Clearing port 3008 for project launch...
[2026-04-04 10:13:28] ⚠️ Port 3006 is occupied by PID 13336 (node.exe)
[2026-04-04 10:13:29] [CLEAN] Clearing port 3006 for project launch...
[2026-04-04 10:13:29] ⚠️ Port 3006 is occupied by PID 13336 (node.exe)
[2026-04-04 10:13:29] [CLEAN] Clearing port 3006 for project launch...
[2026-04-04 10:13:31] [START] Launching: project:3006 @ 3006
[2026-04-04 10:13:32] [OK] PID 11872 started for project:3006
[2026-04-04 10:13:33] [START] Launching: project:3008 @ 3008
[2026-04-04 10:13:33] [OK] PID 28788 started for project:3008
[2026-04-04 10:13:34] [RECOVERY] Recovering crashed or new project: project:3007
[2026-04-04 10:13:39] ⚠️ Port 3004 is occupied by PID 22804 (node.exe)
[2026-04-04 10:13:39] [CLEAN] Clearing port 3004 for project launch...
[2026-04-04 10:13:40] ⚠️ Port 3007 is occupied by PID 10096 (node.exe)
[2026-04-04 10:13:40] [CLEAN] Clearing port 3007 for project launch...
[2026-04-04 10:13:40] [OK] PID 33348 started for project:3004
[2026-04-04 10:13:42] [START] Launching: project:3007 @ 3007
[2026-04-04 10:13:43] [OK] PID 19960 started for project:3007
[2026-04-04 10:13:44] ⚠️ Port 3005 is occupied by PID 18508 (node.exe)
[2026-04-04 10:13:44] [CLEAN] Clearing port 3005 for project launch...
[2026-04-04 10:13:44] ⚠️ Port 3005 is occupied by PID 18508 (node.exe)
[2026-04-04 10:13:44] [CLEAN] Clearing port 3005 for project launch...
[2026-04-04 10:13:44] ⚠️ Port 3005 is occupied by PID 18508 (node.exe)
[2026-04-04 10:13:44] [CLEAN] Clearing port 3005 for project launch...
[2026-04-04 10:13:45] [START] Launching: project:3005 @ 3005
[2026-04-04 10:13:45] [OK] PID 26048 started for project:3005
[2026-04-04 10:13:47] ⚠️ Port 3008 is occupied by PID 9128 (node.exe)
[2026-04-04 10:13:47] [CLEAN] Clearing port 3008 for project launch...
[2026-04-04 10:13:47] ⚠️ Port 3008 is occupied by PID 9128 (node.exe)
[2026-04-04 10:13:47] [CLEAN] Clearing port 3008 for project launch...
[2026-04-04 10:13:49] [START] Launching: project:3008 @ 3008
[2026-04-04 10:13:49] [OK] PID 14308 started for project:3008
[2026-04-04 10:13:54] ⚠️ Port 3007 is occupied by PID 15644 (node.exe)
[2026-04-04 10:13:54] [CLEAN] Clearing port 3007 for project launch...
[2026-04-04 10:13:54] ⚠️ Port 3007 is occupied by PID 15644 (node.exe)
[2026-04-04 10:13:54] [CLEAN] Clearing port 3007 for project launch...
[2026-04-04 10:13:55] [START] Launching: project:3007 @ 3007
[2026-04-04 10:13:55] [OK] PID 27016 started for project:3007
[2026-04-04 10:13:55] ⚠️ Port 15555 is occupied by PID 0 (System Idle Process)
[2026-04-04 10:13:55] [CLEAN] Clearing port 15555 for project launch...
[2026-04-04 10:14:00] ⚠️ Port 15555 is occupied by PID 12472 (python.exe)
[2026-04-04 10:14:00] [CLEAN] Clearing port 15555 for project launch...
[2026-04-04 10:14:00] ⚠️ Port 15555 is occupied by PID 12472 (python.exe)
[2026-04-04 10:14:00] [CLEAN] Clearing port 15555 for project launch...
[2026-04-04 10:14:02] [START] Launching: project:15555 @ 15555
[2026-04-04 10:14:02] [OK] PID 2572 started for project:15555
[2026-04-04 11:32:18] [RECOVERY] Recovering crashed or new project: project:15555
[2026-04-04 11:32:18] ⚠️ Port 15555 is occupied by PID 0 (System Idle Process)
[2026-04-04 11:32:18] [CLEAN] Clearing port 15555 for project launch...
[2026-04-04 11:32:24] ⚠️ Port 15555 is occupied by PID 36092 (python.exe)
[2026-04-04 11:32:24] [CLEAN] Clearing port 15555 for project launch...
[2026-04-04 11:32:24] ⚠️ Port 15555 is occupied by PID 36092 (python.exe)
[2026-04-04 11:32:24] [CLEAN] Clearing port 15555 for project launch...
[2026-04-04 11:32:24] [START] Launching: project:15555 @ 15555
[2026-04-04 11:32:25] [OK] PID 26396 started for project:15555
[2026-04-04 11:43:31] [RECOVERY] Recovering crashed or new project: project:15555
[2026-04-04 11:43:34] ⚠️ Port 15555 is occupied by PID 18408 (python.exe)
[2026-04-04 11:43:34] [CLEAN] Clearing port 15555 for project launch...
[2026-04-04 11:43:35] [START] Launching: project:15555 @ 15555
[2026-04-04 11:43:36] [OK] PID 43488 started for project:15555
[2026-04-04 11:53:29] [START] Performing Magic Startup...
[2026-04-04 11:53:29] Current Base Path: D:\tailscale magic
[2026-04-04 11:53:29] Project Config: D:\tailscale magic\projects.json
[2026-04-04 11:53:29] System PATH: C:\Users\b-qu\AppData\Local\Temp\_MEI417762\pywin32_system32;C:\Program Files\NVIDIA GPU Computing Toolkit\CUDA\v13.1\bin\x64;C:\Program Files\NVIDIA GPU Computing Toolkit\CUDA\v13.1\bin;C:\WINDOWS\system32\image2video\.venv\Scripts;C:\Program Files\Eclipse Adoptium\jdk-21.0.10.7-hotspot\bin;C:\Program Files\Eclipse Adoptium\jdk-8.0.472.8-hotspot\bin;C:\Program Files (x86)\Common Files\Oracle\Java\java8path;C:\Program Files (x86)\Common Files\Oracle\Java\javapath;C:\Program Files\NVIDIA GPU Computing Toolkit\CUDA\v13.0\bin\x64;C:\Program Files\NVIDIA GPU Computing Toolkit\CUDA\v13.0\bin;C:\WINDOWS\system32;C:\WINDOWS;C:\WINDOWS\System32\Wbem;C:\WINDOWS\System32\WindowsPowerShell\v1.0\;C:\WINDOWS\System32\OpenSSH\;C:\Program Files\NVIDIA Corporation\NVIDIA App\NvDLISR;C:\Program Files (x86)\NVIDIA Corporation\PhysX\Common;C:\Program Files\dotnet\;C:\Program Files\Git\cmd;C:\Program Files\Tailscale\;C:\Users\b-qu\AppData\Local\Programs\Python\Python312\Scripts\;C:\Users\b-qu\AppData\Local\Programs\Python\Python312\;C:\Users\b-qu\scoop\apps\git\current\cmd;C:\Users\b-qu\scoop\shim;C:\WINDOWS\system32;C:\WINDOWS;C:\WINDOWS\System32\Wbem;C:\WINDOWS\System32\WindowsPowerShell\v1.0\;C:\WINDOWS\System32\OpenSSH\;C:\Program Files\nodejs\;C:\Program Files\NVIDIA Corporation\Nsight Compute 2025.4.1\;C:\Program Files\Go\bin;C:\Program Files\Microsoft SQL Server\170\Tools\Binn\;C:\Program Files\Microsoft SQL Server\Client SDK\ODBC\170\Tools\Binn\;C:\Program Files (x86)\IncrediBuild;C:\Program Files (x86)\Windows Kits\10\Windows Performance Toolkit\;C:\Program Files\PowerShell\7\;C:\Users\b-qu\.cargo\bin;C:\Users\b-qu\AppData\Local\Programs\Python\Python312\Scripts\;C:\Users\b-qu\AppData\Local\Programs\Python\Python312\;C:\Users\b-qu\AppData\Local\Programs\Python\Launcher\;C:\Users\b-qu\scoop\apps\git\current\cmd;C:\Users\b-qu\scoop\shims;C:\Users\b-qu\.local\bin;C:\Users\b-qu\AppData\Local\Microsoft\WindowsApps;C:\Users\b-qu\.dotnet\tools;C:\Users\b-qu\AppData\Local\Microsoft\WinGet\Links;C:\cloudflared;;C:\Users\b-qu\AppData\Local\Programs\Ollama;C:\Users\b-qu\AppData\Local\Programs\Microsoft VS Code\bin;C:\Users\b-qu\AppData\Roaming\npm;C:\Users\b-qu\go\bin;D:\Users\b-qu\AppData\Local\Programs\Antigravity\bin
[2026-04-04 11:53:32] ⚠️ Port 3002 is occupied by PID 9000 (node.exe)
[2026-04-04 11:53:32] [CLEAN] Clearing port 3002 for project launch...
[2026-04-04 11:53:32] ⚠️ Port 3002 is occupied by PID 9000 (node.exe)
[2026-04-04 11:53:32] [CLEAN] Clearing port 3002 for project launch...
[2026-04-04 11:53:34] [START] Launching: project:3002 @ 3002
[2026-04-04 11:53:34] [OK] PID 45132 started for project:3002
[2026-04-04 11:53:38] ⚠️ Port 3003 is occupied by PID 11420 (node.exe)
[2026-04-04 11:53:38] [CLEAN] Clearing port 3003 for project launch...
[2026-04-04 11:53:38] ⚠️ Port 3003 is occupied by PID 11420 (node.exe)
[2026-04-04 11:53:38] [CLEAN] Clearing port 3003 for project launch...
[2026-04-04 11:53:39] [START] Launching: project:3003 @ 3003
[2026-04-04 11:53:40] [OK] PID 26324 started for project:3003
[2026-04-04 11:53:46] ⚠️ Port 3006 is occupied by PID 23172 (node.exe)
[2026-04-04 11:53:46] [CLEAN] Clearing port 3006 for project launch...
[2026-04-04 11:53:47] ⚠️ Port 3006 is occupied by PID 23172 (node.exe)
[2026-04-04 11:53:47] [CLEAN] Clearing port 3006 for project launch...
[2026-04-04 11:53:48] [START] Launching: project:3006 @ 3006
[2026-04-04 11:53:48] [OK] PID 46484 started for project:3006
[2026-04-04 11:53:51] ⚠️ Port 3004 is occupied by PID 5132 (node.exe)
[2026-04-04 11:53:51] [CLEAN] Clearing port 3004 for project launch...
[2026-04-04 11:53:51] ⚠️ Port 3004 is occupied by PID 5132 (node.exe)
[2026-04-04 11:53:51] [CLEAN] Clearing port 3004 for project launch...
[2026-04-04 11:53:53] [START] Launching: project:3004 @ 3004
[2026-04-04 11:53:53] [OK] PID 47032 started for project:3004
[2026-04-04 11:53:57] ⚠️ Port 3005 is occupied by PID 15316 (node.exe)
[2026-04-04 11:53:57] [CLEAN] Clearing port 3005 for project launch...
[2026-04-04 11:53:58] ⚠️ Port 3005 is occupied by PID 15316 (node.exe)
[2026-04-04 11:53:58] [CLEAN] Clearing port 3005 for project launch...
[2026-04-04 11:54:00] [START] Launching: project:3005 @ 3005
[2026-04-04 11:54:00] [OK] PID 44448 started for project:3005
[2026-04-04 11:54:05] ⚠️ Port 3008 is occupied by PID 15764 (node.exe)
[2026-04-04 11:54:05] [CLEAN] Clearing port 3008 for project launch...
[2026-04-04 11:54:05] ⚠️ Port 3008 is occupied by PID 15764 (node.exe)
[2026-04-04 11:54:05] [CLEAN] Clearing port 3008 for project launch...
[2026-04-04 11:54:07] [START] Launching: project:3008 @ 3008
[2026-04-04 11:54:07] [OK] PID 6452 started for project:3008
[2026-04-04 11:54:15] ⚠️ Port 3007 is occupied by PID 29044 (node.exe)
[2026-04-04 11:54:15] [CLEAN] Clearing port 3007 for project launch...
[2026-04-04 11:54:16] [START] Launching: project:3007 @ 3007
[2026-04-04 11:54:16] [OK] PID 32436 started for project:3007
[2026-04-04 11:54:23] ⚠️ Port 15555 is occupied by PID 43540 (python.exe)
[2026-04-04 11:54:24] [CLEAN] Clearing port 15555 for project launch...
[2026-04-04 11:54:24] [START] Launching: project:15555 @ 15555
[2026-04-04 11:54:24] [OK] PID 38464 started for project:15555
[2026-04-04 12:07:16] [FUNNEL-HEAL] Funnel DOWN for existing:3001 (port 3001). Re-establishing...
[2026-04-04 12:07:16] [FUNNEL-HEAL] Funnel RESTORED for existing:3001 -> :443
[2026-04-04 12:07:46] [FUNNEL-HEAL] Funnel DOWN for existing:3001 (port 3001). Re-establishing...
[2026-04-04 12:07:46] [FUNNEL-HEAL] Funnel RESTORED for existing:3001 -> :443
[2026-04-04 12:12:17] [FUNNEL-HEAL] Funnel DOWN for existing:3001 (port 3001). Re-establishing...
[2026-04-04 12:12:17] [FUNNEL-HEAL] Funnel RESTORED for existing:3001 -> :443
[2026-04-04 12:17:27] [RECOVERY] Recovering crashed or new project: project:15555
[2026-04-04 12:17:31] ⚠️ Port 15555 is occupied by PID 48764 (python.exe)
[2026-04-04 12:17:31] [CLEAN] Clearing port 15555 for project launch...
[2026-04-04 12:17:31] [START] Launching: project:15555 @ 15555
[2026-04-04 12:17:31] [OK] PID 7644 started for project:15555
[2026-04-04 12:17:31] [RECOVERY] Recovering crashed or new project: project:3002
[2026-04-04 12:17:35] ⚠️ Port 3002 is occupied by PID 51056 (node.exe)
[2026-04-04 12:17:35] [CLEAN] Clearing port 3002 for project launch...
[2026-04-04 12:17:35] ⚠️ Port 3002 is occupied by PID 51056 (node.exe)
[2026-04-04 12:17:35] [CLEAN] Clearing port 3002 for project launch...
[2026-04-04 12:17:35] [START] Launching: project:3002 @ 3002
[2026-04-04 12:17:35] [OK] PID 8484 started for project:3002
[2026-04-04 12:17:35] [RECOVERY] Recovering crashed or new project: project:3003
[2026-04-04 12:17:39] [START] Launching: project:3003 @ 3003
[2026-04-04 12:17:39] [OK] PID 49172 started for project:3003
[2026-04-04 12:17:39] [RECOVERY] Recovering crashed or new project: project:3006
[2026-04-04 12:17:42] ⚠️ Port 3006 is occupied by PID 14220 (node.exe)
[2026-04-04 12:17:42] [CLEAN] Clearing port 3006 for project launch...
[2026-04-04 12:17:42] ⚠️ Port 3006 is occupied by PID 14220 (node.exe)
[2026-04-04 12:17:42] [CLEAN] Clearing port 3006 for project launch...
[2026-04-04 12:17:43] [START] Launching: project:3006 @ 3006
[2026-04-04 12:17:43] [OK] PID 49264 started for project:3006
[2026-04-04 12:21:43] [RECOVERY] Recovering crashed or new project: project:15555
[2026-04-04 12:21:48] ⚠️ Port 15555 is occupied by PID 27016 (python.exe)
[2026-04-04 12:21:48] [CLEAN] Clearing port 15555 for project launch...
[2026-04-04 12:21:49] [START] Launching: project:15555 @ 15555
[2026-04-04 12:21:49] [OK] PID 50052 started for project:15555
[2026-04-04 20:17:06] [RECOVERY] Recovering crashed or new project: project:15555
[2026-04-04 20:17:09] ⚠️ Port 15555 is occupied by PID 50428 (python.exe)
[2026-04-04 20:17:09] [CLEAN] Clearing port 15555 for project launch...
[2026-04-04 20:17:09] [START] Launching: project:15555 @ 15555
[2026-04-04 20:17:09] [OK] PID 41516 started for project:15555
[2026-04-04 20:17:09] [RECOVERY] Recovering crashed or new project: project:3002
[2026-04-04 20:17:13] ⚠️ Port 3002 is occupied by PID 31284 (node.exe)
[2026-04-04 20:17:13] [CLEAN] Clearing port 3002 for project launch...
[2026-04-04 20:17:13] ⚠️ Port 3002 is occupied by PID 31284 (node.exe)
[2026-04-04 20:17:13] [CLEAN] Clearing port 3002 for project launch...
[2026-04-04 20:17:13] [START] Launching: project:3002 @ 3002
[2026-04-04 20:17:13] [OK] PID 41800 started for project:3002
[2026-04-04 20:17:13] [RECOVERY] Recovering crashed or new project: project:3006
[2026-04-04 20:17:18] ⚠️ Port 3006 is occupied by PID 29512 (node.exe)
[2026-04-04 20:17:18] [CLEAN] Clearing port 3006 for project launch...
[2026-04-04 20:17:18] ⚠️ Port 3006 is occupied by PID 29512 (node.exe)
[2026-04-04 20:17:18] [CLEAN] Clearing port 3006 for project launch...
[2026-04-04 20:17:19] [START] Launching: project:3006 @ 3006
[2026-04-04 20:17:19] [OK] PID 3784 started for project:3006
[2026-04-04 20:26:06] [START] Performing Magic Startup...
[2026-04-04 20:26:06] Current Base Path: D:\tailscale magic
[2026-04-04 20:26:06] Project Config: D:\tailscale magic\projects.json
[2026-04-04 20:26:06] System PATH: C:\Users\b-qu\AppData\Local\Temp\_MEI375642\pywin32_system32;C:\Program Files\NVIDIA GPU Computing Toolkit\CUDA\v13.1\bin\x64;C:\Program Files\NVIDIA GPU Computing Toolkit\CUDA\v13.1\bin;C:\WINDOWS\system32\image2video\.venv\Scripts;C:\Program Files\Eclipse Adoptium\jdk-21.0.10.7-hotspot\bin;C:\Program Files\Eclipse Adoptium\jdk-8.0.472.8-hotspot\bin;C:\Program Files (x86)\Common Files\Oracle\Java\java8path;C:\Program Files (x86)\Common Files\Oracle\Java\javapath;C:\Program Files\NVIDIA GPU Computing Toolkit\CUDA\v13.0\bin\x64;C:\Program Files\NVIDIA GPU Computing Toolkit\CUDA\v13.0\bin;C:\WINDOWS\system32;C:\WINDOWS;C:\WINDOWS\System32\Wbem;C:\WINDOWS\System32\WindowsPowerShell\v1.0\;C:\WINDOWS\System32\OpenSSH\;C:\Program Files\NVIDIA Corporation\NVIDIA App\NvDLISR;C:\Program Files (x86)\NVIDIA Corporation\PhysX\Common;C:\Program Files\dotnet\;C:\Program Files\Git\cmd;C:\Program Files\Tailscale\;C:\Users\b-qu\AppData\Local\Programs\Python\Python312\Scripts\;C:\Users\b-qu\AppData\Local\Programs\Python\Python312\;C:\Users\b-qu\scoop\apps\git\current\cmd;C:\Users\b-qu\scoop\shim;C:\WINDOWS\system32;C:\WINDOWS;C:\WINDOWS\System32\Wbem;C:\WINDOWS\System32\WindowsPowerShell\v1.0\;C:\WINDOWS\System32\OpenSSH\;C:\Program Files\nodejs\;C:\Program Files\NVIDIA Corporation\Nsight Compute 2025.4.1\;C:\Program Files\Go\bin;C:\Program Files\Microsoft SQL Server\170\Tools\Binn\;C:\Program Files\Microsoft SQL Server\Client SDK\ODBC\170\Tools\Binn\;C:\Program Files (x86)\IncrediBuild;C:\Program Files (x86)\Windows Kits\10\Windows Performance Toolkit\;C:\Program Files\PowerShell\7\;C:\Users\b-qu\.cargo\bin;C:\Users\b-qu\AppData\Local\Programs\Python\Python312\Scripts\;C:\Users\b-qu\AppData\Local\Programs\Python\Python312\;C:\Users\b-qu\AppData\Local\Programs\Python\Launcher\;C:\Users\b-qu\scoop\apps\git\current\cmd;C:\Users\b-qu\scoop\shims;C:\Users\b-qu\.local\bin;C:\Users\b-qu\AppData\Local\Microsoft\WindowsApps;C:\Users\b-qu\.dotnet\tools;C:\Users\b-qu\AppData\Local\Microsoft\WinGet\Links;C:\cloudflared;;C:\Users\b-qu\AppData\Local\Programs\Ollama;C:\Users\b-qu\AppData\Local\Programs\Microsoft VS Code\bin;C:\Users\b-qu\AppData\Roaming\npm;C:\Users\b-qu\go\bin;D:\Users\b-qu\AppData\Local\Programs\Antigravity\bin
[2026-04-04 20:26:08] ⚠️ Port 15555 is occupied by PID 34604 (python.exe)
[2026-04-04 20:26:08] [CLEAN] Clearing port 15555 for project launch...
[2026-04-04 20:26:08] [START] Launching: project:15555 @ 15555
[2026-04-04 20:26:08] [OK] PID 43204 started for project:15555
[2026-04-04 20:26:11] ⚠️ Port 3002 is occupied by PID 28472 (node.exe)
[2026-04-04 20:26:11] [CLEAN] Clearing port 3002 for project launch...
[2026-04-04 20:26:11] ⚠️ Port 3002 is occupied by PID 28472 (node.exe)
[2026-04-04 20:26:11] [CLEAN] Clearing port 3002 for project launch...
[2026-04-04 20:26:11] [START] Launching: project:3002 @ 3002
[2026-04-04 20:26:11] [OK] PID 30824 started for project:3002
[2026-04-04 20:26:15] ⚠️ Port 3003 is occupied by PID 48028 (node.exe)
[2026-04-04 20:26:15] [CLEAN] Clearing port 3003 for project launch...
[2026-04-04 20:26:15] ⚠️ Port 3003 is occupied by PID 48028 (node.exe)
[2026-04-04 20:26:15] [CLEAN] Clearing port 3003 for project launch...
[2026-04-04 20:26:15] [START] Launching: project:3003 @ 3003
[2026-04-04 20:26:15] [OK] PID 5220 started for project:3003
[2026-04-04 20:26:20] ⚠️ Port 3006 is occupied by PID 42952 (node.exe)
[2026-04-04 20:26:20] [CLEAN] Clearing port 3006 for project launch...
[2026-04-04 20:26:20] ⚠️ Port 3006 is occupied by PID 42952 (node.exe)
[2026-04-04 20:26:21] [CLEAN] Clearing port 3006 for project launch...
[2026-04-04 20:26:21] [START] Launching: project:3006 @ 3006
[2026-04-04 20:26:21] [OK] PID 27812 started for project:3006
[2026-04-04 20:31:01] [START] Performing Magic Startup...
[2026-04-04 20:31:01] Current Base Path: D:\tailscale magic
[2026-04-04 20:31:01] Project Config: D:\tailscale magic\projects.json
[2026-04-04 20:31:01] System PATH: C:\Users\b-qu\AppData\Local\Temp\_MEI256242\pywin32_system32;C:\Program Files\NVIDIA GPU Computing Toolkit\CUDA\v13.1\bin\x64;C:\Program Files\NVIDIA GPU Computing Toolkit\CUDA\v13.1\bin;C:\WINDOWS\system32\image2video\.venv\Scripts;C:\Program Files\Eclipse Adoptium\jdk-21.0.10.7-hotspot\bin;C:\Program Files\Eclipse Adoptium\jdk-8.0.472.8-hotspot\bin;C:\Program Files (x86)\Common Files\Oracle\Java\java8path;C:\Program Files (x86)\Common Files\Oracle\Java\javapath;C:\Program Files\NVIDIA GPU Computing Toolkit\CUDA\v13.0\bin\x64;C:\Program Files\NVIDIA GPU Computing Toolkit\CUDA\v13.0\bin;C:\WINDOWS\system32;C:\WINDOWS;C:\WINDOWS\System32\Wbem;C:\WINDOWS\System32\WindowsPowerShell\v1.0\;C:\WINDOWS\System32\OpenSSH\;C:\Program Files\NVIDIA Corporation\NVIDIA App\NvDLISR;C:\Program Files (x86)\NVIDIA Corporation\PhysX\Common;C:\Program Files\dotnet\;C:\Program Files\Git\cmd;C:\Program Files\Tailscale\;C:\Users\b-qu\AppData\Local\Programs\Python\Python312\Scripts\;C:\Users\b-qu\AppData\Local\Programs\Python\Python312\;C:\Users\b-qu\scoop\apps\git\current\cmd;C:\Users\b-qu\scoop\shim;C:\WINDOWS\system32;C:\WINDOWS;C:\WINDOWS\System32\Wbem;C:\WINDOWS\System32\WindowsPowerShell\v1.0\;C:\WINDOWS\System32\OpenSSH\;C:\Program Files\nodejs\;C:\Program Files\NVIDIA Corporation\Nsight Compute 2025.4.1\;C:\Program Files\Go\bin;C:\Program Files\Microsoft SQL Server\170\Tools\Binn\;C:\Program Files\Microsoft SQL Server\Client SDK\ODBC\170\Tools\Binn\;C:\Program Files (x86)\IncrediBuild;C:\Program Files (x86)\Windows Kits\10\Windows Performance Toolkit\;C:\Program Files\PowerShell\7\;C:\Users\b-qu\.cargo\bin;C:\Users\b-qu\AppData\Local\Programs\Python\Python312\Scripts\;C:\Users\b-qu\AppData\Local\Programs\Python\Python312\;C:\Users\b-qu\AppData\Local\Programs\Python\Launcher\;C:\Users\b-qu\scoop\apps\git\current\cmd;C:\Users\b-qu\scoop\shims;C:\Users\b-qu\.local\bin;C:\Users\b-qu\AppData\Local\Microsoft\WindowsApps;C:\Users\b-qu\.dotnet\tools;C:\Users\b-qu\AppData\Local\Microsoft\WinGet\Links;C:\cloudflared;;C:\Users\b-qu\AppData\Local\Programs\Ollama;C:\Users\b-qu\AppData\Local\Programs\Microsoft VS Code\bin;C:\Users\b-qu\AppData\Roaming\npm;C:\Users\b-qu\go\bin;D:\Users\b-qu\AppData\Local\Programs\Antigravity\bin
[2026-04-04 20:31:03] ⚠️ Port 15555 is occupied by PID 31444 (python.exe)
[2026-04-04 20:31:03] [CLEAN] Clearing port 15555 for project launch...
[2026-04-04 20:31:03] [START] Launching: project:15555 @ 15555
[2026-04-04 20:31:03] [OK] PID 29644 started for project:15555
[2026-04-04 20:31:07] ⚠️ Port 3002 is occupied by PID 38392 (node.exe)
[2026-04-04 20:31:07] [CLEAN] Clearing port 3002 for project launch...
[2026-04-04 20:31:07] ⚠️ Port 3002 is occupied by PID 38392 (node.exe)
[2026-04-04 20:31:07] [CLEAN] Clearing port 3002 for project launch...
[2026-04-04 20:31:07] [START] Launching: project:3002 @ 3002
[2026-04-04 20:31:07] [OK] PID 25196 started for project:3002
[2026-04-04 20:31:09] ⚠️ Port 3003 is occupied by PID 38880 (node.exe)
[2026-04-04 20:31:09] [CLEAN] Clearing port 3003 for project launch...
[2026-04-04 20:31:09] ⚠️ Port 3003 is occupied by PID 38880 (node.exe)
[2026-04-04 20:31:09] [CLEAN] Clearing port 3003 for project launch...
[2026-04-04 20:31:09] [START] Launching: project:3003 @ 3003
[2026-04-04 20:31:10] [OK] PID 29888 started for project:3003
[2026-04-04 20:31:12] ⚠️ Port 3006 is occupied by PID 43296 (node.exe)
[2026-04-04 20:31:12] [CLEAN] Clearing port 3006 for project launch...
[2026-04-04 20:31:12] ⚠️ Port 3006 is occupied by PID 43296 (node.exe)
[2026-04-04 20:31:12] [CLEAN] Clearing port 3006 for project launch...
[2026-04-04 20:31:13] [START] Launching: project:3006 @ 3006
[2026-04-04 20:31:13] [OK] PID 7560 started for project:3006
[2026-04-04 20:35:43] [RECOVERY] Recovering crashed or new project: project:15555
[2026-04-04 20:35:46] ⚠️ Port 15555 is occupied by PID 20828 (python.exe)
[2026-04-04 20:35:46] [CLEAN] Clearing port 15555 for project launch...
[2026-04-04 20:35:48] [START] Launching: project:15555 @ 15555
[2026-04-04 20:35:49] [OK] PID 43108 started for project:15555
[2026-04-04 20:35:49] [RECOVERY] Recovering crashed or new project: project:3002
[2026-04-04 20:35:55] ⚠️ Port 3002 is occupied by PID 48820 (node.exe)
[2026-04-04 20:35:55] [CLEAN] Clearing port 3002 for project launch...
[2026-04-04 20:35:55] ⚠️ Port 3002 is occupied by PID 48820 (node.exe)
[2026-04-04 20:35:55] [CLEAN] Clearing port 3002 for project launch...
[2026-04-04 20:35:55] [START] Launching: project:3002 @ 3002
[2026-04-04 20:35:55] [OK] PID 11548 started for project:3002
[2026-04-04 20:35:55] [RECOVERY] Recovering crashed or new project: project:3003
[2026-04-04 20:36:00] ⚠️ Port 3003 is occupied by PID 37100 (node.exe)
[2026-04-04 20:36:00] [CLEAN] Clearing port 3003 for project launch...
[2026-04-04 20:36:00] ⚠️ Port 3003 is occupied by PID 37100 (node.exe)
[2026-04-04 20:36:00] [CLEAN] Clearing port 3003 for project launch...
[2026-04-04 20:36:00] [START] Launching: project:3003 @ 3003
[2026-04-04 20:36:01] [OK] PID 7308 started for project:3003
[2026-04-04 20:36:01] [RECOVERY] Recovering crashed or new project: project:3006
[2026-04-04 20:36:04] ⚠️ Port 3006 is occupied by PID 6800 (node.exe)
[2026-04-04 20:36:04] [CLEAN] Clearing port 3006 for project launch...
[2026-04-04 20:36:04] ⚠️ Port 3006 is occupied by PID 6800 (node.exe)
[2026-04-04 20:36:04] [CLEAN] Clearing port 3006 for project launch...
[2026-04-04 20:36:06] [START] Launching: project:3006 @ 3006
[2026-04-04 20:36:06] [OK] PID 32752 started for project:3006
[2026-04-04 20:37:08] [RECOVERY] Recovering crashed or new project: project:15555
[2026-04-04 20:37:15] ⚠️ Port 15555 is occupied by PID 38836 (python.exe)
[2026-04-04 20:37:15] [CLEAN] Clearing port 15555 for project launch...
[2026-04-04 20:37:15] [START] Launching: project:15555 @ 15555
[2026-04-04 20:37:16] [OK] PID 47528 started for project:15555
[2026-04-04 20:37:16] [RECOVERY] Recovering crashed or new project: project:3002
[2026-04-04 20:37:22] ⚠️ Port 3002 is occupied by PID 43320 (node.exe)
[2026-04-04 20:37:23] [CLEAN] Clearing port 3002 for project launch...
[2026-04-04 20:37:23] ⚠️ Port 3002 is occupied by PID 43320 (node.exe)
[2026-04-04 20:37:23] [CLEAN] Clearing port 3002 for project launch...
[2026-04-04 20:37:23] [START] Launching: project:3002 @ 3002
[2026-04-04 20:37:24] [OK] PID 31148 started for project:3002
[2026-04-04 20:37:24] [RECOVERY] Recovering crashed or new project: project:3003
[2026-04-04 20:37:30] ⚠️ Port 3003 is occupied by PID 18008 (node.exe)
[2026-04-04 20:37:30] [CLEAN] Clearing port 3003 for project launch...
[2026-04-04 20:37:30] ⚠️ Port 3003 is occupied by PID 18008 (node.exe)
[2026-04-04 20:37:30] [CLEAN] Clearing port 3003 for project launch...
[2026-04-04 20:37:31] [START] Launching: project:3003 @ 3003
[2026-04-04 20:37:32] [OK] PID 47604 started for project:3003
[2026-04-04 20:37:32] [RECOVERY] Recovering crashed or new project: project:3006
[2026-04-04 20:37:39] ⚠️ Port 3006 is occupied by PID 44756 (node.exe)
[2026-04-04 20:37:39] [CLEAN] Clearing port 3006 for project launch...
[2026-04-04 20:37:39] ⚠️ Port 3006 is occupied by PID 44756 (node.exe)
[2026-04-04 20:37:39] [CLEAN] Clearing port 3006 for project launch...
[2026-04-04 20:37:39] [START] Launching: project:3006 @ 3006
[2026-04-04 20:37:40] [OK] PID 27344 started for project:3006
[2026-04-04 20:37:51] [RECOVERY] Recovering crashed or new project: project:15555
[2026-04-04 20:37:57] ⚠️ Port 15555 is occupied by PID 37704 (python.exe)
[2026-04-04 20:37:57] [CLEAN] Clearing port 15555 for project launch...
[2026-04-04 20:37:58] [START] Launching: project:15555 @ 15555
[2026-04-04 20:37:58] [OK] PID 11396 started for project:15555
[2026-04-04 20:37:59] [RECOVERY] Recovering crashed or new project: project:3002
[2026-04-04 20:38:07] ⚠️ Port 3002 is occupied by PID 42608 (node.exe)
[2026-04-04 20:38:07] [CLEAN] Clearing port 3002 for project launch...
[2026-04-04 20:38:07] ⚠️ Port 3002 is occupied by PID 42608 (node.exe)
[2026-04-04 20:38:07] [CLEAN] Clearing port 3002 for project launch...
[2026-04-04 20:38:07] [START] Launching: project:3002 @ 3002
[2026-04-04 20:51:53] [START] Performing Magic Startup...
[2026-04-04 20:51:53] [MONITOR] Health check loop started.
[2026-04-04 20:51:53] Current Base Path: D:\tailscale magic\dist
[2026-04-04 20:51:53] Project Config: D:\tailscale magic\dist\projects.json
[2026-04-04 20:51:53] [CLEANUP] Clearing stale PID 4996 for project:3002
[2026-04-04 20:51:54] [REMAP] Restoring Funnel: existing:3001 -> :443
[2026-04-04 20:51:54] [MONITOR] Project project:3002 seems slow, but port 3002 is active. Skipping restart.
[2026-04-04 20:51:56] [WARN] Port 3002 is occupied by PID 33660 (node.exe)
[2026-04-04 20:51:56] [CLEAN] Clearing port 3002 for project launch...
[2026-04-04 20:51:56] [WARN] Port 3002 is occupied by PID 33660 (node.exe)
[2026-04-04 20:51:56] [CLEAN] Clearing port 3002 for project launch...
[2026-04-04 20:51:56] [START] Launching project:3002 on port 3002...
[2026-04-04 20:51:56]    Cmd: node start-all.js
[2026-04-04 20:51:56]    Cwd: D:\abstimmung
[2026-04-04 20:51:57] [OK] PID 20108 started for project:3002
[2026-04-04 20:51:57] [OK] Startup Complete
[2026-04-04 21:04:36] [START] Performing Magic Startup...
[2026-04-04 21:04:36] [MONITOR] Health check loop started.
[2026-04-04 21:04:36] Current Base Path: D:\tailscale magic\dist
[2026-04-04 21:04:36] Project Config: D:\tailscale magic\dist\projects.json
[2026-04-04 21:04:37] [CLEANUP] Clearing stale PID 20108 for project:3002
[2026-04-04 21:04:37] [REMAP] Restoring Funnel: existing:3001 -> :443
[2026-04-04 21:04:37] [MONITOR] Project project:3002 seems slow, but port 3002 is active. Skipping restart.
[2026-04-04 21:04:37] [WARN] Port 3002 is occupied by PID 0 (System Idle Process)
[2026-04-04 21:04:37] [CLEAN] Clearing port 3002 for project launch...
[2026-04-04 21:04:40] [WARN] Port 3002 is occupied by PID 34996 (node.exe)
[2026-04-04 21:04:40] [CLEAN] Clearing port 3002 for project launch...
[2026-04-04 21:04:40] [WARN] Port 3002 is occupied by PID 34996 (node.exe)
[2026-04-04 21:04:40] [CLEAN] Clearing port 3002 for project launch...
[2026-04-04 21:04:40] [START] Launching project:3002 on port 3002...
[2026-04-04 21:04:40]    Cmd: node start-all.js
[2026-04-04 21:04:40]    Cwd: D:\abstimmung
[2026-04-04 21:04:40] [OK] PID 28216 started for project:3002
[2026-04-04 21:04:40] [OK] Startup Complete
[2026-04-04 21:04:48] Metadata error (Port 5175): All connection attempts failed
[2026-04-04 21:04:55] [PROXY_REQ] GET index.html q=
[2026-04-04 21:04:55] [PROXY_REQ] GET script.js q=
[2026-04-04 21:05:00] Metadata error (Port 5175): All connection attempts failed
[2026-04-04 21:12:49] [START] Performing Magic Startup...
[2026-04-04 21:12:49] [MONITOR] Health check loop started.
[2026-04-04 21:12:49] Current Base Path: D:\tailscale magic\dist
[2026-04-04 21:12:49] Project Config: D:\tailscale magic\dist\projects.json
[2026-04-04 21:12:49] [REMAP] Restoring Funnel: existing:3001 -> :443
[2026-04-04 21:12:51] [WARN] Port 3002 is occupied by PID 44304 (node.exe)
[2026-04-04 21:12:52] [CLEAN] Clearing port 3002 for project launch...
[2026-04-04 21:12:52] [WARN] Port 3002 is occupied by PID 44304 (node.exe)
[2026-04-04 21:12:52] [CLEAN] Clearing port 3002 for project launch...
[2026-04-04 21:12:52] [START] Launching project:3002 on port 3002...
[2026-04-04 21:12:52]    Cmd: node start-all.js
[2026-04-04 21:12:52]    Cwd: D:\abstimmung
[2026-04-04 21:12:52] [OK] PID 43424 started for project:3002
[2026-04-04 21:12:52] [OK] Startup Complete
[2026-04-04 21:12:54] [PROXY_REQ] GET style.css q=
[2026-04-04 21:12:54] [PROXY_REQ] GET script.js q=
[2026-04-04 21:12:59] Metadata error (Port 5175): All connection attempts failed
[2026-04-04 21:12:59] Metadata error (Port 3002): All connection attempts failed
[2026-04-04 21:13:41] [PROXY_REQ] GET schule q=
[2026-04-04 21:13:41] [PROXY_REQ] GET schule/ q=
[2026-04-04 21:13:49] [PROXY_REQ] GET index.html q=
[2026-04-04 21:13:50] [PROXY_REQ] GET script.js q=
[2026-04-04 21:13:56] Metadata error (Port 5175): All connection attempts failed
[2026-04-04 21:14:25] [START] Launching project:3009 on port 3009...
[2026-04-04 21:14:25]    Cmd: python main.py
[2026-04-04 21:14:25]    Cwd: C:\Users\b-qu\ki reporter
[2026-04-04 21:14:25] [OK] PID 34656 started for project:3009
[2026-04-04 21:14:31] Metadata error (Port 3009): All connection attempts failed
[2026-04-04 21:14:32] [PROXY_REQ] GET ki-radar q=
[2026-04-04 21:14:32] [PROXY_REQ] GET ki-radar/ q=
[2026-04-04 21:14:32] Metadata error (Port 3009): All connection attempts failed
[2026-04-04 21:14:33] Metadata error (Port 3009): All connection attempts failed
[2026-04-04 21:14:52] [RECOVERY] Recovering project: project:3009
[2026-04-04 21:14:57] [START] Launching project:3009 on port 3009...
[2026-04-04 21:14:57]    Cmd: python main.py
[2026-04-04 21:14:57]    Cwd: C:\Users\b-qu\ki reporter
[2026-04-04 21:14:57] [OK] PID 30884 started for project:3009
[2026-04-04 21:15:04] [PROXY_REQ] GET ki-radar/ q=
[2026-04-04 21:15:06] [PROXY_REQ] GET favicon.ico q=
[2026-04-04 21:15:14] [RECOVERY] Recovering project: project:3009
[2026-04-04 21:15:18] [START] Launching project:3009 on port 3009...
[2026-04-04 21:15:18]    Cmd: python main.py
[2026-04-04 21:15:18]    Cwd: C:\Users\b-qu\ki reporter
[2026-04-04 21:15:18] [OK] PID 51044 started for project:3009
[2026-04-04 21:15:32] [PROXY_REQ] GET vote q=
[2026-04-04 21:15:32] [PROXY_REQ] GET vote/ q=
[2026-04-04 21:15:32] [PROXY_REQ] GET vote/assets/index-DuWc6OPa.js q=
[2026-04-04 21:15:32] [PROXY_REQ] GET vote/assets/index-BeF81SKl.css q=
[2026-04-04 21:15:32] [PROXY_REQ] GET vote/manifest.webmanifest q=
[2026-04-04 21:15:33] [PROXY_REQ] GET sw.js q=
[2026-04-04 21:15:33] [PROXY_REQ] GET index.html q=
[2026-04-04 21:15:33] [PROXY_REQ] GET employee_dashboard.html q=
[2026-04-04 21:15:33] [PROXY_REQ] GET customer_dashboard.html q=
[2026-04-04 21:15:33] [PROXY_REQ] GET vote/api/polls q=
[2026-04-04 21:15:33] [PROXY_REQ] GET ueber-uns.html q=
[2026-04-04 21:15:33] [PROXY_REQ] GET vote/favicon.svg q=
[2026-04-04 21:15:33] [PROXY_REQ] GET vote/icon.png q=
[2026-04-04 21:15:33] [PROXY_REQ] GET vote/api/polls q=
[2026-04-04 21:15:33] [PROXY_REQ] GET vote/api/surveys q=
[2026-04-04 21:15:33] [PROXY_REQ] GET service.html q=
[2026-04-04 21:15:33] [PROXY_REQ] GET consulting.html q=
[2026-04-04 21:15:33] [PROXY_REQ] GET termin.html q=
[2026-04-04 21:15:33] [PROXY_REQ] GET impressum.html q=
[2026-04-04 21:15:33] [PROXY_REQ] GET datenschutz.html q=
[2026-04-04 21:15:33] [PROXY_REQ] GET agb.html q=
[2026-04-04 21:15:33] [PROXY_REQ] GET customer_login.html q=
[2026-04-04 21:15:33] [PROXY_REQ] GET login.html q=
[2026-04-04 21:15:35] [PROXY_REQ] GET css/style.v3.css q=
[2026-04-04 21:15:35] [RECOVERY] Recovering project: project:3009
[2026-04-04 21:15:35] [SECURITY] BLOCKED 100.100.125.64 -> /css/responsive_auth.css: Burst limit exceeded (31/30 in 5s)
[2026-04-04 21:15:35] [SECURITY] BLOCKED 100.100.125.64 -> /js/script.js: Burst limit exceeded (32/30 in 5s)
[2026-04-04 21:15:35] [SECURITY] BLOCKED 100.100.125.64 -> /js/auth.js: BLOCKED: Burst flood detected (IP hash: 8b77721d...)
[2026-04-04 21:15:36] [SECURITY] BLOCKED 100.100.125.64 -> /js/filesystem.js: IP temporarily banned (599s remaining)
[2026-04-04 21:15:37] [SECURITY] BLOCKED 100.100.125.64 -> /js/security.js: IP temporarily banned (598s remaining)
[2026-04-04 21:15:38] [SECURITY] BLOCKED 100.100.125.64 -> /api/status: IP temporarily banned (597s remaining)
[2026-04-04 21:15:38] [SECURITY] BLOCKED 100.100.125.64 -> /js/consent.js: IP temporarily banned (597s remaining)
[2026-04-04 21:15:38] [SECURITY] BLOCKED 100.100.125.64 -> /api/analytics: IP temporarily banned (597s remaining)
[2026-04-04 21:15:38] [SECURITY] BLOCKED 100.100.125.64 -> /js/pwa-handler.js: IP temporarily banned (597s remaining)
[2026-04-04 21:15:38] [START] Launching project:3009 on port 3009...
[2026-04-04 21:15:38] [SECURITY] BLOCKED 100.100.125.64 -> /js/accessibility.js: IP temporarily banned (596s remaining)
[2026-04-04 21:15:38]    Cmd: python main.py
[2026-04-04 21:15:38]    Cwd: C:\Users\b-qu\ki reporter
[2026-04-04 21:15:38] [SECURITY] BLOCKED 100.100.125.64 -> /images/Logp_PNG_T_G-1-scaled-re4kdagvxjw3jm126h9ba72rackqddmigpofo0piwc.png: IP temporarily banned (596s remaining)
[2026-04-04 21:15:38] [SECURITY] BLOCKED 100.100.125.64 -> /favicon.svg: IP temporarily banned (596s remaining)
[2026-04-04 21:15:38] [OK] PID 34028 started for project:3009
[2026-04-04 21:15:39] [SECURITY] BLOCKED 100.100.125.64 -> /manifest.json: IP temporarily banned (596s remaining)
[2026-04-04 21:15:39] [SECURITY] BLOCKED 100.100.125.64 -> /icon-192.png: IP temporarily banned (596s remaining)
[2026-04-04 21:15:39] [SECURITY] BLOCKED 100.100.125.64 -> /icon-512.png: IP temporarily banned (596s remaining)
[2026-04-04 21:15:40] [SECURITY] BLOCKED 100.100.125.64 -> /api/status: IP temporarily banned (594s remaining)
[2026-04-04 21:15:40] [SECURITY] BLOCKED 100.100.125.64 -> /api/analytics: IP temporarily banned (594s remaining)
[2026-04-04 21:15:45] [SECURITY] BLOCKED 100.100.125.64 -> /api/analytics: IP temporarily banned (589s remaining)
[2026-04-04 21:15:45] [SECURITY] BLOCKED 100.100.125.64 -> /api/status: IP temporarily banned (589s remaining)
[2026-04-04 21:15:51] [SECURITY] BLOCKED 100.100.125.64 -> /api/status: IP temporarily banned (584s remaining)
[2026-04-04 21:15:51] [SECURITY] BLOCKED 100.100.125.64 -> /api/analytics: IP temporarily banned (584s remaining)
[2026-04-04 21:15:51] [PROXY_REQ] GET portal.html q=
[2026-04-04 21:15:55] [RECOVERY] Recovering project: project:3009
[2026-04-04 21:15:56] [SECURITY] BLOCKED 100.100.125.64 -> /api/status: IP temporarily banned (579s remaining)
[2026-04-04 21:15:56] [SECURITY] BLOCKED 100.100.125.64 -> /api/analytics: IP temporarily banned (578s remaining)
[2026-04-04 21:15:59] [START] Launching project:3009 on port 3009...
[2026-04-04 21:15:59]    Cmd: python main.py
[2026-04-04 21:15:59]    Cwd: C:\Users\b-qu\ki reporter
[2026-04-04 21:15:59] [OK] PID 49728 started for project:3009
[2026-04-04 21:16:01] [SECURITY] BLOCKED 100.100.125.64 -> /api/status: IP temporarily banned (574s remaining)
[2026-04-04 21:16:01] [SECURITY] BLOCKED 100.100.125.64 -> /api/analytics: IP temporarily banned (574s remaining)
[2026-04-04 21:16:06] [SECURITY] BLOCKED 100.100.125.64 -> /api/analytics: IP temporarily banned (569s remaining)
[2026-04-04 21:16:06] [SECURITY] BLOCKED 100.100.125.64 -> /api/status: IP temporarily banned (569s remaining)
[2026-04-04 21:16:11] [SECURITY] BLOCKED 100.100.125.64 -> /api/status: IP temporarily banned (564s remaining)
[2026-04-04 21:16:11] [SECURITY] BLOCKED 100.100.125.64 -> /api/analytics: IP temporarily banned (564s remaining)
[2026-04-04 21:16:16] [RECOVERY] Recovering project: project:3009
[2026-04-04 21:16:16] [SECURITY] BLOCKED 100.100.125.64 -> /api/status: IP temporarily banned (559s remaining)
[2026-04-04 21:16:16] [SECURITY] BLOCKED 100.100.125.64 -> /api/analytics: IP temporarily banned (559s remaining)
[2026-04-04 21:16:19] [START] Launching project:3009 on port 3009...
[2026-04-04 21:16:19]    Cmd: python main.py
[2026-04-04 21:16:19]    Cwd: C:\Users\b-qu\ki reporter
[2026-04-04 21:16:19] [OK] PID 29088 started for project:3009
[2026-04-04 21:16:20] [SECURITY] BLOCKED 100.100.125.64 -> /api/security/stats: IP temporarily banned (555s remaining)
[2026-04-04 21:16:21] [SECURITY] BLOCKED 100.100.125.64 -> /api/status: IP temporarily banned (554s remaining)
[2026-04-04 21:16:21] [SECURITY] BLOCKED 100.100.125.64 -> /api/analytics: IP temporarily banned (554s remaining)
[2026-04-04 21:16:26] [SECURITY] BLOCKED 100.100.125.64 -> /api/status: IP temporarily banned (549s remaining)
[2026-04-04 21:16:26] [SECURITY] BLOCKED 100.100.125.64 -> /api/analytics: IP temporarily banned (549s remaining)
[2026-04-04 21:16:31] [SECURITY] BLOCKED 100.100.125.64 -> /api/status: IP temporarily banned (544s remaining)
[2026-04-04 21:16:31] [SECURITY] BLOCKED 100.100.125.64 -> /api/analytics: IP temporarily banned (544s remaining)
[2026-04-04 21:16:36] [SECURITY] BLOCKED 100.100.125.64 -> /api/analytics: IP temporarily banned (539s remaining)
[2026-04-04 21:16:36] [SECURITY] BLOCKED 100.100.125.64 -> /api/status: IP temporarily banned (539s remaining)
[2026-04-04 21:16:36] [RECOVERY] Recovering project: project:3009
[2026-04-04 21:16:39] [START] Launching project:3009 on port 3009...
[2026-04-04 21:16:39]    Cmd: python main.py
[2026-04-04 21:16:39]    Cwd: C:\Users\b-qu\ki reporter
[2026-04-04 21:16:39] [OK] PID 47232 started for project:3009
[2026-04-04 21:16:41] [SECURITY] BLOCKED 100.100.125.64 -> /api/status: IP temporarily banned (534s remaining)
[2026-04-04 21:16:41] [SECURITY] BLOCKED 100.100.125.64 -> /api/analytics: IP temporarily banned (534s remaining)
[2026-04-04 21:16:46] [SECURITY] BLOCKED 100.100.125.64 -> /api/analytics: IP temporarily banned (529s remaining)
[2026-04-04 21:16:46] [SECURITY] BLOCKED 100.100.125.64 -> /api/status: IP temporarily banned (529s remaining)
[2026-04-04 21:16:56] [RECOVERY] Recovering project: project:3009
[2026-04-04 21:16:59] [START] Launching project:3009 on port 3009...
[2026-04-04 21:16:59]    Cmd: python main.py
[2026-04-04 21:16:59]    Cwd: C:\Users\b-qu\ki reporter
[2026-04-04 21:16:59] [OK] PID 8640 started for project:3009
[2026-04-04 21:17:16] [RECOVERY] Recovering project: project:3009
[2026-04-04 21:17:19] [START] Launching project:3009 on port 3009...
[2026-04-04 21:17:19]    Cmd: python main.py
[2026-04-04 21:17:19]    Cwd: C:\Users\b-qu\ki reporter
[2026-04-04 21:17:19] [OK] PID 11548 started for project:3009
[2026-04-04 21:17:20] [SECURITY] BLOCKED 100.100.125.64 -> /api/analytics: IP temporarily banned (495s remaining)
[2026-04-04 21:17:20] [SECURITY] BLOCKED 100.100.125.64 -> /api/status: IP temporarily banned (494s remaining)
[2026-04-04 21:17:20] [SECURITY] BLOCKED 100.100.125.64 -> /api/security/stats: IP temporarily banned (494s remaining)
[2026-04-04 21:17:36] [RECOVERY] Recovering project: project:3009
[2026-04-04 21:17:39] [START] Launching project:3009 on port 3009...
[2026-04-04 21:17:39]    Cmd: python main.py
[2026-04-04 21:17:39]    Cwd: C:\Users\b-qu\ki reporter
[2026-04-04 21:17:39] [OK] PID 48240 started for project:3009
[2026-04-04 21:17:56] [RECOVERY] Recovering project: project:3009
[2026-04-04 21:17:59] [START] Launching project:3009 on port 3009...
[2026-04-04 21:17:59]    Cmd: python main.py
[2026-04-04 21:18:00]    Cwd: C:\Users\b-qu\ki reporter
[2026-04-04 21:18:00] [OK] PID 37584 started for project:3009
[2026-04-04 21:18:16] [RECOVERY] Recovering project: project:3009
[2026-04-04 21:18:19] [START] Launching project:3009 on port 3009...
[2026-04-04 21:18:19]    Cmd: python main.py
[2026-04-04 21:18:19]    Cwd: C:\Users\b-qu\ki reporter
[2026-04-04 21:18:19] [OK] PID 42720 started for project:3009
[2026-04-04 21:18:20] [SECURITY] BLOCKED 100.100.125.64 -> /api/analytics: IP temporarily banned (435s remaining)
[2026-04-04 21:18:20] [SECURITY] BLOCKED 100.100.125.64 -> /api/security/stats: IP temporarily banned (434s remaining)
[2026-04-04 21:18:20] [SECURITY] BLOCKED 100.100.125.64 -> /api/status: IP temporarily banned (434s remaining)
[2026-04-04 21:18:36] [RECOVERY] Recovering project: project:3009
[2026-04-04 21:18:39] [START] Launching project:3009 on port 3009...
[2026-04-04 21:18:39]    Cmd: python main.py
[2026-04-04 21:18:39]    Cwd: C:\Users\b-qu\ki reporter
[2026-04-04 21:18:39] [OK] PID 8408 started for project:3009
[2026-04-04 21:18:56] [RECOVERY] Recovering project: project:3009
[2026-04-04 21:18:59] [START] Launching project:3009 on port 3009...
[2026-04-04 21:18:59]    Cmd: python main.py
[2026-04-04 21:18:59]    Cwd: C:\Users\b-qu\ki reporter
[2026-04-04 21:18:59] [OK] PID 22476 started for project:3009
[2026-04-04 21:19:16] [RECOVERY] Recovering project: project:3009
[2026-04-04 21:19:19] [START] Launching project:3009 on port 3009...
[2026-04-04 21:19:19]    Cmd: python main.py
[2026-04-04 21:19:19]    Cwd: C:\Users\b-qu\ki reporter
[2026-04-04 21:19:19] [OK] PID 28280 started for project:3009
[2026-04-04 21:19:20] [SECURITY] BLOCKED 100.100.125.64 -> /api/security/stats: IP temporarily banned (375s remaining)
[2026-04-04 21:19:20] [SECURITY] BLOCKED 100.100.125.64 -> /api/analytics: IP temporarily banned (374s remaining)
[2026-04-04 21:19:20] [SECURITY] BLOCKED 100.100.125.64 -> /api/status: IP temporarily banned (374s remaining)
[2026-04-04 21:19:36] [RECOVERY] Recovering project: project:3009
[2026-04-05 07:54:48] [START] Performing Magic Startup...
[2026-04-05 07:54:48] [MONITOR] Health check loop started.
[2026-04-05 07:54:48] Current Base Path: D:\tailscale magic\dist
[2026-04-05 07:54:48] Project Config: D:\tailscale magic\dist\projects.json
[2026-04-05 07:54:48] [CLEANUP] Clearing stale PID 43424 for project:3002
[2026-04-05 07:54:48] [CLEANUP] Clearing stale PID 28280 for project:3009
[2026-04-05 07:54:48] [REMAP] Restoring Funnel: existing:3001 -> :443
[2026-04-05 07:54:48] [RECOVERY] Recovering project: project:3002
[2026-04-05 07:54:51] [START] Launching project:3002 on port 3002...
[2026-04-05 07:54:51]    Cmd: node start-all.js
[2026-04-05 07:54:51]    Cwd: D:\abstimmung
[2026-04-05 07:54:51] [START] Launching project:3002 on port 3002...
[2026-04-05 07:54:51]    Cmd: node start-all.js
[2026-04-05 07:54:51]    Cwd: D:\abstimmung
[2026-04-05 07:54:52] [OK] PID 17428 started for project:3002
[2026-04-05 07:54:52] [OK] PID 15956 started for project:3002
[2026-04-05 07:54:54] [RECOVERY] Recovering project: project:3009
[2026-04-05 07:54:55] [START] Launching project:3009 on port 3009...
[2026-04-05 07:54:56]    Cmd: python main.py
[2026-04-05 07:54:56]    Cwd: C:\Users\b-qu\ki reporter
[2026-04-05 07:54:56] [OK] PID 26352 started for project:3009
[2026-04-05 07:54:56] [OK] Startup Complete
[2026-04-05 07:54:57] [START] Launching project:3009 on port 3009...
[2026-04-05 07:54:57]    Cmd: python main.py
[2026-04-05 07:54:57]    Cwd: C:\Users\b-qu\ki reporter
[2026-04-05 07:54:58] [OK] PID 23716 started for project:3009
[2026-04-05 07:55:00] [PROXY_REQ] GET style.css q=
[2026-04-05 07:55:00] [PROXY_REQ] GET script.js q=
[2026-04-05 07:55:04] Metadata error (Port 3001): All connection attempts failed
[2026-04-05 07:55:06] Metadata error (Port 3009): All connection attempts failed
[2026-04-05 07:55:06] Metadata error (Port 3002): All connection attempts failed
[2026-04-05 07:56:50] [PROXY_REQ] GET ki-radar/ q=
[2026-04-05 07:56:54] [PROXY_REQ] GET sw.js q=
[2026-04-05 07:59:46] [START] Performing Magic Startup...

[2026-04-05 07:59:46] Current Base Path: D:\tailscale magic\dist
[2026-04-05 07:59:46] Project Config: D:\tailscale magic\dist\projects.json
[2026-04-05 07:59:46] [REMAP] Restoring Funnel: existing:3001 -> :443
[2026-04-05 07:59:48] [WARN] Port 3002 is occupied by PID 12444 (node.exe)
[2026-04-05 07:59:48] [CLEAN] Clearing port 3002 for project launch...
[2026-04-05 07:59:48] [WARN] Port 3002 is occupied by PID 12444 (node.exe)
[2026-04-05 07:59:48] [CLEAN] Clearing port 3002 for project launch...
[2026-04-05 07:59:48] [START] Launching project:3002 on port 3002...
[2026-04-05 07:59:49]    Cmd: node start-all.js
[2026-04-05 07:59:49]    Cwd: D:\abstimmung
[2026-04-05 07:59:49] [OK] PID 4564 started for project:3002
[2026-04-05 07:59:51] [START] Launching project:3009 on port 3009...
[2026-04-05 07:59:51]    Cmd: python main.py
[2026-04-05 07:59:51]    Cwd: C:\Users\b-qu\ki reporter
[2026-04-05 07:59:51] [OK] PID 24876 started for project:3009
[2026-04-05 07:59:51] [OK] Startup Complete
[2026-04-05 07:59:52] [PROXY_REQ] GET style.css q=
[2026-04-05 07:59:52] [PROXY_REQ] GET script.js q=
[2026-04-05 07:59:57] Metadata error (Port 3002): All connection attempts failed
[2026-04-05 07:59:58] Metadata error (Port 3009): All connection attempts failed
[2026-04-05 08:01:02] [PROXY_REQ] GET index.html q=
[2026-04-05 08:01:02] [PROXY_REQ] GET style.css q=
[2026-04-05 08:01:02] [PROXY_REQ] GET script.js q=
[2026-04-05 08:01:08] Metadata error (Port 3009): All connection attempts failed
[2026-04-05 08:01:18] [PROXY_REQ] GET ki-radar q=
[2026-04-05 08:01:18] [PROXY_REQ] GET ki-radar/ q=
[2026-04-05 08:01:21] [PROXY_REQ] GET favicon.ico q=
[2026-04-05 08:01:27] [PROXY_REQ] GET vote q=
[2026-04-05 08:01:27] [PROXY_REQ] GET vote/ q=
[2026-04-05 08:01:27] [PROXY_REQ] GET vote/assets/index-DuWc6OPa.js q=
[2026-04-05 08:01:27] [PROXY_REQ] GET vote/assets/index-BeF81SKl.css q=
[2026-04-05 08:01:27] [PROXY_REQ] GET vote/manifest.webmanifest q=
[2026-04-05 08:01:27] [PROXY_REQ] GET vote/api/polls q=
[2026-04-05 08:01:27] [PROXY_REQ] GET sw.js q=
[2026-04-05 08:01:27] [PROXY_REQ] GET vote/api/polls q=
[2026-04-05 08:01:27] [PROXY_REQ] GET vote/icon.png q=
[2026-04-05 08:01:27] [PROXY_REQ] GET vote/favicon.svg q=
[2026-04-05 08:01:27] [PROXY_REQ] GET vote/api/surveys q=
[2026-04-05 08:01:27] [PROXY_REQ] GET employee_dashboard.html q=
[2026-04-05 08:01:27] [PROXY_REQ] GET index.html q=
[2026-04-05 08:01:27] [PROXY_REQ] GET customer_dashboard.html q=
[2026-04-05 08:01:27] [PROXY_REQ] GET ueber-uns.html q=
[2026-04-05 08:01:27] [PROXY_REQ] GET service.html q=
[2026-04-05 08:01:27] [PROXY_REQ] GET consulting.html q=
[2026-04-05 08:01:27] [PROXY_REQ] GET impressum.html q=
[2026-04-05 08:01:27] [PROXY_REQ] GET termin.html q=
[2026-04-05 08:01:27] [PROXY_REQ] GET datenschutz.html q=
[2026-04-05 08:01:27] [PROXY_REQ] GET agb.html q=
[2026-04-05 08:01:27] [PROXY_REQ] GET customer_login.html q=
[2026-04-05 08:01:27] [PROXY_REQ] GET login.html q=
[2026-04-05 08:01:27] [PROXY_REQ] GET css/style.v3.css q=
[2026-04-05 08:01:27] [SECURITY] BLOCKED 100.100.125.64 -> /css/responsive_auth.css: Burst limit exceeded (31/30 in 5s)
[2026-04-05 08:01:27] [SECURITY] BLOCKED 100.100.125.64 -> /js/script.js: Burst limit exceeded (32/30 in 5s)
[2026-04-05 08:01:28] [SECURITY] BLOCKED 100.100.125.64 -> /js/auth.js: BLOCKED: Burst flood detected (IP hash: 8b77721d...)
[2026-04-05 08:01:28] [SECURITY] BLOCKED 100.100.125.64 -> /api/proxy_icon: IP temporarily banned (599s remaining)
[2026-04-05 08:01:28] [SECURITY] BLOCKED 100.100.125.64 -> /api/proxy_icon: IP temporarily banned (599s remaining)
[2026-04-05 08:01:28] [SECURITY] BLOCKED 100.100.125.64 -> /js/filesystem.js: IP temporarily banned (599s remaining)
[2026-04-05 08:01:28] [SECURITY] BLOCKED 100.100.125.64 -> /js/security.js: IP temporarily banned (599s remaining)
[2026-04-05 08:01:28] [SECURITY] BLOCKED 100.100.125.64 -> /js/consent.js: IP temporarily banned (599s remaining)
[2026-04-05 08:01:28] [SECURITY] BLOCKED 100.100.125.64 -> /js/pwa-handler.js: IP temporarily banned (599s remaining)
[2026-04-05 08:01:28] [SECURITY] BLOCKED 100.100.125.64 -> /js/accessibility.js: IP temporarily banned (599s remaining)
[2026-04-05 08:01:28] [SECURITY] BLOCKED 100.100.125.64 -> /images/Logp_PNG_T_G-1-scaled-re4kdagvxjw3jm126h9ba72rackqddmigpofo0piwc.png: IP temporarily banned (599s remaining)
[2026-04-05 08:01:28] [SECURITY] BLOCKED 100.100.125.64 -> /api/status: IP temporarily banned (599s remaining)
[2026-04-05 08:01:28] [SECURITY] BLOCKED 100.100.125.64 -> /api/analytics: IP temporarily banned (599s remaining)
[2026-04-05 08:01:28] [SECURITY] BLOCKED 100.100.125.64 -> /manifest.json: IP temporarily banned (599s remaining)
[2026-04-05 08:01:28] [SECURITY] BLOCKED 100.100.125.64 -> /favicon.svg: IP temporarily banned (599s remaining)
[2026-04-05 08:01:28] [SECURITY] BLOCKED 100.100.125.64 -> /icon-192.png: IP temporarily banned (599s remaining)
[2026-04-05 08:01:28] [SECURITY] BLOCKED 100.100.125.64 -> /icon-512.png: IP temporarily banned (599s remaining)
[2026-04-05 08:01:33] [SECURITY] BLOCKED 100.100.125.64 -> /api/status: IP temporarily banned (594s remaining)
[2026-04-05 08:01:33] [SECURITY] BLOCKED 100.100.125.64 -> /api/analytics: IP temporarily banned (594s remaining)
[2026-04-05 08:01:38] [SECURITY] BLOCKED 100.100.125.64 -> /api/analytics: IP temporarily banned (589s remaining)
[2026-04-05 08:01:38] [SECURITY] BLOCKED 100.100.125.64 -> /api/status: IP temporarily banned (589s remaining)
[2026-04-05 08:01:43] [SECURITY] BLOCKED 100.100.125.64 -> /api/analytics: IP temporarily banned (584s remaining)
[2026-04-05 08:01:43] [SECURITY] BLOCKED 100.100.125.64 -> /api/status: IP temporarily banned (584s remaining)
[2026-04-05 08:01:47] [SECURITY] BLOCKED 100.100.125.64 -> /api/status: IP temporarily banned (580s remaining)
[2026-04-05 08:01:47] [SECURITY] BLOCKED 100.100.125.64 -> /api/analytics: IP temporarily banned (580s remaining)
[2026-04-05 08:01:52] [SECURITY] BLOCKED 100.100.125.64 -> /api/analytics: IP temporarily banned (575s remaining)
[2026-04-05 08:01:52] [SECURITY] BLOCKED 100.100.125.64 -> /api/status: IP temporarily banned (575s remaining)
[2026-04-05 08:01:57] [SECURITY] BLOCKED 100.100.125.64 -> /api/analytics: IP temporarily banned (570s remaining)
[2026-04-05 08:01:57] [SECURITY] BLOCKED 100.100.125.64 -> /api/status: IP temporarily banned (570s remaining)
[2026-04-05 08:02:00] [SECURITY] BLOCKED 100.100.125.64 -> /index.html: IP temporarily banned (567s remaining)
[2026-04-05 08:02:00] [SECURITY] BLOCKED 100.100.125.64 -> /favicon.ico: IP temporarily banned (567s remaining)
[2026-04-05 08:02:02] [SECURITY] BLOCKED 100.100.125.64 -> /sw.js: IP temporarily banned (565s remaining)
[2026-04-05 08:02:19] [SECURITY] BLOCKED 100.100.125.64 -> /ki-radar/: IP temporarily banned (548s remaining)
[2026-04-05 08:02:19] [SECURITY] BLOCKED 100.100.125.64 -> /favicon.ico: IP temporarily banned (548s remaining)
[2026-04-05 08:02:21] [SECURITY] BLOCKED 100.100.125.64 -> /sw.js: IP temporarily banned (546s remaining)
[2026-04-05 08:04:05] [SECURITY] BLOCKED 100.100.125.64 -> /index.html: IP temporarily banned (442s remaining)
[2026-04-05 08:04:06] [SECURITY] BLOCKED 100.100.125.64 -> /favicon.ico: IP temporarily banned (441s remaining)
[2026-04-05 08:04:07] [SECURITY] BLOCKED 100.100.125.64 -> /sw.js: IP temporarily banned (440s remaining)
[2026-04-05 08:05:14] [SECURITY] BLOCKED 100.100.125.64 -> /index.html: IP temporarily banned (373s remaining)
[2026-04-05 08:05:14] [SECURITY] BLOCKED 100.100.125.64 -> /favicon.ico: IP temporarily banned (373s remaining)
[2026-04-05 08:05:16] [SECURITY] BLOCKED 100.100.125.64 -> /sw.js: IP temporarily banned (371s remaining)
[2026-04-05 08:05:41] [PROXY_REQ] GET index.html q=
[2026-04-05 08:05:41] [PROXY_REQ] GET style.css q=
[2026-04-05 08:05:41] [PROXY_REQ] GET script.js q=
[2026-04-05 08:05:44] [PROXY_REQ] GET sw.js q=
[2026-04-05 08:05:46] Metadata error (Port 3009): All connection attempts failed
[2026-04-05 08:08:06] [PROXY_REQ] GET ki-radar q=
[2026-04-05 08:08:06] [PROXY_REQ] GET ki-radar/ q=
[2026-04-05 08:08:08] [PROXY_REQ] GET favicon.ico q=
[2026-04-05 08:08:10] [PROXY_REQ] GET sw.js q=
[2026-04-05 08:09:52] [PROXY_REQ] GET ki-radar q=
[2026-04-05 08:09:52] [PROXY_REQ] GET ki-radar/ q=
[2026-04-05 08:09:56] [PROXY_REQ] GET sw.js q=
[2026-04-05 08:10:34] [RECOVERY] Recovering project: project:3009
[2026-04-05 08:10:36] [START] Launching project:3009 on port 3009...
[2026-04-05 08:10:36]    Cmd: python main.py
[2026-04-05 08:10:36]    Cwd: C:\Users\b-qu\ki reporter
[2026-04-05 08:10:36] [OK] PID 26004 started for project:3009
[2026-04-05 08:10:44] [PROXY_REQ] GET ki-radar q=
[2026-04-05 08:10:44] [PROXY_REQ] GET ki-radar/ q=
[2026-04-05 08:10:48] [PROXY_REQ] GET sw.js q=
[2026-04-05 08:11:39] [PROXY_REQ] GET ki-radar/ q=
[2026-04-05 08:11:39] [PROXY_REQ] GET ki-radar/api/results q=
[2026-04-05 08:11:45] [PROXY_REQ] GET sw.js q=
[2026-04-05 13:48:03] [PROXY_REQ] GET magic-favicon.svg q=
[2026-04-05 13:48:09] [PROXY_REQ] GET magic-favicon.svg q=
[2026-04-05 13:48:16] Metadata error (Port 3009): 
[2026-04-05 13:48:25] [PROXY_REQ] GET marketing-entzauberer/api/events q=
[2026-04-05 13:48:25] [PROXY_REQ] GET marketing-entzauberer/favicon.svg q=
[2026-04-05 13:48:42] [PROXY_REQ] GET marketing-entzauberer/api/events q=
[2026-04-05 13:48:57] [PROXY_REQ] GET marketing-entzauberer/api/events q=
[2026-04-05 13:49:26] [PROXY_REQ] GET marketing-entzauberer/api/events q=
[2026-04-05 13:49:52] [PROXY_REQ] GET marketing-entzauberer/api/events q=
[2026-04-05 13:50:13] [PROXY_REQ] GET marketing-entzauberer/api/events q=
[2026-04-05 13:50:28] [PROXY_REQ] GET marketing-entzauberer/api/events q=
[2026-04-05 13:50:40] [PROXY_REQ] GET marketing-entzauberer/api/events q=
[2026-04-05 13:50:52] [PROXY_REQ] GET marketing-entzauberer/api/events q=
[2026-04-05 13:51:03] [PROXY_REQ] GET marketing-entzauberer/api/events q=
[2026-04-05 13:51:14] [PROXY_REQ] GET marketing-entzauberer/api/events q=
[2026-04-05 13:51:25] [PROXY_REQ] GET marketing-entzauberer/api/events q=
[2026-04-05 13:51:36] [PROXY_REQ] GET marketing-entzauberer/api/events q=
[2026-04-05 13:51:47] [PROXY_REQ] GET marketing-entzauberer/api/events q=
[2026-04-05 13:51:58] [PROXY_REQ] GET marketing-entzauberer/api/events q=
[2026-04-05 13:52:10] [PROXY_REQ] GET marketing-entzauberer/api/events q=
[2026-04-05 13:52:21] [PROXY_REQ] GET marketing-entzauberer/api/events q=
[2026-04-05 13:52:32] [PROXY_REQ] GET marketing-entzauberer/api/events q=
[2026-04-05 13:52:43] [PROXY_REQ] GET marketing-entzauberer/api/events q=
[2026-04-05 13:52:54] [PROXY_REQ] GET marketing-entzauberer/api/events q=
[2026-04-05 13:53:05] [PROXY_REQ] GET marketing-entzauberer/api/events q=
[2026-04-05 13:53:16] [PROXY_REQ] GET marketing-entzauberer/api/events q=
[2026-04-05 13:53:27] [PROXY_REQ] GET marketing-entzauberer/api/events q=
[2026-04-05 13:53:38] [PROXY_REQ] GET marketing-entzauberer/api/events q=
[2026-04-05 13:53:49] [PROXY_REQ] GET marketing-entzauberer/api/events q=
[2026-04-05 13:54:00] [PROXY_REQ] GET marketing-entzauberer/api/events q=
[2026-04-05 13:54:11] [PROXY_REQ] GET marketing-entzauberer/api/events q=
[2026-04-05 13:54:22] [PROXY_REQ] GET marketing-entzauberer/api/events q=
[2026-04-05 13:54:33] [PROXY_REQ] GET marketing-entzauberer/api/events q=
[2026-04-05 13:54:44] [PROXY_REQ] GET marketing-entzauberer/api/events q=
[2026-04-05 13:54:55] [PROXY_REQ] GET marketing-entzauberer/api/events q=
[2026-04-05 13:55:07] [PROXY_REQ] GET marketing-entzauberer/api/events q=
[2026-04-05 13:55:18] [PROXY_REQ] GET marketing-entzauberer/api/events q=
[2026-04-05 13:55:29] [PROXY_REQ] GET marketing-entzauberer/api/events q=
[2026-04-05 13:55:40] [PROXY_REQ] GET marketing-entzauberer/api/events q=
[2026-04-05 13:55:51] [PROXY_REQ] GET marketing-entzauberer/api/events q=
[2026-04-05 13:56:02] [PROXY_REQ] GET marketing-entzauberer/api/events q=
[2026-04-05 13:56:13] [PROXY_REQ] GET marketing-entzauberer/api/events q=
[2026-04-05 13:56:24] [PROXY_REQ] GET marketing-entzauberer/api/events q=
[2026-04-05 13:56:35] [PROXY_REQ] GET marketing-entzauberer/api/events q=
[2026-04-05 13:56:46] [PROXY_REQ] GET marketing-entzauberer/api/events q=
[2026-04-05 13:56:57] [PROXY_REQ] GET marketing-entzauberer/api/events q=
[2026-04-05 13:57:08] [PROXY_REQ] GET marketing-entzauberer/api/events q=
[2026-04-05 13:57:19] [PROXY_REQ] GET marketing-entzauberer/api/events q=
[2026-04-05 13:57:30] [PROXY_REQ] GET marketing-entzauberer/api/events q=
[2026-04-05 13:57:41] [PROXY_REQ] GET marketing-entzauberer/api/events q=
[2026-04-05 13:57:52] [PROXY_REQ] GET marketing-entzauberer/api/events q=
[2026-04-05 13:58:03] [PROXY_REQ] GET marketing-entzauberer/api/events q=
[2026-04-05 13:58:14] [PROXY_REQ] GET marketing-entzauberer/api/events q=
[2026-04-05 13:58:25] [PROXY_REQ] GET marketing-entzauberer/api/events q=
[2026-04-05 13:58:36] [PROXY_REQ] GET marketing-entzauberer/api/events q=
[2026-04-05 13:58:47] [PROXY_REQ] GET marketing-entzauberer/api/events q=
[2026-04-05 13:58:58] [PROXY_REQ] GET marketing-entzauberer/api/events q=
[2026-04-05 13:59:10] [PROXY_REQ] GET marketing-entzauberer/api/events q=
[2026-04-05 13:59:21] [PROXY_REQ] GET marketing-entzauberer/api/events q=
[2026-04-05 13:59:32] [PROXY_REQ] GET marketing-entzauberer/api/events q=
[2026-04-05 13:59:43] [PROXY_REQ] GET marketing-entzauberer/api/events q=
[2026-04-05 13:59:54] [PROXY_REQ] GET marketing-entzauberer/api/events q=
[2026-04-05 14:00:05] [PROXY_REQ] GET marketing-entzauberer/api/events q=
[2026-04-05 14:00:16] [PROXY_REQ] GET marketing-entzauberer/api/events q=
[2026-04-05 14:00:27] [PROXY_REQ] GET marketing-entzauberer/api/events q=
[2026-04-05 14:00:38] [PROXY_REQ] GET marketing-entzauberer/api/events q=
[2026-04-05 14:00:49] [PROXY_REQ] GET marketing-entzauberer/api/events q=
[2026-04-05 14:01:00] [PROXY_REQ] GET marketing-entzauberer/api/events q=
[2026-04-05 14:01:11] [PROXY_REQ] GET marketing-entzauberer/api/events q=
[2026-04-05 14:01:22] [PROXY_REQ] GET marketing-entzauberer/api/events q=
[2026-04-05 14:01:33] [PROXY_REQ] GET marketing-entzauberer/api/events q=
[2026-04-05 14:01:44] [PROXY_REQ] GET marketing-entzauberer/api/events q=
[2026-04-05 14:01:55] [PROXY_REQ] GET marketing-entzauberer/api/events q=
[2026-04-05 14:02:06] [PROXY_REQ] GET marketing-entzauberer/api/events q=
[2026-04-05 14:02:17] [PROXY_REQ] GET marketing-entzauberer/api/events q=
[2026-04-05 14:02:28] [PROXY_REQ] GET marketing-entzauberer/api/events q=
[2026-04-05 14:02:40] [PROXY_REQ] GET marketing-entzauberer/api/events q=
[2026-04-05 14:02:51] [PROXY_REQ] GET marketing-entzauberer/api/events q=
[2026-04-05 14:03:02] [PROXY_REQ] GET marketing-entzauberer/api/events q=
[2026-04-05 14:03:13] [PROXY_REQ] GET marketing-entzauberer/api/events q=
[2026-04-05 14:03:24] [PROXY_REQ] GET marketing-entzauberer/api/events q=
[2026-04-05 14:03:36] [PROXY_REQ] GET marketing-entzauberer/api/events q=
[2026-04-05 14:03:47] [PROXY_REQ] GET marketing-entzauberer/api/events q=
[2026-04-05 14:03:58] [PROXY_REQ] GET marketing-entzauberer/api/events q=
[2026-04-05 14:04:11] [PROXY_REQ] GET marketing-entzauberer/api/events q=
[2026-04-05 14:04:22] [PROXY_REQ] GET marketing-entzauberer/api/events q=
[2026-04-05 14:04:33] [PROXY_REQ] GET marketing-entzauberer/api/events q=
[2026-04-05 14:04:44] [PROXY_REQ] GET marketing-entzauberer/api/events q=
[2026-04-05 14:04:55] [PROXY_REQ] GET marketing-entzauberer/api/events q=
[2026-04-05 14:05:06] [PROXY_REQ] GET marketing-entzauberer/api/events q=
[2026-04-05 14:05:17] [PROXY_REQ] GET marketing-entzauberer/api/events q=
[2026-04-05 14:05:28] [PROXY_REQ] GET marketing-entzauberer/api/events q=
[2026-04-05 14:05:39] [PROXY_REQ] GET marketing-entzauberer/api/events q=
[2026-04-05 14:05:55] [PROXY_REQ] GET marketing-entzauberer/api/events q=
[2026-04-05 14:06:07] [PROXY_REQ] GET marketing-entzauberer/api/events q=
[2026-04-05 14:06:18] [PROXY_REQ] GET marketing-entzauberer/api/events q=
[2026-04-05 14:06:29] [PROXY_REQ] GET marketing-entzauberer/api/events q=
[2026-04-05 14:06:40] [PROXY_REQ] GET marketing-entzauberer/api/events q=
[2026-04-05 14:06:51] [PROXY_REQ] GET marketing-entzauberer/api/events q=
[2026-04-05 14:07:02] [PROXY_REQ] GET marketing-entzauberer/api/events q=
[2026-04-05 14:07:13] [PROXY_REQ] GET marketing-entzauberer/api/events q=
[2026-04-05 14:07:24] [PROXY_REQ] GET marketing-entzauberer/api/events q=
[2026-04-05 14:07:35] [PROXY_REQ] GET marketing-entzauberer/api/events q=
[2026-04-05 14:07:46] [PROXY_REQ] GET marketing-entzauberer/api/events q=
[2026-04-05 14:07:57] [PROXY_REQ] GET marketing-entzauberer/api/events q=
[2026-04-05 14:08:08] [PROXY_REQ] GET marketing-entzauberer/api/events q=
[2026-04-05 14:08:19] [PROXY_REQ] GET marketing-entzauberer/api/events q=
[2026-04-05 14:08:30] [PROXY_REQ] GET marketing-entzauberer/api/events q=
[2026-04-05 14:08:41] [PROXY_REQ] GET marketing-entzauberer/api/events q=
[2026-04-05 14:08:52] [PROXY_REQ] GET marketing-entzauberer/api/events q=
[2026-04-05 14:09:03] [PROXY_REQ] GET marketing-entzauberer/api/events q=
[2026-04-05 14:09:14] [PROXY_REQ] GET marketing-entzauberer/api/events q=
[2026-04-05 14:09:25] [PROXY_REQ] GET marketing-entzauberer/api/events q=
[2026-04-05 14:09:36] [PROXY_REQ] GET marketing-entzauberer/api/events q=
[2026-04-05 14:09:47] [PROXY_REQ] GET marketing-entzauberer/api/events q=
[2026-04-05 14:09:58] [PROXY_REQ] GET marketing-entzauberer/api/events q=
[2026-04-05 14:10:10] [PROXY_REQ] GET marketing-entzauberer/api/events q=
[2026-04-05 14:10:21] [PROXY_REQ] GET marketing-entzauberer/api/events q=
[2026-04-05 14:10:33] [PROXY_REQ] GET marketing-entzauberer/api/events q=
[2026-04-05 14:10:45] [PROXY_REQ] GET marketing-entzauberer/api/events q=
[2026-04-05 14:10:56] [PROXY_REQ] GET marketing-entzauberer/api/events q=
[2026-04-05 14:11:07] [PROXY_REQ] GET marketing-entzauberer/api/events q=
[2026-04-05 14:11:18] [PROXY_REQ] GET marketing-entzauberer/api/events q=
[2026-04-05 14:11:29] [PROXY_REQ] GET marketing-entzauberer/api/events q=
[2026-04-05 14:11:40] [PROXY_REQ] GET marketing-entzauberer/api/events q=
[2026-04-05 14:11:51] [PROXY_REQ] GET marketing-entzauberer/api/events q=
[2026-04-05 14:12:02] [PROXY_REQ] GET marketing-entzauberer/api/events q=
[2026-04-05 14:12:13] [PROXY_REQ] GET marketing-entzauberer/api/events q=
[2026-04-05 14:12:24] [PROXY_REQ] GET marketing-entzauberer/api/events q=
[2026-04-05 14:12:36] [PROXY_REQ] GET marketing-entzauberer/api/events q=
[2026-04-05 14:12:47] [PROXY_REQ] GET marketing-entzauberer/api/events q=
[2026-04-05 14:12:58] [PROXY_REQ] GET marketing-entzauberer/api/events q=
[2026-04-05 14:13:09] [PROXY_REQ] GET marketing-entzauberer/api/events q=
[2026-04-05 14:13:20] [PROXY_REQ] GET marketing-entzauberer/api/events q=
[2026-04-05 14:13:31] [PROXY_REQ] GET marketing-entzauberer/api/events q=
[2026-04-05 14:13:42] [PROXY_REQ] GET marketing-entzauberer/api/events q=
[2026-04-05 14:13:53] [PROXY_REQ] GET marketing-entzauberer/api/events q=
[2026-04-05 14:14:05] [PROXY_REQ] GET marketing-entzauberer/api/events q=
[2026-04-05 14:14:16] [PROXY_REQ] GET marketing-entzauberer/api/events q=
[2026-04-05 14:14:27] [PROXY_REQ] GET marketing-entzauberer/api/events q=
[2026-04-05 14:14:38] [PROXY_REQ] GET marketing-entzauberer/api/events q=
[2026-04-05 14:14:49] [PROXY_REQ] GET marketing-entzauberer/api/events q=
[2026-04-05 14:15:00] [PROXY_REQ] GET marketing-entzauberer/api/events q=
[2026-04-05 14:15:11] [PROXY_REQ] GET marketing-entzauberer/api/events q=
[2026-04-05 14:15:23] [PROXY_REQ] GET marketing-entzauberer/api/events q=
[2026-04-05 14:15:35] [PROXY_REQ] GET marketing-entzauberer/api/events q=
[2026-04-05 14:15:48] [PROXY_REQ] GET marketing-entzauberer/api/events q=
[2026-04-05 14:16:00] [PROXY_REQ] GET marketing-entzauberer/api/events q=
[2026-04-05 14:16:12] [PROXY_REQ] GET marketing-entzauberer/api/events q=
[2026-04-05 14:16:23] [PROXY_REQ] GET marketing-entzauberer/api/events q=
[2026-04-05 14:16:35] [PROXY_REQ] GET marketing-entzauberer/api/events q=
[2026-04-05 14:16:46] [PROXY_REQ] GET marketing-entzauberer/api/events q=
[2026-04-05 14:16:57] [PROXY_REQ] GET marketing-entzauberer/api/events q=
[2026-04-05 14:17:11] [PROXY_REQ] GET marketing-entzauberer/api/events q=
[2026-04-05 14:17:22] [PROXY_REQ] GET marketing-entzauberer/api/events q=
[2026-04-05 14:17:33] [PROXY_REQ] GET marketing-entzauberer/api/events q=
[2026-04-05 14:17:44] [PROXY_REQ] GET marketing-entzauberer/api/events q=
[2026-04-05 14:17:55] [PROXY_REQ] GET marketing-entzauberer/api/events q=
[2026-04-05 14:18:06] [PROXY_REQ] GET marketing-entzauberer/api/events q=
[2026-04-05 14:18:17] [PROXY_REQ] GET marketing-entzauberer/api/events q=
[2026-04-05 14:18:28] [PROXY_REQ] GET marketing-entzauberer/api/events q=
[2026-04-05 14:18:39] [PROXY_REQ] GET marketing-entzauberer/api/events q=
[2026-04-05 14:18:50] [PROXY_REQ] GET marketing-entzauberer/api/events q=
[2026-04-05 14:19:01] [PROXY_REQ] GET marketing-entzauberer/api/events q=
[2026-04-05 14:19:12] [PROXY_REQ] GET marketing-entzauberer/api/events q=
[2026-04-05 14:19:23] [PROXY_REQ] GET marketing-entzauberer/api/events q=
[2026-04-05 14:19:34] [PROXY_REQ] GET marketing-entzauberer/api/events q=
[2026-04-05 14:19:45] [PROXY_REQ] GET marketing-entzauberer/api/events q=
[2026-04-05 14:19:56] [PROXY_REQ] GET marketing-entzauberer/api/events q=
[2026-04-05 14:20:07] [PROXY_REQ] GET marketing-entzauberer/api/events q=
[2026-04-05 14:20:18] [PROXY_REQ] GET marketing-entzauberer/api/events q=
[2026-04-05 14:20:29] [PROXY_REQ] GET marketing-entzauberer/api/events q=
[2026-04-05 14:20:40] [PROXY_REQ] GET marketing-entzauberer/api/events q=
[2026-04-05 14:20:51] [PROXY_REQ] GET marketing-entzauberer/api/events q=
[2026-04-05 14:21:02] [PROXY_REQ] GET marketing-entzauberer/api/events q=
[2026-04-05 14:21:13] [PROXY_REQ] GET marketing-entzauberer/api/events q=
[2026-04-05 14:21:24] [PROXY_REQ] GET marketing-entzauberer/api/events q=
[2026-04-05 14:21:35] [PROXY_REQ] GET marketing-entzauberer/api/events q=
[2026-04-05 14:21:46] [PROXY_REQ] GET marketing-entzauberer/api/events q=
[2026-04-05 14:21:57] [PROXY_REQ] GET marketing-entzauberer/api/events q=
[2026-04-05 14:22:08] [PROXY_REQ] GET marketing-entzauberer/api/events q=
[2026-04-05 14:22:19] [PROXY_REQ] GET marketing-entzauberer/api/events q=
[2026-04-05 14:22:30] [PROXY_REQ] GET marketing-entzauberer/api/events q=
[2026-04-05 14:22:41] [PROXY_REQ] GET marketing-entzauberer/api/events q=
[2026-04-05 14:22:52] [PROXY_REQ] GET marketing-entzauberer/api/events q=
[2026-04-05 14:23:03] [PROXY_REQ] GET marketing-entzauberer/api/events q=
[2026-04-05 14:23:14] [PROXY_REQ] GET marketing-entzauberer/api/events q=
[2026-04-05 14:23:25] [PROXY_REQ] GET marketing-entzauberer/api/events q=
[2026-04-05 14:23:36] [PROXY_REQ] GET marketing-entzauberer/api/events q=
[2026-04-05 14:23:47] [PROXY_REQ] GET marketing-entzauberer/api/events q=
[2026-04-05 14:23:58] [PROXY_REQ] GET marketing-entzauberer/api/events q=
[2026-04-05 14:24:09] [PROXY_REQ] GET marketing-entzauberer/api/events q=
[2026-04-05 14:24:20] [PROXY_REQ] GET marketing-entzauberer/api/events q=
[2026-04-05 14:24:31] [PROXY_REQ] GET marketing-entzauberer/api/events q=
[2026-04-05 14:24:42] [PROXY_REQ] GET marketing-entzauberer/api/events q=
[2026-04-05 14:24:53] [PROXY_REQ] GET marketing-entzauberer/api/events q=
[2026-04-05 14:25:04] [PROXY_REQ] GET marketing-entzauberer/api/events q=
[2026-04-05 14:25:15] [PROXY_REQ] GET marketing-entzauberer/api/events q=
[2026-04-05 14:25:26] [PROXY_REQ] GET marketing-entzauberer/api/events q=
[2026-04-05 14:25:37] [PROXY_REQ] GET marketing-entzauberer/api/events q=
[2026-04-05 14:25:48] [PROXY_REQ] GET marketing-entzauberer/api/events q=
[2026-04-05 14:25:59] [PROXY_REQ] GET marketing-entzauberer/api/events q=
[2026-04-05 14:26:10] [PROXY_REQ] GET marketing-entzauberer/api/events q=
[2026-04-05 14:26:21] [PROXY_REQ] GET marketing-entzauberer/api/events q=
[2026-04-05 14:26:32] [PROXY_REQ] GET marketing-entzauberer/api/events q=
[2026-04-05 14:26:43] [PROXY_REQ] GET marketing-entzauberer/api/events q=
[2026-04-05 14:26:54] [PROXY_REQ] GET marketing-entzauberer/api/events q=
[2026-04-05 14:27:05] [PROXY_REQ] GET marketing-entzauberer/api/events q=
[2026-04-05 14:27:16] [PROXY_REQ] GET marketing-entzauberer/api/events q=
[2026-04-05 14:27:27] [PROXY_REQ] GET marketing-entzauberer/api/events q=
[2026-04-05 14:27:38] [PROXY_REQ] GET marketing-entzauberer/api/events q=
[2026-04-05 14:27:49] [PROXY_REQ] GET marketing-entzauberer/api/events q=
[2026-04-05 14:28:00] [PROXY_REQ] GET marketing-entzauberer/api/events q=
[2026-04-05 14:28:11] [PROXY_REQ] GET marketing-entzauberer/api/events q=
[2026-04-05 14:28:22] [PROXY_REQ] GET marketing-entzauberer/api/events q=
[2026-04-05 14:28:33] [PROXY_REQ] GET marketing-entzauberer/api/events q=
[2026-04-05 14:28:44] [PROXY_REQ] GET marketing-entzauberer/api/events q=
[2026-04-05 14:28:55] [PROXY_REQ] GET marketing-entzauberer/api/events q=
[2026-04-05 14:29:06] [PROXY_REQ] GET marketing-entzauberer/api/events q=
[2026-04-05 14:29:17] [PROXY_REQ] GET marketing-entzauberer/api/events q=
[2026-04-05 14:29:28] [PROXY_REQ] GET marketing-entzauberer/api/events q=
[2026-04-05 14:29:39] [PROXY_REQ] GET marketing-entzauberer/api/events q=
[2026-04-05 14:29:50] [PROXY_REQ] GET marketing-entzauberer/api/events q=
[2026-04-05 14:30:01] [PROXY_REQ] GET marketing-entzauberer/api/events q=
[2026-04-05 14:30:12] [PROXY_REQ] GET marketing-entzauberer/api/events q=
[2026-04-05 14:30:23] [PROXY_REQ] GET marketing-entzauberer/api/events q=
[2026-04-05 14:30:34] [PROXY_REQ] GET marketing-entzauberer/api/events q=
[2026-04-05 14:30:45] [PROXY_REQ] GET marketing-entzauberer/api/events q=
[2026-04-05 14:30:56] [PROXY_REQ] GET marketing-entzauberer/api/events q=
[2026-04-05 14:31:07] [PROXY_REQ] GET marketing-entzauberer/api/events q=
[2026-04-05 14:31:18] [PROXY_REQ] GET marketing-entzauberer/api/events q=
[2026-04-05 14:31:29] [PROXY_REQ] GET marketing-entzauberer/api/events q=
[2026-04-05 14:31:40] [PROXY_REQ] GET marketing-entzauberer/api/events q=
[2026-04-05 14:31:51] [PROXY_REQ] GET marketing-entzauberer/api/events q=
[2026-04-05 14:32:02] [PROXY_REQ] GET marketing-entzauberer/api/events q=
[2026-04-05 14:32:13] [PROXY_REQ] GET marketing-entzauberer/api/events q=
[2026-04-05 14:32:24] [PROXY_REQ] GET marketing-entzauberer/api/events q=
[2026-04-05 14:32:35] [PROXY_REQ] GET marketing-entzauberer/api/events q=
[2026-04-05 14:32:46] [PROXY_REQ] GET marketing-entzauberer/api/events q=
[2026-04-05 14:32:57] [PROXY_REQ] GET marketing-entzauberer/api/events q=
[2026-04-05 14:33:08] [PROXY_REQ] GET marketing-entzauberer/api/events q=
[2026-04-05 14:33:19] [PROXY_REQ] GET marketing-entzauberer/api/events q=
[2026-04-05 14:33:30] [PROXY_REQ] GET marketing-entzauberer/api/events q=
[2026-04-05 14:33:41] [PROXY_REQ] GET marketing-entzauberer/api/events q=
[2026-04-05 14:33:52] [PROXY_REQ] GET marketing-entzauberer/api/events q=
[2026-04-05 14:34:03] [PROXY_REQ] GET marketing-entzauberer/api/events q=
[2026-04-05 14:34:14] [PROXY_REQ] GET marketing-entzauberer/api/events q=
[2026-04-05 14:34:25] [PROXY_REQ] GET marketing-entzauberer/api/events q=
[2026-04-05 14:34:36] [PROXY_REQ] GET marketing-entzauberer/api/events q=
[2026-04-05 14:34:47] [PROXY_REQ] GET marketing-entzauberer/api/events q=
[2026-04-05 14:34:58] [PROXY_REQ] GET marketing-entzauberer/api/events q=
[2026-04-05 14:35:09] [PROXY_REQ] GET marketing-entzauberer/api/events q=
[2026-04-05 14:35:20] [PROXY_REQ] GET marketing-entzauberer/api/events q=
[2026-04-05 14:35:31] [PROXY_REQ] GET marketing-entzauberer/api/events q=
[2026-04-05 14:35:42] [PROXY_REQ] GET marketing-entzauberer/api/events q=
[2026-04-05 14:35:53] [PROXY_REQ] GET marketing-entzauberer/api/events q=
[2026-04-05 14:36:04] [PROXY_REQ] GET marketing-entzauberer/api/events q=
[2026-04-05 14:36:15] [PROXY_REQ] GET marketing-entzauberer/api/events q=
[2026-04-05 14:36:26] [PROXY_REQ] GET marketing-entzauberer/api/events q=
[2026-04-05 14:36:37] [PROXY_REQ] GET marketing-entzauberer/api/events q=
[2026-04-05 14:36:48] [PROXY_REQ] GET marketing-entzauberer/api/events q=
[2026-04-05 14:36:59] [PROXY_REQ] GET marketing-entzauberer/api/events q=
[2026-04-05 14:37:10] [PROXY_REQ] GET marketing-entzauberer/api/events q=
[2026-04-05 14:37:21] [PROXY_REQ] GET marketing-entzauberer/api/events q=
[2026-04-05 14:37:32] [PROXY_REQ] GET marketing-entzauberer/api/events q=
[2026-04-05 14:37:43] [PROXY_REQ] GET marketing-entzauberer/api/events q=
[2026-04-05 14:37:54] [PROXY_REQ] GET marketing-entzauberer/api/events q=
[2026-04-05 14:38:05] [PROXY_REQ] GET marketing-entzauberer/api/events q=
[2026-04-05 14:38:16] [PROXY_REQ] GET marketing-entzauberer/api/events q=
[2026-04-05 14:38:27] [PROXY_REQ] GET marketing-entzauberer/api/events q=
[2026-04-05 14:38:38] [PROXY_REQ] GET marketing-entzauberer/api/events q=
[2026-04-05 14:38:49] [PROXY_REQ] GET marketing-entzauberer/api/events q=
[2026-04-05 14:39:00] [PROXY_REQ] GET marketing-entzauberer/api/events q=
[2026-04-05 14:39:11] [PROXY_REQ] GET marketing-entzauberer/api/events q=
[2026-04-05 14:39:22] [PROXY_REQ] GET marketing-entzauberer/api/events q=
[2026-04-05 14:39:33] [PROXY_REQ] GET marketing-entzauberer/api/events q=
[2026-04-05 14:39:44] [PROXY_REQ] GET marketing-entzauberer/api/events q=
[2026-04-05 14:39:55] [PROXY_REQ] GET marketing-entzauberer/api/events q=
[2026-04-05 14:40:06] [PROXY_REQ] GET marketing-entzauberer/api/events q=
[2026-04-05 14:40:17] [PROXY_REQ] GET marketing-entzauberer/api/events q=
[2026-04-05 14:40:28] [PROXY_REQ] GET marketing-entzauberer/api/events q=
[2026-04-05 14:40:39] [PROXY_REQ] GET marketing-entzauberer/api/events q=
[2026-04-05 14:40:50] [PROXY_REQ] GET marketing-entzauberer/api/events q=
[2026-04-05 14:41:01] [PROXY_REQ] GET marketing-entzauberer/api/events q=
[2026-04-05 14:41:12] [PROXY_REQ] GET marketing-entzauberer/api/events q=
[2026-04-05 14:41:23] [PROXY_REQ] GET marketing-entzauberer/api/events q=
[2026-04-05 14:41:34] [PROXY_REQ] GET marketing-entzauberer/api/events q=
[2026-04-05 14:41:45] [PROXY_REQ] GET marketing-entzauberer/api/events q=
[2026-04-05 14:41:56] [PROXY_REQ] GET marketing-entzauberer/api/events q=
[2026-04-05 14:42:07] [PROXY_REQ] GET marketing-entzauberer/api/events q=
[2026-04-05 14:42:18] [PROXY_REQ] GET marketing-entzauberer/api/events q=
[2026-04-05 14:42:29] [PROXY_REQ] GET marketing-entzauberer/api/events q=
[2026-04-05 14:42:40] [PROXY_REQ] GET marketing-entzauberer/api/events q=
[2026-04-05 14:42:51] [PROXY_REQ] GET marketing-entzauberer/api/events q=
[2026-04-05 14:43:02] [PROXY_REQ] GET marketing-entzauberer/api/events q=
[2026-04-05 14:43:13] [PROXY_REQ] GET marketing-entzauberer/api/events q=
[2026-04-05 14:43:24] [PROXY_REQ] GET marketing-entzauberer/api/events q=
[2026-04-05 14:43:35] [PROXY_REQ] GET marketing-entzauberer/api/events q=
[2026-04-05 14:43:46] [PROXY_REQ] GET marketing-entzauberer/api/events q=
[2026-04-05 14:43:57] [PROXY_REQ] GET marketing-entzauberer/api/events q=
[2026-04-05 14:44:08] [PROXY_REQ] GET marketing-entzauberer/api/events q=
[2026-04-05 14:44:19] [PROXY_REQ] GET marketing-entzauberer/api/events q=
[2026-04-05 14:44:30] [PROXY_REQ] GET marketing-entzauberer/api/events q=
[2026-04-05 14:44:41] [PROXY_REQ] GET marketing-entzauberer/api/events q=
[2026-04-05 14:44:52] [PROXY_REQ] GET marketing-entzauberer/api/events q=
[2026-04-05 14:45:03] [PROXY_REQ] GET marketing-entzauberer/api/events q=
[2026-04-05 14:45:14] [PROXY_REQ] GET marketing-entzauberer/api/events q=
[2026-04-05 14:45:25] [PROXY_REQ] GET marketing-entzauberer/api/events q=
[2026-04-05 14:45:36] [PROXY_REQ] GET marketing-entzauberer/api/events q=
[2026-04-05 14:45:47] [PROXY_REQ] GET marketing-entzauberer/api/events q=
[2026-04-05 14:45:58] [PROXY_REQ] GET marketing-entzauberer/api/events q=
[2026-04-05 14:46:09] [PROXY_REQ] GET marketing-entzauberer/api/events q=
[2026-04-05 14:46:20] [PROXY_REQ] GET marketing-entzauberer/api/events q=
[2026-04-05 14:46:31] [PROXY_REQ] GET marketing-entzauberer/api/events q=
[2026-04-05 14:46:42] [PROXY_REQ] GET marketing-entzauberer/api/events q=
[2026-04-05 14:46:53] [PROXY_REQ] GET marketing-entzauberer/api/events q=
[2026-04-05 14:47:04] [PROXY_REQ] GET marketing-entzauberer/api/events q=
[2026-04-05 14:47:15] [PROXY_REQ] GET marketing-entzauberer/api/events q=
[2026-04-05 14:47:26] [PROXY_REQ] GET marketing-entzauberer/api/events q=
[2026-04-05 14:47:37] [PROXY_REQ] GET marketing-entzauberer/api/events q=
[2026-04-05 14:47:48] [PROXY_REQ] GET marketing-entzauberer/api/events q=
[2026-04-05 14:47:59] [PROXY_REQ] GET marketing-entzauberer/api/events q=
[2026-04-05 14:48:10] [PROXY_REQ] GET marketing-entzauberer/api/events q=
[2026-04-05 14:48:21] [PROXY_REQ] GET marketing-entzauberer/api/events q=
[2026-04-05 14:48:32] [PROXY_REQ] GET marketing-entzauberer/api/events q=
[2026-04-05 14:48:43] [PROXY_REQ] GET marketing-entzauberer/api/events q=
[2026-04-05 14:48:54] [PROXY_REQ] GET marketing-entzauberer/api/events q=
[2026-04-05 14:49:05] [PROXY_REQ] GET marketing-entzauberer/api/events q=
[2026-04-05 14:49:16] [PROXY_REQ] GET marketing-entzauberer/api/events q=
[2026-04-05 14:49:27] [PROXY_REQ] GET marketing-entzauberer/api/events q=
[2026-04-05 14:49:38] [PROXY_REQ] GET marketing-entzauberer/api/events q=
[2026-04-05 14:49:50] [PROXY_REQ] GET marketing-entzauberer/api/events q=
[2026-04-05 14:50:01] [PROXY_REQ] GET marketing-entzauberer/api/events q=
[2026-04-05 14:50:12] [PROXY_REQ] GET marketing-entzauberer/api/events q=
[2026-04-05 14:50:23] [PROXY_REQ] GET marketing-entzauberer/api/events q=
[2026-04-05 14:50:34] [PROXY_REQ] GET marketing-entzauberer/api/events q=
[2026-04-05 14:50:45] [PROXY_REQ] GET marketing-entzauberer/api/events q=
[2026-04-05 14:50:56] [PROXY_REQ] GET marketing-entzauberer/api/events q=
[2026-04-05 14:51:07] [PROXY_REQ] GET marketing-entzauberer/api/events q=
[2026-04-05 14:51:18] [PROXY_REQ] GET marketing-entzauberer/api/events q=
[2026-04-05 14:51:30] [PROXY_REQ] GET marketing-entzauberer/api/events q=
[2026-04-05 14:51:41] [PROXY_REQ] GET marketing-entzauberer/api/events q=
[2026-04-05 14:51:52] [PROXY_REQ] GET marketing-entzauberer/api/events q=
[2026-04-05 14:52:03] [PROXY_REQ] GET marketing-entzauberer/api/events q=
[2026-04-05 14:52:15] [PROXY_REQ] GET marketing-entzauberer/api/events q=
[2026-04-05 14:52:26] [PROXY_REQ] GET marketing-entzauberer/api/events q=
[2026-04-05 14:52:37] [PROXY_REQ] GET marketing-entzauberer/api/events q=
[2026-04-05 14:52:48] [PROXY_REQ] GET marketing-entzauberer/api/events q=
[2026-04-05 14:53:00] [PROXY_REQ] GET marketing-entzauberer/api/events q=
[2026-04-05 14:53:13] [PROXY_REQ] GET marketing-entzauberer/api/events q=
[2026-04-05 14:53:25] [PROXY_REQ] GET marketing-entzauberer/api/events q=
[2026-04-05 14:53:36] [PROXY_REQ] GET marketing-entzauberer/api/events q=
[2026-04-05 14:53:47] [PROXY_REQ] GET marketing-entzauberer/api/events q=
[2026-04-05 14:53:58] [PROXY_REQ] GET marketing-entzauberer/api/events q=
[2026-04-05 14:54:09] [PROXY_REQ] GET marketing-entzauberer/api/events q=
[2026-04-05 14:54:21] [PROXY_REQ] GET marketing-entzauberer/api/events q=
[2026-04-05 14:54:32] [PROXY_REQ] GET marketing-entzauberer/api/events q=
[2026-04-05 14:54:43] [PROXY_REQ] GET marketing-entzauberer/api/events q=
[2026-04-05 14:54:54] [PROXY_REQ] GET marketing-entzauberer/api/events q=
[2026-04-05 14:55:05] [PROXY_REQ] GET marketing-entzauberer/api/events q=
[2026-04-05 14:55:16] [PROXY_REQ] GET marketing-entzauberer/api/events q=
[2026-04-05 14:55:27] [PROXY_REQ] GET marketing-entzauberer/api/events q=
[2026-04-05 14:55:38] [PROXY_REQ] GET marketing-entzauberer/api/events q=
[2026-04-05 14:55:49] [PROXY_REQ] GET marketing-entzauberer/api/events q=
[2026-04-05 14:56:00] [PROXY_REQ] GET marketing-entzauberer/api/events q=
[2026-04-05 14:56:11] [PROXY_REQ] GET marketing-entzauberer/api/events q=
[2026-04-05 14:56:22] [PROXY_REQ] GET marketing-entzauberer/api/events q=
[2026-04-05 14:56:33] [PROXY_REQ] GET marketing-entzauberer/api/events q=
[2026-04-05 14:56:44] [PROXY_REQ] GET marketing-entzauberer/api/events q=
[2026-04-05 14:56:55] [PROXY_REQ] GET marketing-entzauberer/api/events q=
[2026-04-05 14:57:06] [PROXY_REQ] GET marketing-entzauberer/api/events q=
[2026-04-05 14:57:17] [PROXY_REQ] GET marketing-entzauberer/api/events q=
[2026-04-05 14:57:28] [PROXY_REQ] GET marketing-entzauberer/api/events q=
[2026-04-05 14:57:39] [PROXY_REQ] GET marketing-entzauberer/api/events q=
[2026-04-05 14:57:50] [PROXY_REQ] GET marketing-entzauberer/api/events q=
[2026-04-05 14:58:01] [PROXY_REQ] GET marketing-entzauberer/api/events q=
[2026-04-05 14:58:12] [PROXY_REQ] GET marketing-entzauberer/api/events q=
[2026-04-05 14:58:23] [PROXY_REQ] GET marketing-entzauberer/api/events q=
[2026-04-05 14:58:34] [PROXY_REQ] GET marketing-entzauberer/api/events q=
[2026-04-05 14:58:45] [PROXY_REQ] GET marketing-entzauberer/api/events q=
[2026-04-05 14:58:56] [PROXY_REQ] GET marketing-entzauberer/api/events q=
[2026-04-05 14:59:07] [PROXY_REQ] GET marketing-entzauberer/api/events q=
[2026-04-05 14:59:18] [PROXY_REQ] GET marketing-entzauberer/api/events q=
[2026-04-05 14:59:29] [PROXY_REQ] GET marketing-entzauberer/api/events q=
[2026-04-05 14:59:40] [PROXY_REQ] GET marketing-entzauberer/api/events q=
[2026-04-05 14:59:51] [PROXY_REQ] GET marketing-entzauberer/api/events q=
[2026-04-05 15:00:02] [PROXY_REQ] GET marketing-entzauberer/api/events q=
[2026-04-05 15:00:13] [PROXY_REQ] GET marketing-entzauberer/api/events q=
[2026-04-05 15:00:24] [PROXY_REQ] GET marketing-entzauberer/api/events q=
[2026-04-05 15:00:35] [PROXY_REQ] GET marketing-entzauberer/api/events q=
[2026-04-05 15:00:46] [PROXY_REQ] GET marketing-entzauberer/api/events q=
[2026-04-05 15:00:57] [PROXY_REQ] GET marketing-entzauberer/api/events q=
[2026-04-05 15:01:08] [PROXY_REQ] GET marketing-entzauberer/api/events q=
[2026-04-05 15:01:19] [PROXY_REQ] GET marketing-entzauberer/api/events q=
[2026-04-05 15:01:30] [PROXY_REQ] GET marketing-entzauberer/api/events q=
[2026-04-05 15:01:41] [PROXY_REQ] GET marketing-entzauberer/api/events q=
[2026-04-05 15:01:52] [PROXY_REQ] GET marketing-entzauberer/api/events q=
[2026-04-05 15:02:03] [PROXY_REQ] GET marketing-entzauberer/api/events q=
[2026-04-05 15:02:14] [PROXY_REQ] GET marketing-entzauberer/api/events q=
[2026-04-05 15:02:25] [PROXY_REQ] GET marketing-entzauberer/api/events q=
[2026-04-05 15:02:36] [PROXY_REQ] GET marketing-entzauberer/api/events q=
[2026-04-05 15:02:47] [PROXY_REQ] GET marketing-entzauberer/api/events q=
[2026-04-05 15:02:58] [PROXY_REQ] GET marketing-entzauberer/api/events q=
[2026-04-05 15:03:09] [PROXY_REQ] GET marketing-entzauberer/api/events q=
[2026-04-05 15:03:20] [PROXY_REQ] GET marketing-entzauberer/api/events q=
[2026-04-05 15:03:31] [PROXY_REQ] GET marketing-entzauberer/api/events q=
[2026-04-05 15:03:42] [PROXY_REQ] GET marketing-entzauberer/api/events q=
[2026-04-05 15:03:53] [PROXY_REQ] GET marketing-entzauberer/api/events q=
[2026-04-05 15:04:04] [PROXY_REQ] GET marketing-entzauberer/api/events q=
[2026-04-05 15:04:15] [PROXY_REQ] GET marketing-entzauberer/api/events q=
[2026-04-05 15:04:26] [PROXY_REQ] GET marketing-entzauberer/api/events q=
[2026-04-05 15:04:37] [PROXY_REQ] GET marketing-entzauberer/api/events q=
[2026-04-05 15:04:48] [PROXY_REQ] GET marketing-entzauberer/api/events q=
[2026-04-05 15:04:55] [PROXY_REQ] GET index.html q=
[2026-04-05 15:04:56] [PROXY_REQ] GET style.css q=
[2026-04-05 15:04:56] [PROXY_REQ] GET script.js q=
[2026-04-05 15:04:58] [PROXY_REQ] GET sw.js q=
[2026-04-05 15:04:59] [PROXY_REQ] GET marketing-entzauberer/api/events q=
[2026-04-05 15:05:14] [PROXY_REQ] GET marketing-entzauberer/api/events q=
[2026-04-05 15:05:26] [PROXY_REQ] GET marketing-entzauberer/api/events q=
[2026-04-05 15:05:37] [PROXY_REQ] GET marketing-entzauberer/api/events q=
[2026-04-05 15:05:48] [PROXY_REQ] GET marketing-entzauberer/api/events q=
[2026-04-05 15:06:00] [PROXY_REQ] GET marketing-entzauberer/api/events q=
[2026-04-05 15:06:13] [PROXY_REQ] GET marketing-entzauberer/api/events q=
[2026-04-05 15:06:25] [PROXY_REQ] GET marketing-entzauberer/api/events q=
[2026-04-05 15:06:39] [PROXY_REQ] GET marketing-entzauberer/api/events q=
[2026-04-05 15:06:52] [PROXY_REQ] GET marketing-entzauberer/api/events q=
[2026-04-05 15:07:06] [PROXY_REQ] GET marketing-entzauberer/api/events q=
[2026-04-05 15:07:26] [PROXY_REQ] GET marketing-entzauberer/api/events q=
[2026-04-05 15:07:44] [PROXY_REQ] GET marketing-entzauberer/api/events q=
[2026-04-05 15:08:09] [PROXY_REQ] GET marketing-entzauberer/api/events q=
[2026-04-05 15:08:32] [PROXY_REQ] GET marketing-entzauberer/api/events q=
[2026-04-05 15:08:51] [PROXY_REQ] GET marketing-entzauberer/api/events q=
[2026-04-05 15:09:48] [PROXY_REQ] GET marketing-entzauberer/api/events q=
[2026-04-05 15:11:00] [PROXY_REQ] GET marketing-entzauberer/api/events q=
[2026-04-05 15:12:03] [PROXY_REQ] GET marketing-entzauberer/api/events q=
[2026-04-05 15:12:32] [PROXY_REQ] GET marketing-entzauberer/api/events q=
[2026-04-05 15:13:03] [PROXY_REQ] GET marketing-entzauberer/api/events q=
[2026-04-05 15:14:13] [PROXY_REQ] GET marketing-entzauberer/api/events q=
[2026-04-05 15:16:04] [PROXY_REQ] GET marketing-entzauberer/api/events q=
[2026-04-05 15:17:15] [PROXY_REQ] GET marketing-entzauberer/api/events q=
[2026-04-05 15:17:17] [SECURITY] BLOCKED 100.100.125.64 -> /api/analytics: Burst limit exceeded (31/30 in 5s)
[2026-04-05 15:17:17] [SECURITY] BLOCKED 100.100.125.64 -> /api/analytics: Burst limit exceeded (32/30 in 5s)
[2026-04-05 15:17:21] [SECURITY] BLOCKED 100.100.125.64 -> /api/status: BLOCKED: Burst flood detected (IP hash: 8b77721d...)
[2026-04-05 15:17:22] [SECURITY] BLOCKED 100.100.125.64 -> /api/analytics: IP temporarily banned (599s remaining)
[2026-04-05 15:17:28] [SECURITY] BLOCKED 100.100.125.64 -> /api/analytics: IP temporarily banned (594s remaining)
[2026-04-05 15:17:29] [SECURITY] BLOCKED 100.100.125.64 -> /api/status: IP temporarily banned (592s remaining)
[2026-04-05 15:17:36] [SECURITY] BLOCKED 100.100.125.64 -> /api/status: IP temporarily banned (586s remaining)
[2026-04-05 15:17:45] [SECURITY] BLOCKED 100.100.125.64 -> /api/status: IP temporarily banned (577s remaining)
[2026-04-05 15:17:50] [SECURITY] BLOCKED 100.100.125.64 -> /api/analytics: IP temporarily banned (571s remaining)
[2026-04-05 15:17:51] [SECURITY] BLOCKED 100.100.125.64 -> /api/status: IP temporarily banned (569s remaining)
[2026-04-05 15:17:52] [SECURITY] BLOCKED 100.100.125.64 -> /marketing-entzauberer/api/events: IP temporarily banned (568s remaining)
[2026-04-05 15:17:52] [SECURITY] BLOCKED 100.100.125.64 -> /api/status: IP temporarily banned (568s remaining)
[2026-04-05 15:17:52] [SECURITY] BLOCKED 100.100.125.64 -> /api/analytics: IP temporarily banned (568s remaining)
[2026-04-05 15:17:52] [SECURITY] BLOCKED 100.100.125.64 -> /api/status: IP temporarily banned (568s remaining)
[2026-04-05 15:17:52] [SECURITY] BLOCKED 100.100.125.64 -> /api/status: IP temporarily banned (568s remaining)
[2026-04-05 15:17:52] [SECURITY] BLOCKED 100.100.125.64 -> /api/analytics: IP temporarily banned (568s remaining)
[2026-04-05 15:17:52] [SECURITY] BLOCKED 100.100.125.64 -> /api/status: IP temporarily banned (568s remaining)
[2026-04-05 15:17:52] [SECURITY] BLOCKED 100.100.125.64 -> /api/status: IP temporarily banned (568s remaining)
[2026-04-05 15:17:52] [SECURITY] BLOCKED 100.100.125.64 -> /api/status: IP temporarily banned (568s remaining)
[2026-04-05 15:17:52] [SECURITY] BLOCKED 100.100.125.64 -> /api/status: IP temporarily banned (568s remaining)
[2026-04-05 15:17:52] [SECURITY] BLOCKED 100.100.125.64 -> /api/analytics: IP temporarily banned (568s remaining)
[2026-04-05 15:17:52] [SECURITY] BLOCKED 100.100.125.64 -> /api/analytics: IP temporarily banned (568s remaining)
[2026-04-05 15:17:52] [SECURITY] BLOCKED 100.100.125.64 -> /api/status: IP temporarily banned (568s remaining)
[2026-04-05 15:17:52] [SECURITY] BLOCKED 100.100.125.64 -> /api/status: IP temporarily banned (568s remaining)
[2026-04-05 15:17:52] [SECURITY] BLOCKED 100.100.125.64 -> /api/analytics: IP temporarily banned (568s remaining)
[2026-04-05 15:17:52] [SECURITY] BLOCKED 100.100.125.64 -> /api/status: IP temporarily banned (568s remaining)
[2026-04-05 15:17:52] [SECURITY] BLOCKED 100.100.125.64 -> /api/analytics: IP temporarily banned (568s remaining)
[2026-04-05 15:17:52] [SECURITY] BLOCKED 100.100.125.64 -> /api/status: IP temporarily banned (568s remaining)
[2026-04-05 15:17:52] [SECURITY] BLOCKED 100.100.125.64 -> /api/status: IP temporarily banned (568s remaining)
[2026-04-05 15:17:52] [SECURITY] BLOCKED 100.100.125.64 -> /api/analytics: IP temporarily banned (568s remaining)
[2026-04-05 15:17:52] [SECURITY] BLOCKED 100.100.125.64 -> /api/status: IP temporarily banned (568s remaining)
[2026-04-05 15:17:52] [SECURITY] BLOCKED 100.100.125.64 -> /api/analytics: IP temporarily banned (568s remaining)
[2026-04-05 15:17:52] [SECURITY] BLOCKED 100.100.125.64 -> /api/status: IP temporarily banned (568s remaining)
[2026-04-05 15:17:52] [SECURITY] BLOCKED 100.100.125.64 -> /api/analytics: IP temporarily banned (568s remaining)
[2026-04-05 15:17:52] [SECURITY] BLOCKED 100.100.125.64 -> /api/status: IP temporarily banned (568s remaining)
[2026-04-05 15:17:52] [SECURITY] BLOCKED 100.100.125.64 -> /api/analytics: IP temporarily banned (568s remaining)
[2026-04-05 15:17:52] [SECURITY] BLOCKED 100.100.125.64 -> /api/status: IP temporarily banned (568s remaining)
[2026-04-05 15:17:52] [SECURITY] BLOCKED 100.100.125.64 -> /api/analytics: IP temporarily banned (568s remaining)
[2026-04-05 15:17:52] [SECURITY] BLOCKED 100.100.125.64 -> /api/status: IP temporarily banned (568s remaining)
[2026-04-05 15:17:55] [SECURITY] BLOCKED 100.100.125.64 -> /api/status: IP temporarily banned (566s remaining)
[2026-04-05 15:17:56] [SECURITY] BLOCKED 100.100.125.64 -> /api/analytics: IP temporarily banned (565s remaining)
[2026-04-05 15:18:00] [SECURITY] BLOCKED 100.100.125.64 -> /api/status: IP temporarily banned (560s remaining)
[2026-04-05 15:18:01] [SECURITY] BLOCKED 100.100.125.64 -> /api/analytics: IP temporarily banned (560s remaining)
[2026-04-05 15:18:01] [SECURITY] BLOCKED 100.100.125.64 -> /api/analytics: IP temporarily banned (559s remaining)
[2026-04-05 15:18:02] [SECURITY] BLOCKED 100.100.125.64 -> /api/status: IP temporarily banned (559s remaining)
[2026-04-05 15:18:02] [SECURITY] BLOCKED 100.100.125.64 -> /api/analytics: IP temporarily banned (559s remaining)
[2026-04-05 15:18:02] [SECURITY] BLOCKED 100.100.125.64 -> /api/status: IP temporarily banned (559s remaining)
[2026-04-05 15:18:02] [SECURITY] BLOCKED 100.100.125.64 -> /api/analytics: IP temporarily banned (559s remaining)
[2026-04-05 15:18:02] [SECURITY] BLOCKED 100.100.125.64 -> /api/status: IP temporarily banned (559s remaining)
[2026-04-05 15:18:02] [SECURITY] BLOCKED 100.100.125.64 -> /api/analytics: IP temporarily banned (559s remaining)
[2026-04-05 15:18:02] [SECURITY] BLOCKED 100.100.125.64 -> /api/status: IP temporarily banned (559s remaining)
[2026-04-05 15:18:03] [SECURITY] BLOCKED 100.100.125.64 -> /marketing-entzauberer/api/events: IP temporarily banned (557s remaining)
[2026-04-05 15:18:06] [SECURITY] BLOCKED 100.100.125.64 -> /api/status: IP temporarily banned (554s remaining)
[2026-04-05 15:18:08] [SECURITY] BLOCKED 100.100.125.64 -> /api/analytics: IP temporarily banned (552s remaining)
[2026-04-05 15:18:10] [SECURITY] BLOCKED 100.100.125.64 -> /api/status: IP temporarily banned (552s remaining)
[2026-04-05 15:18:11] [SECURITY] BLOCKED 100.100.125.64 -> /api/analytics: IP temporarily banned (550s remaining)
[2026-04-05 15:18:11] [SECURITY] BLOCKED 100.100.125.64 -> /api/status: IP temporarily banned (549s remaining)
[2026-04-05 15:18:11] [SECURITY] BLOCKED 100.100.125.64 -> /api/analytics: IP temporarily banned (549s remaining)
[2026-04-05 15:18:11] [SECURITY] BLOCKED 100.100.125.64 -> /api/status: IP temporarily banned (549s remaining)
[2026-04-05 15:18:11] [SECURITY] BLOCKED 100.100.125.64 -> /api/analytics: IP temporarily banned (549s remaining)
[2026-04-05 15:18:14] [SECURITY] BLOCKED 100.100.125.64 -> /marketing-entzauberer/api/events: IP temporarily banned (547s remaining)
[2026-04-05 15:18:18] [SECURITY] BLOCKED 100.100.125.64 -> /api/status: IP temporarily banned (543s remaining)
[2026-04-05 15:18:18] [SECURITY] BLOCKED 100.100.125.64 -> /api/analytics: IP temporarily banned (542s remaining)
[2026-04-05 15:18:19] [SECURITY] BLOCKED 100.100.125.64 -> /api/status: IP temporarily banned (541s remaining)
[2026-04-05 15:18:19] [SECURITY] BLOCKED 100.100.125.64 -> /api/analytics: IP temporarily banned (541s remaining)
[2026-04-05 15:18:22] [SECURITY] BLOCKED 100.100.125.64 -> /api/analytics: IP temporarily banned (538s remaining)
[2026-04-05 15:18:23] [SECURITY] BLOCKED 100.100.125.64 -> /api/status: IP temporarily banned (537s remaining)
[2026-04-05 15:18:25] [SECURITY] BLOCKED 100.100.125.64 -> /api/analytics: IP temporarily banned (536s remaining)
[2026-04-05 15:18:25] [SECURITY] BLOCKED 100.100.125.64 -> /api/status: IP temporarily banned (535s remaining)
[2026-04-05 15:18:28] [SECURITY] BLOCKED 100.100.125.64 -> /marketing-entzauberer/api/events: IP temporarily banned (532s remaining)
[2026-04-05 15:18:28] [SECURITY] BLOCKED 100.100.125.64 -> /api/analytics: IP temporarily banned (532s remaining)
[2026-04-05 15:18:28] [SECURITY] BLOCKED 100.100.125.64 -> /api/status: IP temporarily banned (532s remaining)
[2026-04-05 15:18:28] [SECURITY] BLOCKED 100.100.125.64 -> /api/analytics: IP temporarily banned (532s remaining)
[2026-04-05 15:18:28] [SECURITY] BLOCKED 100.100.125.64 -> /api/status: IP temporarily banned (532s remaining)
[2026-04-05 15:18:32] [SECURITY] BLOCKED 100.100.125.64 -> /api/status: IP temporarily banned (529s remaining)
[2026-04-05 15:18:32] [SECURITY] BLOCKED 100.100.125.64 -> /api/analytics: IP temporarily banned (528s remaining)
[2026-04-05 15:18:35] [SECURITY] BLOCKED 100.100.125.64 -> /api/status: IP temporarily banned (525s remaining)
[2026-04-05 15:18:36] [SECURITY] BLOCKED 100.100.125.64 -> /api/analytics: IP temporarily banned (525s remaining)
[2026-04-05 15:18:37] [SECURITY] BLOCKED 100.100.125.64 -> /api/status: IP temporarily banned (523s remaining)
[2026-04-05 15:18:38] [SECURITY] BLOCKED 100.100.125.64 -> /api/analytics: IP temporarily banned (523s remaining)
[2026-04-05 15:18:38] [SECURITY] BLOCKED 100.100.125.64 -> /api/status: IP temporarily banned (522s remaining)
[2026-04-05 15:18:38] [SECURITY] BLOCKED 100.100.125.64 -> /api/analytics: IP temporarily banned (522s remaining)
[2026-04-05 15:18:39] [SECURITY] BLOCKED 100.100.125.64 -> /marketing-entzauberer/api/events: IP temporarily banned (522s remaining)
[2026-04-05 15:18:42] [SECURITY] BLOCKED 100.100.125.64 -> /api/status: IP temporarily banned (519s remaining)
[2026-04-05 15:18:42] [SECURITY] BLOCKED 100.100.125.64 -> /api/analytics: IP temporarily banned (518s remaining)
[2026-04-05 15:18:44] [SECURITY] BLOCKED 100.100.125.64 -> /api/status: IP temporarily banned (517s remaining)
[2026-04-05 15:18:45] [SECURITY] BLOCKED 100.100.125.64 -> /api/analytics: IP temporarily banned (516s remaining)
[2026-04-05 15:18:47] [SECURITY] BLOCKED 100.100.125.64 -> /api/status: IP temporarily banned (514s remaining)
[2026-04-05 15:18:47] [SECURITY] BLOCKED 100.100.125.64 -> /api/analytics: IP temporarily banned (513s remaining)
[2026-04-05 15:18:47] [SECURITY] BLOCKED 100.100.125.64 -> /api/status: IP temporarily banned (513s remaining)
[2026-04-05 15:18:47] [SECURITY] BLOCKED 100.100.125.64 -> /api/analytics: IP temporarily banned (513s remaining)
[2026-04-05 15:18:50] [SECURITY] BLOCKED 100.100.125.64 -> /marketing-entzauberer/api/events: IP temporarily banned (510s remaining)
[2026-04-05 15:18:51] [SECURITY] BLOCKED 100.100.125.64 -> /api/status: IP temporarily banned (509s remaining)
[2026-04-05 15:18:52] [SECURITY] BLOCKED 100.100.125.64 -> /api/analytics: IP temporarily banned (508s remaining)
[2026-04-05 15:18:53] [SECURITY] BLOCKED 100.100.125.64 -> /api/status: IP temporarily banned (508s remaining)
[2026-04-05 15:18:54] [SECURITY] BLOCKED 100.100.125.64 -> /api/analytics: IP temporarily banned (506s remaining)
[2026-04-05 15:18:55] [SECURITY] BLOCKED 100.100.125.64 -> /api/status: IP temporarily banned (506s remaining)
[2026-04-05 15:18:56] [SECURITY] BLOCKED 100.100.125.64 -> /api/analytics: IP temporarily banned (504s remaining)
[2026-04-05 15:18:57] [SECURITY] BLOCKED 100.100.125.64 -> /api/status: IP temporarily banned (504s remaining)
[2026-04-05 15:18:57] [SECURITY] BLOCKED 100.100.125.64 -> /api/status: IP temporarily banned (504s remaining)
[2026-04-05 15:18:57] [SECURITY] BLOCKED 100.100.125.64 -> /api/analytics: IP temporarily banned (503s remaining)
[2026-04-05 15:18:57] [SECURITY] BLOCKED 100.100.125.64 -> /api/analytics: IP temporarily banned (503s remaining)
[2026-04-05 15:18:57] [SECURITY] BLOCKED 100.100.125.64 -> /api/status: IP temporarily banned (503s remaining)
[2026-04-05 15:18:57] [SECURITY] BLOCKED 100.100.125.64 -> /api/analytics: IP temporarily banned (503s remaining)
[2026-04-05 15:19:02] [SECURITY] BLOCKED 100.100.125.64 -> /api/status: IP temporarily banned (498s remaining)
[2026-04-05 15:19:03] [SECURITY] BLOCKED 100.100.125.64 -> /api/analytics: IP temporarily banned (497s remaining)
[2026-04-05 15:19:05] [SECURITY] BLOCKED 100.100.125.64 -> /marketing-entzauberer/api/events: IP temporarily banned (496s remaining)
[2026-04-05 15:19:06] [SECURITY] BLOCKED 100.100.125.64 -> /api/status: IP temporarily banned (494s remaining)
[2026-04-05 15:19:06] [SECURITY] BLOCKED 100.100.125.64 -> /api/analytics: IP temporarily banned (494s remaining)
[2026-04-05 15:19:06] [SECURITY] BLOCKED 100.100.125.64 -> /api/analytics: IP temporarily banned (494s remaining)
[2026-04-05 15:19:06] [SECURITY] BLOCKED 100.100.125.64 -> /api/status: IP temporarily banned (494s remaining)
[2026-04-05 15:19:06] [SECURITY] BLOCKED 100.100.125.64 -> /api/analytics: IP temporarily banned (494s remaining)
[2026-04-05 15:19:06] [SECURITY] BLOCKED 100.100.125.64 -> /api/status: IP temporarily banned (494s remaining)
[2026-04-05 15:19:12] [SECURITY] BLOCKED 100.100.125.64 -> /api/analytics: IP temporarily banned (489s remaining)
[2026-04-05 15:19:12] [SECURITY] BLOCKED 100.100.125.64 -> /api/status: IP temporarily banned (488s remaining)
[2026-04-05 15:19:14] [SECURITY] BLOCKED 100.100.125.64 -> /api/analytics: IP temporarily banned (486s remaining)
[2026-04-05 15:19:14] [SECURITY] BLOCKED 100.100.125.64 -> /api/status: IP temporarily banned (486s remaining)
[2026-04-05 15:19:16] [SECURITY] BLOCKED 100.100.125.64 -> /api/status: IP temporarily banned (485s remaining)
[2026-04-05 15:19:16] [SECURITY] BLOCKED 100.100.125.64 -> /api/analytics: IP temporarily banned (485s remaining)
[2026-04-05 15:19:16] [SECURITY] BLOCKED 100.100.125.64 -> /api/analytics: IP temporarily banned (484s remaining)
[2026-04-05 15:19:16] [SECURITY] BLOCKED 100.100.125.64 -> /api/status: IP temporarily banned (484s remaining)
[2026-04-05 15:19:17] [SECURITY] BLOCKED 100.100.125.64 -> /marketing-entzauberer/api/events: IP temporarily banned (483s remaining)
[2026-04-05 15:19:22] [SECURITY] BLOCKED 100.100.125.64 -> /api/status: IP temporarily banned (479s remaining)
[2026-04-05 15:19:23] [SECURITY] BLOCKED 100.100.125.64 -> /api/analytics: IP temporarily banned (478s remaining)
[2026-04-05 15:19:24] [SECURITY] BLOCKED 100.100.125.64 -> /api/status: IP temporarily banned (476s remaining)
[2026-04-05 15:19:25] [SECURITY] BLOCKED 100.100.125.64 -> /api/analytics: IP temporarily banned (476s remaining)
[2026-04-05 15:19:26] [SECURITY] BLOCKED 100.100.125.64 -> /api/status: IP temporarily banned (474s remaining)
[2026-04-05 15:19:28] [SECURITY] BLOCKED 100.100.125.64 -> /api/analytics: IP temporarily banned (473s remaining)
[2026-04-05 15:19:29] [SECURITY] BLOCKED 100.100.125.64 -> /api/status: IP temporarily banned (471s remaining)
[2026-04-05 15:19:29] [SECURITY] BLOCKED 100.100.125.64 -> /api/analytics: IP temporarily banned (471s remaining)
[2026-04-05 15:19:30] [SECURITY] BLOCKED 100.100.125.64 -> /marketing-entzauberer/api/events: IP temporarily banned (470s remaining)
[2026-04-05 15:19:31] [SECURITY] BLOCKED 100.100.125.64 -> /api/analytics: IP temporarily banned (470s remaining)
[2026-04-05 15:19:31] [SECURITY] BLOCKED 100.100.125.64 -> /api/status: IP temporarily banned (469s remaining)
[2026-04-05 15:19:32] [SECURITY] BLOCKED 100.100.125.64 -> /api/analytics: IP temporarily banned (468s remaining)
[2026-04-05 15:19:33] [SECURITY] BLOCKED 100.100.125.64 -> /api/status: IP temporarily banned (468s remaining)
[2026-04-05 15:19:36] [SECURITY] BLOCKED 100.100.125.64 -> /api/analytics: IP temporarily banned (465s remaining)
[2026-04-05 15:19:36] [SECURITY] BLOCKED 100.100.125.64 -> /api/status: IP temporarily banned (464s remaining)
[2026-04-05 15:19:36] [SECURITY] BLOCKED 100.100.125.64 -> /api/status: IP temporarily banned (464s remaining)
[2026-04-05 15:19:36] [SECURITY] BLOCKED 100.100.125.64 -> /api/analytics: IP temporarily banned (464s remaining)
[2026-04-05 15:19:41] [SECURITY] BLOCKED 100.100.125.64 -> /marketing-entzauberer/api/events: IP temporarily banned (460s remaining)
[2026-04-05 15:19:41] [SECURITY] BLOCKED 100.100.125.64 -> /api/status: IP temporarily banned (459s remaining)
[2026-04-05 15:19:41] [SECURITY] BLOCKED 100.100.125.64 -> /api/analytics: IP temporarily banned (459s remaining)
[2026-04-05 15:19:41] [SECURITY] BLOCKED 100.100.125.64 -> /api/analytics: IP temporarily banned (459s remaining)
[2026-04-05 15:19:41] [SECURITY] BLOCKED 100.100.125.64 -> /api/status: IP temporarily banned (459s remaining)
[2026-04-05 15:19:46] [SECURITY] BLOCKED 100.100.125.64 -> /api/status: IP temporarily banned (455s remaining)
[2026-04-05 15:19:46] [SECURITY] BLOCKED 100.100.125.64 -> /api/analytics: IP temporarily banned (455s remaining)
[2026-04-05 15:19:46] [SECURITY] BLOCKED 100.100.125.64 -> /api/status: IP temporarily banned (454s remaining)
[2026-04-05 15:19:46] [SECURITY] BLOCKED 100.100.125.64 -> /api/analytics: IP temporarily banned (454s remaining)
[2026-04-05 15:19:51] [SECURITY] BLOCKED 100.100.125.64 -> /api/status: IP temporarily banned (450s remaining)
[2026-04-05 15:19:51] [SECURITY] BLOCKED 100.100.125.64 -> /api/analytics: IP temporarily banned (450s remaining)
[2026-04-05 15:19:51] [SECURITY] BLOCKED 100.100.125.64 -> /api/status: IP temporarily banned (449s remaining)
[2026-04-05 15:19:51] [SECURITY] BLOCKED 100.100.125.64 -> /api/analytics: IP temporarily banned (449s remaining)
[2026-04-05 15:19:52] [SECURITY] BLOCKED 100.100.125.64 -> /marketing-entzauberer/api/events: IP temporarily banned (449s remaining)
[2026-04-05 15:19:54] [SECURITY] BLOCKED 100.100.125.64 -> /api/status: IP temporarily banned (447s remaining)
[2026-04-05 15:19:54] [SECURITY] BLOCKED 100.100.125.64 -> /api/analytics: IP temporarily banned (446s remaining)
[2026-04-05 15:19:54] [SECURITY] BLOCKED 100.100.125.64 -> /api/status: IP temporarily banned (446s remaining)
[2026-04-05 15:19:54] [SECURITY] BLOCKED 100.100.125.64 -> /api/analytics: IP temporarily banned (446s remaining)
[2026-04-05 15:19:56] [SECURITY] BLOCKED 100.100.125.64 -> /api/status: IP temporarily banned (445s remaining)
[2026-04-05 15:19:56] [SECURITY] BLOCKED 100.100.125.64 -> /api/analytics: IP temporarily banned (445s remaining)
[2026-04-05 15:19:56] [SECURITY] BLOCKED 100.100.125.64 -> /api/status: IP temporarily banned (444s remaining)
[2026-04-05 15:19:56] [SECURITY] BLOCKED 100.100.125.64 -> /api/analytics: IP temporarily banned (444s remaining)
[2026-04-05 15:20:01] [SECURITY] BLOCKED 100.100.125.64 -> /api/status: IP temporarily banned (440s remaining)
[2026-04-05 15:20:01] [SECURITY] BLOCKED 100.100.125.64 -> /api/analytics: IP temporarily banned (440s remaining)
[2026-04-05 15:20:01] [SECURITY] BLOCKED 100.100.125.64 -> /api/analytics: IP temporarily banned (439s remaining)
[2026-04-05 15:20:01] [SECURITY] BLOCKED 100.100.125.64 -> /api/status: IP temporarily banned (439s remaining)
[2026-04-05 15:20:03] [SECURITY] BLOCKED 100.100.125.64 -> /marketing-entzauberer/api/events: IP temporarily banned (438s remaining)
[2026-04-05 15:20:06] [SECURITY] BLOCKED 100.100.125.64 -> /api/status: IP temporarily banned (435s remaining)
[2026-04-05 15:20:06] [SECURITY] BLOCKED 100.100.125.64 -> /api/analytics: IP temporarily banned (435s remaining)
[2026-04-05 15:20:06] [SECURITY] BLOCKED 100.100.125.64 -> /api/status: IP temporarily banned (434s remaining)
[2026-04-05 15:20:06] [SECURITY] BLOCKED 100.100.125.64 -> /api/analytics: IP temporarily banned (434s remaining)
[2026-04-05 15:20:11] [SECURITY] BLOCKED 100.100.125.64 -> /api/status: IP temporarily banned (430s remaining)
[2026-04-05 15:20:11] [SECURITY] BLOCKED 100.100.125.64 -> /api/analytics: IP temporarily banned (430s remaining)
[2026-04-05 15:20:11] [SECURITY] BLOCKED 100.100.125.64 -> /api/status: IP temporarily banned (429s remaining)
[2026-04-05 15:20:11] [SECURITY] BLOCKED 100.100.125.64 -> /api/analytics: IP temporarily banned (429s remaining)
[2026-04-05 15:20:14] [SECURITY] BLOCKED 100.100.125.64 -> /marketing-entzauberer/api/events: IP temporarily banned (427s remaining)
[2026-04-05 15:20:16] [SECURITY] BLOCKED 100.100.125.64 -> /api/status: IP temporarily banned (425s remaining)
[2026-04-05 15:20:16] [SECURITY] BLOCKED 100.100.125.64 -> /api/analytics: IP temporarily banned (425s remaining)
[2026-04-05 15:20:16] [SECURITY] BLOCKED 100.100.125.64 -> /api/status: IP temporarily banned (424s remaining)
[2026-04-05 15:20:16] [SECURITY] BLOCKED 100.100.125.64 -> /api/analytics: IP temporarily banned (424s remaining)
[2026-04-05 15:20:21] [SECURITY] BLOCKED 100.100.125.64 -> /api/status: IP temporarily banned (420s remaining)
[2026-04-05 15:20:21] [SECURITY] BLOCKED 100.100.125.64 -> /api/analytics: IP temporarily banned (420s remaining)
[2026-04-05 15:20:21] [SECURITY] BLOCKED 100.100.125.64 -> /api/status: IP temporarily banned (419s remaining)
[2026-04-05 15:20:21] [SECURITY] BLOCKED 100.100.125.64 -> /api/analytics: IP temporarily banned (419s remaining)
[2026-04-05 15:20:25] [SECURITY] BLOCKED 100.100.125.64 -> /marketing-entzauberer/api/events: IP temporarily banned (416s remaining)
[2026-04-05 15:20:26] [SECURITY] BLOCKED 100.100.125.64 -> /api/status: IP temporarily banned (415s remaining)
[2026-04-05 15:20:26] [SECURITY] BLOCKED 100.100.125.64 -> /api/analytics: IP temporarily banned (415s remaining)
[2026-04-05 15:20:26] [SECURITY] BLOCKED 100.100.125.64 -> /api/status: IP temporarily banned (414s remaining)
[2026-04-05 15:20:26] [SECURITY] BLOCKED 100.100.125.64 -> /api/analytics: IP temporarily banned (414s remaining)
[2026-04-05 15:20:31] [SECURITY] BLOCKED 100.100.125.64 -> /api/analytics: IP temporarily banned (410s remaining)
[2026-04-05 15:20:31] [SECURITY] BLOCKED 100.100.125.64 -> /api/status: IP temporarily banned (410s remaining)
[2026-04-05 15:20:31] [SECURITY] BLOCKED 100.100.125.64 -> /api/status: IP temporarily banned (409s remaining)
[2026-04-05 15:20:31] [SECURITY] BLOCKED 100.100.125.64 -> /api/analytics: IP temporarily banned (409s remaining)
[2026-04-05 15:20:36] [SECURITY] BLOCKED 100.100.125.64 -> /marketing-entzauberer/api/events: IP temporarily banned (405s remaining)
[2026-04-05 15:20:36] [SECURITY] BLOCKED 100.100.125.64 -> /api/status: IP temporarily banned (405s remaining)
[2026-04-05 15:20:36] [SECURITY] BLOCKED 100.100.125.64 -> /api/analytics: IP temporarily banned (405s remaining)
[2026-04-05 15:20:36] [SECURITY] BLOCKED 100.100.125.64 -> /api/analytics: IP temporarily banned (404s remaining)
[2026-04-05 15:20:36] [SECURITY] BLOCKED 100.100.125.64 -> /api/status: IP temporarily banned (404s remaining)
[2026-04-05 15:20:41] [SECURITY] BLOCKED 100.100.125.64 -> /api/analytics: IP temporarily banned (400s remaining)
[2026-04-05 15:20:41] [SECURITY] BLOCKED 100.100.125.64 -> /api/status: IP temporarily banned (400s remaining)
[2026-04-05 15:20:41] [SECURITY] BLOCKED 100.100.125.64 -> /api/status: IP temporarily banned (399s remaining)
[2026-04-05 15:20:41] [SECURITY] BLOCKED 100.100.125.64 -> /api/analytics: IP temporarily banned (399s remaining)
[2026-04-05 15:20:46] [SECURITY] BLOCKED 100.100.125.64 -> /api/analytics: IP temporarily banned (395s remaining)
[2026-04-05 15:20:46] [SECURITY] BLOCKED 100.100.125.64 -> /api/status: IP temporarily banned (395s remaining)
[2026-04-05 15:20:46] [SECURITY] BLOCKED 100.100.125.64 -> /api/status: IP temporarily banned (394s remaining)
[2026-04-05 15:20:46] [SECURITY] BLOCKED 100.100.125.64 -> /api/analytics: IP temporarily banned (394s remaining)
[2026-04-05 15:20:47] [SECURITY] BLOCKED 100.100.125.64 -> /marketing-entzauberer/api/events: IP temporarily banned (394s remaining)
[2026-04-05 15:20:51] [SECURITY] BLOCKED 100.100.125.64 -> /api/status: IP temporarily banned (390s remaining)
[2026-04-05 15:20:51] [SECURITY] BLOCKED 100.100.125.64 -> /api/analytics: IP temporarily banned (390s remaining)
[2026-04-05 15:20:51] [SECURITY] BLOCKED 100.100.125.64 -> /api/status: IP temporarily banned (389s remaining)
[2026-04-05 15:20:51] [SECURITY] BLOCKED 100.100.125.64 -> /api/analytics: IP temporarily banned (389s remaining)
[2026-04-05 15:20:54] [SECURITY] BLOCKED 100.100.125.64 -> /api/status: IP temporarily banned (387s remaining)
[2026-04-05 15:20:54] [SECURITY] BLOCKED 100.100.125.64 -> /api/analytics: IP temporarily banned (386s remaining)
[2026-04-05 15:20:54] [SECURITY] BLOCKED 100.100.125.64 -> /api/status: IP temporarily banned (386s remaining)
[2026-04-05 15:20:54] [SECURITY] BLOCKED 100.100.125.64 -> /api/analytics: IP temporarily banned (386s remaining)
[2026-04-05 15:20:56] [SECURITY] BLOCKED 100.100.125.64 -> /api/status: IP temporarily banned (385s remaining)
[2026-04-05 15:20:56] [SECURITY] BLOCKED 100.100.125.64 -> /api/analytics: IP temporarily banned (385s remaining)
[2026-04-05 15:20:56] [SECURITY] BLOCKED 100.100.125.64 -> /api/status: IP temporarily banned (384s remaining)
[2026-04-05 15:20:56] [SECURITY] BLOCKED 100.100.125.64 -> /api/analytics: IP temporarily banned (384s remaining)
[2026-04-05 15:20:58] [SECURITY] BLOCKED 100.100.125.64 -> /marketing-entzauberer/api/events: IP temporarily banned (383s remaining)
[2026-04-05 15:21:01] [SECURITY] BLOCKED 100.100.125.64 -> /api/status: IP temporarily banned (380s remaining)
[2026-04-05 15:21:01] [SECURITY] BLOCKED 100.100.125.64 -> /api/analytics: IP temporarily banned (380s remaining)
[2026-04-05 15:21:01] [SECURITY] BLOCKED 100.100.125.64 -> /api/status: IP temporarily banned (379s remaining)
[2026-04-05 15:21:01] [SECURITY] BLOCKED 100.100.125.64 -> /api/analytics: IP temporarily banned (379s remaining)
[2026-04-05 15:21:06] [SECURITY] BLOCKED 100.100.125.64 -> /api/status: IP temporarily banned (375s remaining)
[2026-04-05 15:21:06] [SECURITY] BLOCKED 100.100.125.64 -> /api/analytics: IP temporarily banned (375s remaining)
[2026-04-05 15:21:06] [SECURITY] BLOCKED 100.100.125.64 -> /api/status: IP temporarily banned (374s remaining)
[2026-04-05 15:21:06] [SECURITY] BLOCKED 100.100.125.64 -> /api/analytics: IP temporarily banned (374s remaining)
[2026-04-05 15:21:09] [SECURITY] BLOCKED 100.100.125.64 -> /marketing-entzauberer/api/events: IP temporarily banned (372s remaining)
[2026-04-05 15:21:11] [SECURITY] BLOCKED 100.100.125.64 -> /api/status: IP temporarily banned (370s remaining)
[2026-04-05 15:21:11] [SECURITY] BLOCKED 100.100.125.64 -> /api/analytics: IP temporarily banned (370s remaining)
[2026-04-05 15:21:11] [SECURITY] BLOCKED 100.100.125.64 -> /api/status: IP temporarily banned (369s remaining)
[2026-04-05 15:21:11] [SECURITY] BLOCKED 100.100.125.64 -> /api/analytics: IP temporarily banned (369s remaining)
[2026-04-05 15:21:16] [SECURITY] BLOCKED 100.100.125.64 -> /api/status: IP temporarily banned (365s remaining)
[2026-04-05 15:21:16] [SECURITY] BLOCKED 100.100.125.64 -> /api/analytics: IP temporarily banned (365s remaining)
[2026-04-05 15:21:16] [SECURITY] BLOCKED 100.100.125.64 -> /api/status: IP temporarily banned (364s remaining)
[2026-04-05 15:21:16] [SECURITY] BLOCKED 100.100.125.64 -> /api/analytics: IP temporarily banned (364s remaining)
[2026-04-05 15:21:20] [SECURITY] BLOCKED 100.100.125.64 -> /marketing-entzauberer/api/events: IP temporarily banned (361s remaining)
[2026-04-05 15:21:21] [SECURITY] BLOCKED 100.100.125.64 -> /api/analytics: IP temporarily banned (360s remaining)
[2026-04-05 15:21:21] [SECURITY] BLOCKED 100.100.125.64 -> /api/status: IP temporarily banned (360s remaining)
[2026-04-05 15:21:21] [SECURITY] BLOCKED 100.100.125.64 -> /api/status: IP temporarily banned (359s remaining)
[2026-04-05 15:21:21] [SECURITY] BLOCKED 100.100.125.64 -> /api/analytics: IP temporarily banned (359s remaining)
[2026-04-05 15:21:26] [SECURITY] BLOCKED 100.100.125.64 -> /api/status: IP temporarily banned (355s remaining)
[2026-04-05 15:21:26] [SECURITY] BLOCKED 100.100.125.64 -> /api/analytics: IP temporarily banned (355s remaining)
[2026-04-05 15:21:26] [SECURITY] BLOCKED 100.100.125.64 -> /api/status: IP temporarily banned (354s remaining)
[2026-04-05 15:21:26] [SECURITY] BLOCKED 100.100.125.64 -> /api/analytics: IP temporarily banned (354s remaining)
[2026-04-05 15:21:31] [SECURITY] BLOCKED 100.100.125.64 -> /marketing-entzauberer/api/events: IP temporarily banned (350s remaining)
[2026-04-05 15:21:31] [SECURITY] BLOCKED 100.100.125.64 -> /api/status: IP temporarily banned (350s remaining)
[2026-04-05 15:21:31] [SECURITY] BLOCKED 100.100.125.64 -> /api/analytics: IP temporarily banned (350s remaining)
[2026-04-05 15:21:31] [SECURITY] BLOCKED 100.100.125.64 -> /api/analytics: IP temporarily banned (349s remaining)
[2026-04-05 15:21:31] [SECURITY] BLOCKED 100.100.125.64 -> /api/status: IP temporarily banned (349s remaining)
[2026-04-05 15:21:36] [SECURITY] BLOCKED 100.100.125.64 -> /api/analytics: IP temporarily banned (345s remaining)
[2026-04-05 15:21:36] [SECURITY] BLOCKED 100.100.125.64 -> /api/status: IP temporarily banned (345s remaining)
[2026-04-05 15:21:36] [SECURITY] BLOCKED 100.100.125.64 -> /api/status: IP temporarily banned (344s remaining)
[2026-04-05 15:21:36] [SECURITY] BLOCKED 100.100.125.64 -> /api/analytics: IP temporarily banned (344s remaining)
[2026-04-05 15:21:41] [SECURITY] BLOCKED 100.100.125.64 -> /api/analytics: IP temporarily banned (340s remaining)
[2026-04-05 15:21:41] [SECURITY] BLOCKED 100.100.125.64 -> /api/status: IP temporarily banned (340s remaining)
[2026-04-05 15:21:41] [SECURITY] BLOCKED 100.100.125.64 -> /api/status: IP temporarily banned (339s remaining)
[2026-04-05 15:21:41] [SECURITY] BLOCKED 100.100.125.64 -> /api/analytics: IP temporarily banned (339s remaining)
[2026-04-05 15:21:42] [SECURITY] BLOCKED 100.100.125.64 -> /marketing-entzauberer/api/events: IP temporarily banned (339s remaining)
[2026-04-05 15:21:46] [SECURITY] BLOCKED 100.100.125.64 -> /api/status: IP temporarily banned (335s remaining)
[2026-04-05 15:21:46] [SECURITY] BLOCKED 100.100.125.64 -> /api/analytics: IP temporarily banned (335s remaining)
[2026-04-05 15:21:46] [SECURITY] BLOCKED 100.100.125.64 -> /api/status: IP temporarily banned (334s remaining)
[2026-04-05 15:21:46] [SECURITY] BLOCKED 100.100.125.64 -> /api/analytics: IP temporarily banned (334s remaining)
[2026-04-05 15:21:46] [SECURITY] BLOCKED 100.100.125.64 -> /index.html: IP temporarily banned (334s remaining)
[2026-04-05 15:21:47] [SECURITY] BLOCKED 100.100.125.64 -> /favicon.ico: IP temporarily banned (334s remaining)
[2026-04-05 15:21:48] [SECURITY] BLOCKED 100.100.125.64 -> /index.html: IP temporarily banned (332s remaining)
[2026-04-05 15:21:48] [SECURITY] BLOCKED 100.100.125.64 -> /favicon.ico: IP temporarily banned (332s remaining)
[2026-04-05 15:21:48] [SECURITY] BLOCKED 100.100.125.64 -> /sw.js: IP temporarily banned (332s remaining)
[2026-04-05 15:21:50] [SECURITY] BLOCKED 100.100.125.64 -> /sw.js: IP temporarily banned (331s remaining)
[2026-04-05 15:21:51] [SECURITY] BLOCKED 100.100.125.64 -> /api/status: IP temporarily banned (329s remaining)
[2026-04-05 15:21:51] [SECURITY] BLOCKED 100.100.125.64 -> /api/analytics: IP temporarily banned (329s remaining)
[2026-04-05 15:21:53] [SECURITY] BLOCKED 100.100.125.64 -> /marketing-entzauberer/api/events: IP temporarily banned (328s remaining)
[2026-04-05 15:21:54] [SECURITY] BLOCKED 100.100.125.64 -> /api/status: IP temporarily banned (327s remaining)
[2026-04-05 15:21:54] [SECURITY] BLOCKED 100.100.125.64 -> /api/analytics: IP temporarily banned (327s remaining)
[2026-04-05 15:21:54] [SECURITY] BLOCKED 100.100.125.64 -> /api/status: IP temporarily banned (327s remaining)
[2026-04-05 15:21:54] [SECURITY] BLOCKED 100.100.125.64 -> /api/analytics: IP temporarily banned (327s remaining)
[2026-04-05 15:21:55] [SECURITY] BLOCKED 100.100.125.64 -> /index.html: IP temporarily banned (326s remaining)
[2026-04-05 15:21:55] [SECURITY] BLOCKED 100.100.125.64 -> /favicon.ico: IP temporarily banned (325s remaining)
[2026-04-05 15:21:57] [SECURITY] BLOCKED 100.100.125.64 -> /sw.js: IP temporarily banned (324s remaining)
[2026-04-05 15:22:04] [SECURITY] BLOCKED 100.100.125.64 -> /marketing-entzauberer/api/events: IP temporarily banned (317s remaining)
[2026-04-05 15:22:15] [SECURITY] BLOCKED 100.100.125.64 -> /marketing-entzauberer/api/events: IP temporarily banned (306s remaining)
[2026-04-05 15:22:26] [SECURITY] BLOCKED 100.100.125.64 -> /marketing-entzauberer/api/events: IP temporarily banned (295s remaining)
[2026-04-05 15:22:37] [SECURITY] BLOCKED 100.100.125.64 -> /marketing-entzauberer/api/events: IP temporarily banned (284s remaining)
[2026-04-05 15:22:48] [SECURITY] BLOCKED 100.100.125.64 -> /marketing-entzauberer/api/events: IP temporarily banned (273s remaining)
[2026-04-05 15:22:54] [SECURITY] BLOCKED 100.100.125.64 -> /api/status: IP temporarily banned (267s remaining)
[2026-04-05 15:22:54] [SECURITY] BLOCKED 100.100.125.64 -> /api/analytics: IP temporarily banned (267s remaining)
[2026-04-05 15:22:54] [SECURITY] BLOCKED 100.100.125.64 -> /api/status: IP temporarily banned (267s remaining)
[2026-04-05 15:22:54] [SECURITY] BLOCKED 100.100.125.64 -> /api/analytics: IP temporarily banned (267s remaining)
[2026-04-05 15:22:59] [SECURITY] BLOCKED 100.100.125.64 -> /marketing-entzauberer/api/events: IP temporarily banned (262s remaining)
[2026-04-05 15:23:10] [SECURITY] BLOCKED 100.100.125.64 -> /marketing-entzauberer/api/events: IP temporarily banned (251s remaining)
[2026-04-05 15:23:21] [SECURITY] BLOCKED 100.100.125.64 -> /marketing-entzauberer/api/events: IP temporarily banned (240s remaining)
[2026-04-05 15:23:32] [SECURITY] BLOCKED 100.100.125.64 -> /marketing-entzauberer/api/events: IP temporarily banned (229s remaining)
[2026-04-05 15:23:43] [SECURITY] BLOCKED 100.100.125.64 -> /marketing-entzauberer/api/events: IP temporarily banned (218s remaining)
[2026-04-05 15:23:54] [SECURITY] BLOCKED 100.100.125.64 -> /api/status: IP temporarily banned (206s remaining)
[2026-04-05 15:23:54] [SECURITY] BLOCKED 100.100.125.64 -> /marketing-entzauberer/api/events: IP temporarily banned (206s remaining)
[2026-04-05 15:23:54] [SECURITY] BLOCKED 100.100.125.64 -> /api/analytics: IP temporarily banned (206s remaining)
[2026-04-05 15:23:54] [SECURITY] BLOCKED 100.100.125.64 -> /api/status: IP temporarily banned (206s remaining)
[2026-04-05 15:23:54] [SECURITY] BLOCKED 100.100.125.64 -> /api/analytics: IP temporarily banned (206s remaining)
[2026-04-05 15:24:05] [SECURITY] BLOCKED 100.100.125.64 -> /marketing-entzauberer/api/events: IP temporarily banned (195s remaining)
[2026-04-05 15:24:16] [SECURITY] BLOCKED 100.100.125.64 -> /marketing-entzauberer/api/events: IP temporarily banned (185s remaining)
[2026-04-05 15:24:27] [SECURITY] BLOCKED 100.100.125.64 -> /marketing-entzauberer/api/events: IP temporarily banned (174s remaining)
[2026-04-05 15:24:38] [SECURITY] BLOCKED 100.100.125.64 -> /marketing-entzauberer/api/events: IP temporarily banned (163s remaining)
[2026-04-05 15:24:49] [SECURITY] BLOCKED 100.100.125.64 -> /marketing-entzauberer/api/events: IP temporarily banned (152s remaining)
[2026-04-05 15:24:54] [SECURITY] BLOCKED 100.100.125.64 -> /api/status: IP temporarily banned (147s remaining)
[2026-04-05 15:24:54] [SECURITY] BLOCKED 100.100.125.64 -> /api/analytics: IP temporarily banned (147s remaining)
[2026-04-05 15:24:54] [SECURITY] BLOCKED 100.100.125.64 -> /api/status: IP temporarily banned (147s remaining)
[2026-04-05 15:24:54] [SECURITY] BLOCKED 100.100.125.64 -> /api/analytics: IP temporarily banned (147s remaining)
[2026-04-05 15:25:00] [SECURITY] BLOCKED 100.100.125.64 -> /marketing-entzauberer/api/events: IP temporarily banned (141s remaining)
[2026-04-05 15:25:11] [SECURITY] BLOCKED 100.100.125.64 -> /marketing-entzauberer/api/events: IP temporarily banned (130s remaining)
[2026-04-05 15:25:22] [SECURITY] BLOCKED 100.100.125.64 -> /marketing-entzauberer/api/events: IP temporarily banned (119s remaining)
[2026-04-05 15:25:33] [SECURITY] BLOCKED 100.100.125.64 -> /marketing-entzauberer/api/events: IP temporarily banned (108s remaining)
[2026-04-05 15:25:44] [SECURITY] BLOCKED 100.100.125.64 -> /marketing-entzauberer/api/events: IP temporarily banned (97s remaining)
[2026-04-05 15:25:54] [SECURITY] BLOCKED 100.100.125.64 -> /api/status: IP temporarily banned (87s remaining)
[2026-04-05 15:25:54] [SECURITY] BLOCKED 100.100.125.64 -> /api/analytics: IP temporarily banned (87s remaining)
[2026-04-05 15:25:54] [SECURITY] BLOCKED 100.100.125.64 -> /api/status: IP temporarily banned (87s remaining)
[2026-04-05 15:25:54] [SECURITY] BLOCKED 100.100.125.64 -> /api/analytics: IP temporarily banned (87s remaining)
[2026-04-05 15:25:55] [SECURITY] BLOCKED 100.100.125.64 -> /marketing-entzauberer/api/events: IP temporarily banned (86s remaining)
[2026-04-05 15:26:06] [SECURITY] BLOCKED 100.100.125.64 -> /marketing-entzauberer/api/events: IP temporarily banned (75s remaining)
[2026-04-05 15:26:17] [SECURITY] BLOCKED 100.100.125.64 -> /marketing-entzauberer/api/events: IP temporarily banned (64s remaining)
[2026-04-05 15:26:28] [SECURITY] BLOCKED 100.100.125.64 -> /marketing-entzauberer/api/events: IP temporarily banned (53s remaining)
[2026-04-05 15:26:39] [SECURITY] BLOCKED 100.100.125.64 -> /marketing-entzauberer/api/events: IP temporarily banned (42s remaining)
[2026-04-05 15:26:50] [SECURITY] BLOCKED 100.100.125.64 -> /marketing-entzauberer/api/events: IP temporarily banned (31s remaining)
[2026-04-05 15:26:54] [SECURITY] BLOCKED 100.100.125.64 -> /api/status: IP temporarily banned (27s remaining)
[2026-04-05 15:26:54] [SECURITY] BLOCKED 100.100.125.64 -> /api/analytics: IP temporarily banned (27s remaining)
[2026-04-05 15:26:54] [SECURITY] BLOCKED 100.100.125.64 -> /api/status: IP temporarily banned (27s remaining)
[2026-04-05 15:26:54] [SECURITY] BLOCKED 100.100.125.64 -> /api/analytics: IP temporarily banned (27s remaining)
[2026-04-05 15:27:01] [SECURITY] BLOCKED 100.100.125.64 -> /marketing-entzauberer/api/events: IP temporarily banned (20s remaining)
[2026-04-05 15:27:12] [SECURITY] BLOCKED 100.100.125.64 -> /marketing-entzauberer/api/events: IP temporarily banned (9s remaining)
[2026-04-05 15:27:23] [PROXY_REQ] GET marketing-entzauberer/api/events q=
[2026-04-05 15:27:34] [PROXY_REQ] GET marketing-entzauberer/api/events q=
[2026-04-05 15:27:45] [PROXY_REQ] GET marketing-entzauberer/api/events q=
[2026-04-05 15:27:56] [PROXY_REQ] GET marketing-entzauberer/api/events q=
[2026-04-05 15:28:07] [PROXY_REQ] GET marketing-entzauberer/api/events q=
[2026-04-05 15:28:18] [PROXY_REQ] GET marketing-entzauberer/api/events q=
[2026-04-05 15:28:29] [PROXY_REQ] GET marketing-entzauberer/api/events q=
[2026-04-05 15:28:40] [PROXY_REQ] GET marketing-entzauberer/api/events q=
[2026-04-05 15:28:51] [PROXY_REQ] GET marketing-entzauberer/api/events q=
[2026-04-05 15:29:02] [PROXY_REQ] GET marketing-entzauberer/api/events q=
[2026-04-05 15:29:13] [PROXY_REQ] GET marketing-entzauberer/api/events q=
[2026-04-05 15:29:24] [PROXY_REQ] GET marketing-entzauberer/api/events q=
[2026-04-05 15:29:35] [PROXY_REQ] GET marketing-entzauberer/api/events q=
